tic,datadate,gsector,adj_close_q,trade_price,filing_date,accepted_date,pe,ps,pb,peg,ev_multiple,EPS,roe,gross_margin,operating_margin,fcf_per_share,cash_per_share,capex_per_share,fcf_to_ocf,ocf_ratio,debt_ratio,debt_to_equity,debt_to_mktcap,cur_ratio,acc_rec_turnover,asset_turnover,payables_turnover,interest_coverage,debt_service_coverage,dividend_yield,solvency_ratio,BPS,y_return,ret_1q,ret_4q,eps_chg,roe_chg,gm_chg,om_chg,ret_accel,bucket,data_vintage,original_datadate,sector_Basic Materials,sector_Communication Services,sector_Consumer Cyclical,sector_Consumer Defensive,sector_Energy,sector_Financial Services,sector_Healthcare,sector_Industrials,sector_Real Estate,sector_Technology,sector_Utilities,tradedate,predicted_return,best_model,pred_RF,pred_XGB,pred_LGBM,pred_HistGBM,pred_ExtraTrees,pred_Ridge,pred_Stacking,pred_ensemble_avg,rank_best,rank_ensemble
WDAY,mixed,Technology,186.75,186.75,2026-03-06,2026-03-06,236.2181818181818,18.1229766943128,5.879228313901345,-1.879008971573276,133.53844041551247,0.55,0.0185778347213324,0.7586887835703001,0.1200631911532385,4.661790540928454,20.832615693163856,0.2296448542329287,0.9530516431924884,0.2003762935089369,0.5681642137877614,1.315695067264574,0.0679271774605742,1.321574161179053,1.085763293310463,0.1400907380767954,4.302816901408451,10.857142857142858,1.5316455696202531,0.0,0.0235660726458272,29.63050138376909,,0.43095567380159366,-0.18410590239853197,0.0,0.0,0.0,0.0,0.32512160904057463,growth_tech,2026-10-02,2026-10-02,False,False,False,False,False,False,False,False,False,True,False,,0.13072196330997468,Ridge,0.12724022631899432,0.010524025,0.016233309059618874,0.05215569790086237,0.15550890133977244,0.13072196330997468,0.07902585779384298,0.082667300298071,1,8
DDOG,mixed,Technology,276.4599914550781,276.4599914550781,2026-02-18,2026-02-18,1046.076923076923,50.06095619569574,12.785415135177429,7.591622605954074,392.80539677707253,0.13,0.0124770712013216,0.8039286860806929,0.0098154205754547,0.9067661844670156,12.752744434184878,0.0253411306042884,0.9728130761398972,0.2055226809584762,0.4382459913267078,0.7801386097123256,0.0268035181304495,3.382101682731128,1.285907007239006,0.1434702560746459,1.2560840373409683,3.5984615384615384,0.9005694679406229,0.0,0.0281319312359572,10.210786942295275,,0.43095567380159366,0.08978806040482157,0.0,0.0,0.0,0.0,0.32512160904057463,growth_tech,2026-10-02,2026-10-02,False,False,False,False,False,False,False,False,False,True,False,,0.09387703400174072,Ridge,0.07917766771538766,-0.05121694,0.06759067914420515,0.05368000839694433,0.14371852244529446,0.09387703400174072,0.061619617142384196,0.06463519547992085,2,10
SATS,mixed,Technology,108.7,,2026-03-02,2026-03-02,-26.00478468899522,8.235197314867648,5.4217994118406105,0.0086369647597797,-119.60118186265674,-3.7645,-0.9137134052388288,0.6218875905094133,-0.2054078304242292,-2.028658954271547,7.159216798973535,0.5497359078407033,1.3717136663516112,-0.0344016489289896,0.8648886452606224,6.452610260807551,0.8594345049484029,0.4151902479403149,2.9799560230451174,0.0882458311495709,2.64962913462284,-1.3458628058147524,-1.0464892678426518,0.0,-0.048993395475977634,20.04869449109667,,0.02248770203794792,0.08978806040482157,0.0,0.0,0.0,0.0,4.068693674252888e-05,growth_tech,2026-10-02,2026-10-02,False,False,False,False,False,False,False,False,False,True,False,,0.09175150813659558,Ridge,0.07066875948619422,0.117118575,0.1005851897073865,0.14995405288050537,0.07997405797169861,0.09175150813659558,0.05510241738525941,0.09449855092000745,3,5
ORCL,mixed,Technology,138.07000732421875,138.07000732421875,2026-03-11,2026-03-11,114.9296875,24.148749272833044,10.783660215612418,-0.689239351367047,65.68657808118981,1.28,0.0966619041433952,0.6215823152995927,0.3279232111692844,-4.022416812609457,13.70647985989492,6.505508236846493,-1.6059292406656411,0.1755406632790829,0.8407641494046648,5.356254058968697,0.3460542449478099,1.3470309546603825,1.603694374475231,0.0700946012069809,0.6866160016888326,4.777118644067796,0.5212440988614274,0.0034616746603969,0.0304914423174854,13.210363761153054,,-0.29651158279188033,-0.38717262616858084,0.0,0.0,0.0,0.0,-0.19971842624973513,growth_tech,2026-10-02,2026-10-02,False,False,False,False,False,False,False,False,False,True,False,,0.08630577591366614,Ridge,0.04896613670775118,0.067845106,0.023161199574308285,0.025223737691556412,0.1214779817961227,0.08630577591366614,0.05237228207302128,0.06136555169375375,4,11
ANET,mixed,Technology,204.49000549316406,204.49000549316406,2026-02-17,2026-02-13,172.4078947368421,66.24709944529303,13.32278679115638,3.6641583987235817,154.25370275646492,0.76,0.0772644598035649,0.6285875070343275,0.4151861082080553,0.9738432183176976,8.541103514072189,0.0294164414056288,0.970679134638244,0.2347065935087882,0.3639387925094865,0.5721757406733762,0.0,3.0478936110852786,1.318458847845673,0.1279166623818681,1.4178302900107411,0.0,0.0,0.0,0.1382574419688899,9.696269007681456,,0.43095567380159366,1.0930483982474672,0.0,0.0,0.0,0.0,0.15769357423972685,growth_tech,2026-10-02,2026-10-02,False,False,False,False,False,False,False,False,False,True,False,,0.08351608933942833,Ridge,0.03649577674747808,-0.08340375,-0.07050902691085965,-0.04947365980264973,0.015645251052584293,0.08351608933942833,0.04203225303173853,-0.0024432336527402303,5,74
INTC,mixed,Technology,120.0,120.0,2026-01-23,2026-01-22,-307.5,12.85557993271903,1.538201450809846,0.6561182442520156,57.0469298245614,-0.12,-0.005171463322862,0.3614889571449466,0.0402223197308761,0.1647446457990115,7.70510708401977,0.7182866556836903,0.1865671641791045,0.1358036421219319,0.4023525627988591,0.7443844558588042,0.2650079186652953,2.017038796516231,3.561865069028393,0.0646741932279867,0.8835256021048371,1.9434628975265016,1.0700934579439252,0.0,0.0286355781777145,23.53397858319605,,0.43095567380159366,1.0930483982474672,0.0,0.0,0.0,0.0,0.15769357423972685,growth_tech,2026-10-02,2026-10-02,False,False,False,False,False,False,False,False,False,True,False,,0.08063524114757226,Ridge,0.07548760454976616,-0.020243647,-0.03699532760293878,-0.11029307876104197,0.04212636005343378,0.08063524114757226,0.05162128621150256,0.013187464145000183,6,56
MSFT,mixed,Technology,512.7999877929688,512.7999877929688,2026-01-28,2026-01-28,93.36293436293435,44.21862389723525,9.194193079629038,0.6009601258067465,63.47133413544173,5.18,0.0983895107131435,0.6803612515841669,0.4709436098089156,0.7915489167003095,12.03821827479478,4.020454851298614,0.1644946585379495,0.2750509595784777,0.4124848565012581,0.7020837863767189,0.0112032449218611,1.3860236144763662,1.4375696471212522,0.1221595606205903,0.6959387055293613,52.00407608695652,8.683294455410012,0.0018815841776768,0.1736563822072901,52.39611260053619,,0.2866641269425887,0.1100287633243906,0.0,0.0,0.0,0.0,0.25915693611149104,growth_tech,2026-10-02,2026-10-02,False,False,False,False,False,False,False,False,False,True,False,,0.07623559844382992,Ridge,0.028083665654220474,0.036971115,0.08115361602375086,0.02746587227983945,0.07145759590663202,0.07623559844382992,0.0427823393261997,0.05211557016561048,7,17
NOW,mixed,Technology,137.75999450683594,137.75999450683594,2026-01-29,2026-01-28,392.79487179487177,44.608859304932736,12.27741514964517,-5.292249709060685,210.67916334661356,0.39,0.0309318111693921,0.7662556053811659,0.1241591928251121,1.9249278152069296,6.048123195380173,0.2290664100096246,0.8936550491510277,0.2143062338408503,0.5021122974114756,1.0084850354828756,0.0150975962528306,0.9461840467298668,1.3582032736962315,0.1370304938935402,4.088235294117647,0.0,5.473214285714286,0.0,0.0468869512008566,12.38204393505253,,0.259001960398793,-0.31943486559215517,0.0,0.0,0.0,0.0,0.32512160904057463,growth_tech,2026-10-02,2026-10-02,False,False,False,False,False,False,False,False,False,True,False,,0.0741340042209421,Ridge,0.068744620146847,0.05823321,0.05222728316868864,-0.008315454407818978,0.119552078006633,0.0741340042209421,0.05433289218485173,0.06045659193873306,8,12
PANW,mixed,Technology,396.25,396.25,2026-02-18,2026-02-17,262.8196721311475,47.41486121819584,13.094235068668157,2.906401114004629,190.42835463258783,0.61,0.0459916959437879,0.735929067077872,0.1542020046260601,0.9179856115107914,6.526618705035971,0.1208633093525179,1.151624548736462,0.0691721812960419,0.62396412986909,1.659320770786756,0.0030245340936947,1.0449494318891248,1.225897920604915,0.1038472316746066,2.614503816793893,0.0,0.0,0.0,0.042217374566919,13.173913043478262,,0.43095567380159366,1.0798341381482257,0.0,0.0,0.0,0.0,0.16099713926453724,growth_tech,2026-10-02,2026-10-02,False,False,False,False,False,False,False,False,False,True,False,,0.07119645968249828,Ridge,0.007636964312183954,-0.02391264,-0.06473956102562353,-0.07272922160835141,0.031040634193823618,0.07119645968249828,0.034811489608652026,-0.0012086081468019975,9,73
AMD,mixed,Technology,615.72998046875,615.72998046875,2026-02-04,2026-02-03,230.2795698924731,34.12207400194742,5.56252797663455,2.5920661424066638,122.1134917860888,0.93,0.0239845076905982,0.5430379746835443,0.1706913339824732,1.4588957055214724,6.47361963190184,0.1361963190184049,0.9146153846153846,0.2749867794817557,0.1810441203234277,0.2210670010635089,0.0109778254774012,2.850026441036489,1.6262866191607284,0.1335049268127811,1.602253328781154,48.69444444444444,2.643956043956044,0.0,0.1624183241186185,38.20436628259552,,0.43095567380159366,1.0930483982474672,0.0,0.0,0.0,0.0,0.15769357423972685,growth_tech,2026-10-02,2026-10-02,False,False,False,False,False,False,False,False,False,True,False,,0.06937092440038013,Ridge,0.10282122598851495,0.024544857,-0.012022326419702922,0.01011728899143579,0.016795572109932783,0.06937092440038013,0.053751038882710746,0.038489627359281,10,22
TXN,mixed,Technology,281.30999755859375,281.30999755859375,2026-02-06,2026-02-06,136.60629921259843,35.65507800135654,9.69104713328827,-2.21086409772328,82.06203381642511,1.27,0.0714680759540342,0.5588966764639385,0.3330318788152837,1.462046204620462,5.36963696369637,1.0176017601760177,0.5896184560780834,0.713516935739158,0.5294780974410872,1.12529957598476,0.0937144841350236,4.352643241532131,2.253183902190525,0.1278878126355356,2.5806878306878307,10.4468085106383,2.448684210526316,0.0081799637684674,0.0939274792485801,17.823658269441403,,0.34072060603657306,0.527115778506019,0.0,0.0,0.0,0.0,0.2089416614100683,growth_tech,2026-10-02,2026-10-02,False,False,False,False,False,False,False,False,False,True,False,,0.06921425816500372,Ridge,0.02995715178970807,0.078901894,0.06743836357139134,0.05830704586778064,0.0493431383172356,0.06921425816500372,0.04045685845662234,0.056085581193148465,11,14
SMCI,mixed,Technology,41.91999816894531,41.91999816894531,2026-02-06,2026-02-06,43.6865671641791,1.3773907491832638,2.4983850549519704,0.0782750299385558,33.9548250764049,0.67,0.0572887786997024,0.0629661002716264,0.0373978581967848,-0.0755997681019547,6.854871031845768,0.035557141756058,1.8879822579295336,-0.0015521499790734,0.7502937509664623,3.004775161380518,0.279232181945463,1.696765113685341,1.152455656891558,0.4529200642391633,0.8640838460440535,18.704077608644216,1.934659716290824,0.0,0.0196853004076787,10.372862975248788,,0.3169964866146815,0.01747568371226471,0.0,0.0,0.0,0.0,0.3126275656866153,growth_tech,2026-10-02,2026-10-02,False,False,False,False,False,False,False,False,False,True,False,,0.06797581478551348,Ridge,0.1147083025493232,0.074979804,0.11253697650525761,0.057997566546420354,0.11902599075287709,0.06797581478551348,0.06299602567322007,0.08720812270951565,12,7
ZBRA,mixed,Technology,375.45001220703125,375.45001220703125,2026-02-12,2026-02-12,174.69064748201438,8.290403571416949,3.408122984347826,-1.4484766120834285,53.09375540156584,1.39,0.0195094760312151,0.4461016949152542,0.1505084745762711,6.493285743969306,2.482142868489796,0.595714288437551,0.9159663865546218,0.1927645788336933,0.5779816513761468,1.3695652173913044,0.2174456103225226,0.9697624190064796,1.7728365384615383,0.1734885909197835,1.1755395683453238,6.0,1.4213483146067416,0.0,0.0262515262515262,70.83602341095038,,0.43095567380159366,0.31294590924266075,0.0,0.0,0.0,0.0,0.32512160904057463,growth_tech,2026-10-02,2026-10-02,False,False,False,False,False,False,False,False,False,True,False,,0.06775727203629016,Ridge,0.1533319622654714,0.0927589,0.1865746877937991,0.18731467194550872,0.22031730693773885,0.06775727203629016,0.07806250960606884,0.14031387823167146,13,2
HPE,mixed,Technology,64.58000183105469,64.58000183105469,2026-03-10,2026-03-10,74.40625,3.086515428448554,1.1587825946556876,0.090805291005291,58.23006402048656,0.32,0.0167110680552191,0.3591011719169982,0.0965487581980432,0.4565217391304347,3.628935532233883,0.4265367316341829,0.5169779286926995,0.0483639200229913,0.6730281913208742,2.0583676434972147,0.752795070866054,1.0347333415445252,1.8862299736361792,0.1227563087319184,0.711421410669531,16.62962962962963,0.1924242424242424,0.0010101826410214,0.0142173589049692,18.26991150442478,,0.38154824984507196,1.0930483982474672,0.0,0.0,0.0,0.0,0.10828615028320515,growth_tech,2026-10-02,2026-10-02,False,False,False,False,False,False,False,False,False,True,False,,0.06747711792063041,Ridge,0.004623175870200589,-0.10490575,-0.1214536204321091,-0.07309955978815101,0.056641859311954736,0.06747711792063041,0.035269217387540644,-0.017719348999177133,14,95
TER,mixed,Technology,415.7900085449219,415.7900085449219,2026-02-19,2026-02-19,118.02439024390245,27.94615776992755,10.8289672045303,0.247966044456326,93.20143856328056,1.64,0.0920038687265537,0.5749328233042904,0.2863199539940018,1.3985499769838632,2.058652788788584,0.4020663376211544,0.7767062647796107,0.2556021131522034,0.3295965497368137,0.4916391010361434,0.0093555078969511,1.7569856814970308,1.4004436590495717,0.2597772845579818,1.7106859594702528,85.5671724137931,1.3287152692126567,0.0006189573557347,0.2129005362673435,17.73380441608363,,0.27609492233656163,1.0930483982474672,0.0,0.0,0.0,0.0,0.002832822774694821,growth_tech,2026-10-02,2026-10-02,False,False,False,False,False,False,False,False,False,True,False,,0.060740087408347354,Ridge,0.016350213087620444,-0.011276023,-0.054419299616955914,-0.05846617173426548,0.02592245804247081,0.060740087408347354,0.03450095016738705,0.002901958527907704,15,68
LRCX,mixed,Technology,340.1000061035156,340.1000061035156,2026-01-29,2026-01-29,134.78740157480314,41.44873417314166,21.835930927888096,14.361366191821732,110.86082741388093,1.27,0.1571145460032925,0.4960272534510704,0.3386854602920862,1.321926470109578,4.906470125455384,0.146962134750022,1.1250779537108668,0.2382115811408474,0.5257189987401811,1.108454686870714,0.0202394728389511,2.2561850641695127,1.53058731318301,0.2498596734138584,2.6229739506902567,42.6210915426634,2.1851086910121813,0.0014783544996432,0.1509832385493357,8.016766150991762,,0.43095567380159366,1.0930483982474672,0.0,0.0,0.0,0.0,0.15769357423972685,growth_tech,2026-10-02,2026-10-02,False,False,False,False,False,False,False,False,False,True,False,,0.05939601923087573,Ridge,0.15216161879659085,0.21174747,0.08284014121761651,0.07606455993384428,0.09006937095702855,0.05939601923087573,0.06749487364900755,0.1055266398248968,16,3
GEN,mixed,Technology,22.25,22.25,2026-02-06,2026-02-06,60.74193548387096,12.929879032258064,6.875235849056604,0.5103111979166666,41.64519230769231,0.31,0.0823327615780446,0.739516129032258,0.3580645161290323,0.8699186991869918,1.0065040650406505,0.0097560975609756,0.988909426987061,0.2012648809523809,0.8526940812330238,5.788593481989708,0.5243543804828151,0.4661458333333333,3.434903047091413,0.0783273324489924,3.891566265060241,3.240875912408759,1.206896551724138,0.0048025796713663,0.0235573005407808,3.7491961414791,,0.1480908152734779,-0.215444287729196,0.0,0.0,0.0,0.0,0.2019518872057769,growth_tech,2026-10-02,2026-10-02,False,False,False,False,False,False,False,False,False,True,False,,0.05931168219749221,Ridge,0.03723728627905389,0.019826442,-0.029245916184814452,-0.015057983018842857,0.032978899149906774,0.05931168219749221,0.03917207994063983,0.02128071022509,17,45
ON,mixed,Technology,80.08000183105469,80.08000183105469,2026-02-09,2026-02-09,120.33333333333331,14.184249395464349,2.828420627370232,-1.0445767326732671,51.242866681504566,0.45,0.0236925442769082,0.3491928625580027,0.1653486700215672,1.2110778443113772,6.3562874251497,0.1724051896207585,0.8753832281334536,0.4306127203541197,0.3858321156809671,0.629742092711089,0.1487975111641905,4.522093655354508,1.6015281557462844,0.122172451513482,1.7399965053293729,14.624277456647398,8.007736943907156,0.0,0.0820951119572865,19.073576932637334,,0.20457283139372273,0.7831218399255109,0.0,0.0,0.0,0.0,0.008792371412345013,growth_tech,2026-10-02,2026-10-02,False,False,False,False,False,False,False,False,False,True,False,,0.05701361476265015,Ridge,0.024733518355587347,0.02499768,0.03517212734228297,0.002135853624184595,0.035723939018510224,0.05701361476265015,0.03630343425096806,0.031116102888278797,18,30
HPQ,mixed,Technology,32.150001525878906,32.150001525878906,2026-02-25,2026-02-24,32.55932203389831,1.2468098074525558,5.283663046668623,-0.2699580804516584,25.227584789311408,0.59,0.159964778397417,0.1963568361268873,0.0525696079789444,0.161987041036717,3.4060475161987043,0.2516198704103671,0.391644908616188,0.0130761351997268,0.917972794029132,11.191077194012328,0.5387902301149241,0.7588255377261864,2.707801950487622,0.3476104490188997,0.6368276619099891,8.625,0.8925184404636459,0.0153876578762587,0.0199066302979437,3.655579399141631,,0.11989374719909551,0.11091919578019716,0.0,0.0,0.0,0.0,0.09216394825404622,growth_tech,2026-10-02,2026-10-02,False,False,False,False,False,False,False,False,False,True,False,,0.05695030123367881,Ridge,4.793790379222933e-05,0.01281283,0.00124880947952625,-0.012581801448047858,0.03959265492064784,0.05695030123367881,0.03131032825654711,0.018949939872568954,19,50
PLTR,mixed,Technology,190.0399932861328,190.0399932861328,2026-02-17,2026-02-17,683.6538461538461,69.93691086052125,57.43289481307568,5.8086757979614765,392.80539677707253,0.26,0.0823952779295403,0.8464844377531451,0.4090085171900523,0.3200895381632441,3.006841917395924,0.0055603409269916,0.982925400266308,0.6612007169221007,0.17159221306224293,0.191191249593219,0.0004324440914446,7.109823993412619,1.3500136747707676,0.1580606786757257,15.251229983516517,0.0,0.0,0.0,0.31358596093688235,2.870517432116688,,0.30908585304217695,0.43926077920427775,0.0,0.0,0.0,0.0,0.1992706582411075,growth_tech,2026-10-02,2026-10-02,False,False,False,False,False,False,False,False,False,True,False,,0.05646476098391376,Ridge,0.0351429420327411,0.1537775,0.012031742163401707,0.0137488811578111,0.07617913342797336,0.05646476098391376,0.04117483897636633,0.05578998174539778,20,15
FTNT,mixed,Technology,178.72000122070312,178.72000122070312,2026-02-25,2026-02-24,116.77941176470588,30.976152755905517,47.684501818181815,3.673520724308293,82.78475744925868,0.68,0.4088888888888889,0.7956955380577427,0.3283989501312336,0.7770152065670838,4.821020051137128,0.0575965549724128,0.9309900032247662,0.123202224870878,0.8808859199938398,7.395313131313132,0.0168837017981371,1.1720699245133095,1.1264191106906338,0.1833634928579678,1.6863084922010398,142.1818181818182,1.0908549890894663,0.0,0.0596064119234677,1.6544117647058822,,0.43095567380159366,0.744120242224096,0.0,0.0,0.0,0.0,0.24492561324556966,growth_tech,2026-10-02,2026-10-02,False,False,False,False,False,False,False,False,False,True,False,,0.055372680625195306,Ridge,0.13741618344638462,0.06498664,0.09709078659563421,0.07546027436618934,0.18770633383130103,0.055372680625195306,0.07031198175305323,0.0985965551430964,21,4
TRMB,mixed,Technology,57.529998779296875,57.529998779296875,2026-02-25,2026-02-25,98.83333333333331,19.174615384615382,3.186241389945512,0.7343470407340186,84.3708507909363,0.66,0.0268325280148041,0.7198391420911529,0.2229325634151371,-0.3074978938500421,1.067396798652064,0.9827295703454086,-0.4553961322520274,0.1066249833710256,0.3732603092783505,0.5955587539837566,0.0748674063923493,1.0854729280297992,1.1329439252336448,0.1041451890034364,1.6143790849673203,11.561497326203208,11.010695187165776,0.0,0.0538581046090108,24.337781484570478,,-0.010662135844864196,-0.2677867025671773,0.0,0.0,0.0,0.0,0.05628453979693013,growth_tech,2026-10-02,2026-10-02,False,False,False,False,False,False,False,False,False,True,False,,0.05395540088700637,Ridge,0.01768847835743946,0.004065622,0.022938842615935647,0.002995561722937566,0.028839729993817755,0.05395540088700637,0.03380722933286573,0.02375152255808864,22,42
VRSN,mixed,Technology,286.8999938964844,286.8999938964844,2026-02-05,2026-02-05,108.94618834080715,52.78292969668469,-10.420843004363569,-12.410951115421945,82.12240137221269,2.23,-0.0957199888589731,0.8847872090289207,0.6388028945699924,3.0854978354978355,6.282467532467533,0.0487012987012987,0.9844613259668508,0.2172380166529142,1.379180261464187,-1.6154953114845418,0.0796575997234569,0.4894606556147325,28.543624161073826,0.320763255147447,3.550724637681159,15.068783068783068,11.989417989417989,0.0031672381950216,0.0611764029769259,-23.263498920086395,,0.2580574167791465,0.04115253990595291,0.0,0.0,0.0,0.0,0.24776928180265828,growth_tech,2026-10-02,2026-10-02,False,False,False,False,False,False,False,False,False,True,False,,0.05278691191912775,Ridge,0.024351501415564393,0.016204024,0.06104243081359567,0.020184026612223342,0.04754723071743085,0.05278691191912775,0.03629424319379525,0.03698253326631974,23,24
MPWR,mixed,Technology,1360.969970703125,1360.969970703125,2026-02-27,2026-02-27,258.22222222222223,58.52357066118178,12.448056084997384,-11.44268160530398,191.90184862668588,3.51,0.0481767363812003,0.5515066797132416,0.2661714293321618,1.2761741783843965,25.90707599686611,0.8868294090965321,0.5900009531979792,0.284027993989685,0.17159221306224293,0.1876546971440157,9.39712095580466e-05,5.912314377377391,2.3798894894590434,0.1790937912528933,2.4364151816709096,0.0,44.50181554103123,0.0017019685131744,0.2774052288962459,71.8251098275301,,0.19113757522722707,1.0353692021402883,0.0,0.0,0.0,0.0,-0.06770472530784499,growth_tech,2026-10-02,2026-10-02,False,False,False,False,False,False,False,False,False,True,False,,0.05229021827687559,Ridge,0.021787753772997145,-0.027216747,-0.03300043612273401,-0.09281173984246854,0.03763710838921371,0.05229021827687559,0.03498851981500892,0.00018728437488894304,24,71
MCHP,mixed,Technology,78.5,78.5,2026-02-05,2026-02-05,984.853168469861,28.96949747048904,5.2371538320834095,-15.407275421063655,120.3524946695096,0.0647,0.0053197975733187,0.5960370994940978,0.1279089376053963,0.5914317507418397,0.4649480712166172,0.0417284866468842,0.9340949033391917,0.3222883035967148,0.5420473979965795,1.1836320956039266,0.1561798558604875,2.162371377324648,1.6219912472647702,0.0827894314334578,2.9831880448318806,2.713774597495528,5.320214669051879,0.0079719833246715,0.0266191034242958,12.026397800183318,,0.05638541246131079,0.30833333333333335,0.0,0.0,0.0,0.0,-0.020697920872022546,growth_tech,2026-10-02,2026-10-02,False,False,False,False,False,False,False,False,False,True,False,,0.04912247330933959,Ridge,0.06310266874549071,0.028636327,0.0494800695125922,0.054129840371155764,0.03963398323368931,0.04912247330933959,0.04335427040014411,0.046754040318571784,25,21
GRMN,mixed,Technology,282.4599914550781,282.4599914550781,2026-02-18,2026-02-18,73.76363636363637,18.601321609163488,4.405315064902296,0.5918916257629835,56.65175719178808,2.75,0.0589219536355494,0.5921348922683068,0.2890197674774289,2.233653606189169,14.23471425006239,0.6456045670077365,0.7757739917115848,0.3219547332639176,0.1838426279706984,0.2252538962107152,0.0041701904883815,3.632533773315172,1.6958735529901876,0.1932889738630479,2.494136572535274,0.0,0.0,0.0043758981285127,0.2844646863967978,46.3035551174804,,0.10699165799920873,0.3917713301555956,0.0,0.0,0.0,0.0,0.009048825460309828,growth_tech,2026-10-02,2026-10-02,False,False,False,False,False,False,False,False,False,True,False,,0.048689013383006664,Ridge,0.04596693387265599,0.09105321,0.03837151878078336,0.03617397658460497,0.03738977414069462,0.048689013383006664,0.03948502942621884,0.04815063628245661,26,20
AKAM,mixed,Technology,106.93000030517578,106.93000030517578,2026-02-20,2026-02-20,147.8813559322034,11.492744622398876,2.528150704458237,-0.9439401856507924,60.579160017101216,0.59,0.0170917538596178,0.545642024199205,0.1382202405307458,1.1224830818726426,8.227014921233637,1.4192852784557357,0.4416150186587521,0.3788911420769432,0.5664176142062954,1.3063667546582325,0.4510166611250376,2.2911170644887227,1.379562687578906,0.0953785757971741,3.9781374446239215,7.5718717166158,0.806404935501963,0.0,0.0411513083426839,33.8665782132408,,0.09514543532543818,0.4038335342677666,0.0,0.0,0.0,0.0,-0.005812948241503468,growth_tech,2026-10-02,2026-10-02,False,False,False,False,False,False,False,False,False,True,False,,0.0463417571105189,Ridge,0.024948398214140074,0.017097784,0.006352735045117763,-0.008125891133590288,0.02507629419180992,0.0463417571105189,0.0337731545034768,0.021147926231206322,27,48
CDNS,mixed,Technology,350.7300109863281,350.7300109863281,2026-02-19,2026-02-18,218.5874125874126,58.80466679721189,15.469971475185051,1.5626758117940278,142.3439165598352,1.43,0.0709030264070552,0.8689506525177868,0.3230473420854182,1.89150462491326,11.078077246755548,0.1514852873868686,0.9258511802274636,0.338468810749891,0.4608390422359646,0.8547337035439639,0.0292866220087996,2.855560875709583,1.5240285351752865,0.1418391616078087,0.2202540450204001,15.802479619565217,16.523403532608697,0.0,0.0976730547575992,20.05694092301379,,0.15615114381041706,0.19895399099691713,0.0,0.0,0.0,0.0,0.10641264606118778,growth_tech,2026-10-02,2026-10-02,False,False,False,False,False,False,False,False,False,True,False,,0.0454615320116991,Ridge,0.017266064456859055,-0.0051557194,-0.03966734338430576,-0.014712063868445254,0.02978519333273718,0.0454615320116991,0.03230866988376156,0.009978682222511933,28,60
GOOGL,mixed,Communication Services,338.239990234375,338.239990234375,2026-02-05,2026-02-04,109.82456140350877,33.17806595490623,9.099849493696796,-19.81003049267161,84.0430315696843,2.85,0.082971114830289,0.5981772845402824,0.3160953852637493,2.033545928932329,10.506336453242772,2.3068831276401887,0.4685126521888477,0.5100199523091148,0.3024050826416432,0.4334966828410774,0.0156902273681748,2.005333592875566,1.8111503355277805,0.1913314888262854,3.751311475409836,-13.650862068965514,-1.6732586147352595,0.0006711038202373,0.2249522264687583,33.960173372587505,,0.10348424322841909,1.0010648419474353,0.0,0.0,0.0,0.0,-0.14678196725843973,growth_tech,2026-10-02,2026-10-02,False,True,False,False,False,False,False,False,False,False,False,,0.04505128522572252,Ridge,0.12475162295587201,0.11256113,0.028711951474494634,-0.001001171639580434,0.041921683905115505,0.04505128522572252,0.05590400305584322,0.05860907080597916,29,13
GOOG,mixed,Communication Services,334.92999267578125,334.92999267578125,2026-02-05,2026-02-04,110.10526315789474,33.17806595490623,9.099849493696796,-19.81003049267161,84.0430315696843,2.85,0.082971114830289,0.5981772845402824,0.3160953852637493,2.033545928932329,10.506336453242772,2.3068831276401887,0.4685126521888477,0.5100199523091148,0.3024050826416432,0.4334966828410774,0.0156902273681748,2.005333592875566,1.8111503355277805,0.1913314888262854,3.751311475409836,-13.650862068965514,-1.6732586147352595,0.0006711038202373,0.2249522264687583,33.960173372587505,,0.09325627587080954,0.9658977089615615,0.0,0.0,0.0,0.0,-0.14821815136958083,growth_tech,2026-10-02,2026-10-02,False,True,False,False,False,False,False,False,False,False,False,,0.0443735822384856,Ridge,0.12885912103164318,0.11256113,0.05185941134841342,0.0756608689035988,0.04242707512612412,0.0443735822384856,0.056693696005350167,0.07306546632811511,30,9
FFIV,mixed,Technology,443.67999267578125,443.67999267578125,2026-02-05,2026-02-05,81.81410256410255,17.892237359644483,4.159027986605861,-3.745939389479459,56.63319638189655,3.12,0.0508876669462764,0.8154511134212398,0.2603685263202689,2.593078924544666,20.81065047701648,0.1686036426712922,0.93894894197009,0.0983440791936342,0.4376282844555716,0.7781833124944888,0.0181926303531205,1.5302393326901054,0.8173792662056684,0.1307225953250657,2.5022667699764254,0.0,6.229151448746044,0.0,0.0743312493780457,60.83254246613025,,0.43095567380159366,0.551220168784635,0.0,0.0,0.0,0.0,0.2931506316054349,growth_tech,2026-10-02,2026-10-02,False,False,False,False,False,False,False,False,False,True,False,,0.04378163403271676,Ridge,0.18658831257446784,0.057051577,0.053703031967249286,0.048160899052587865,0.1690560211239781,0.04378163403271676,0.07748051338063805,0.09142911647036855,31,6
NWS,mixed,Communication Services,31.450000762939453,31.450000762939453,2026-02-06,2026-02-06,87.1470588235294,7.274563812266948,1.952680914120792,0.3112394959563089,36.34735239337812,0.34,0.0224067333939945,0.5127118644067796,0.1529661016949152,0.2260913704436084,3.5397969525178694,0.1708629440757041,0.5695652173913044,0.0911974623314829,0.3899419729206963,0.6878980891719745,0.1702589122863065,1.8132434575733545,1.246040126715945,0.1521598968407479,2.7058823529411766,9.256410256410255,3.172661870503597,0.0033201361615872,0.0590277777777777,15.17401014458172,,0.19083683312909705,-0.0317117991705832,0.0,0.0,0.0,0.0,0.19876478292174285,growth_tech,2026-10-02,2026-10-02,False,True,False,False,False,False,False,False,False,False,False,,0.04274364307537329,Ridge,0.020674556693962655,0.02184703,0.005329300739705776,0.02382009483883989,0.03630486678608753,0.04274364307537329,0.03300549911163038,0.026472701184938413,32,37
XYZ,mixed,Technology,74.04000091552734,74.04000091552734,2026-02-26,2026-02-26,361.6111111111112,6.373616487734943,1.7947395934242945,-1.1417754816566057,47.14988405372712,0.18,0.0051492779904845,0.4625406118981946,0.0504379223725377,0.947009602396434,11.567088557974529,0.0672935419433133,0.9336553945249596,0.059800894798574,0.439445124078357,0.7827322734835152,0.1829072510909338,2.201065823355283,1.551365963618138,0.1580909194506674,11.140534143123306,5.863818077016046,0.4758174353427082,0.0,0.041379332169352,35.65016585372119,,0.14879753166062581,0.08978806040482157,0.0,0.0,0.0,0.0,0.12635051655942042,growth_tech,2026-10-02,2026-10-02,False,False,False,False,False,False,False,False,False,True,False,,0.04260062451469185,Ridge,0.0057683681270690335,0.034409054,-0.03847461662770265,0.0037522243850487275,0.027928538852572866,0.04260062451469185,0.029242853975389376,0.015495833200872913,33,54
NTAP,mixed,Technology,215.0500030517578,215.0500030517578,2026-02-26,2026-02-26,60.58579881656805,11.26045534150613,16.657305699481864,1.3806331773952116,40.22516765285996,1.69,0.2884283246977547,0.7057793345008757,0.2516053706946877,1.3686868686868687,15.227272727272728,0.2323232323232323,0.8548895899053628,0.0882025598219254,0.8838632032895397,7.610535405872193,0.1310062231844206,1.372565386755704,1.3036529680365296,0.1717982148229866,1.2203389830508475,16.576923076923077,6.08955223880597,0.0053397866988505,0.0433450584364007,5.79,,0.20035153443609688,0.8640028001365849,0.0,0.0,0.0,0.0,-0.015649165598049353,growth_tech,2026-10-02,2026-10-02,False,False,False,False,False,False,False,False,False,True,False,,0.04189087830149154,Ridge,0.04245756986620623,0.011624834,0.008305489959807198,0.018796848192204278,0.03511170165709428,0.04189087830149154,0.037405122828481796,0.028225324665648324,34,33
CDW,mixed,Technology,135.8300018310547,135.8300018310547,2026-02-20,2026-02-20,63.34883720930232,3.2128470332063146,6.79406008978934,-5.022657807308951,46.64050985859391,2.15,0.1072483788035762,0.2276174922881509,0.078152785338414,3.045384615384616,4.759230769230769,0.2915384615384615,0.91263254956201,0.0600323826130277,0.8374053231180045,5.150262844863973,0.3486445272788885,1.1763606924897247,0.802603984620762,0.3438314969865612,1.0086490841449254,7.362393162393162,0.2841887702376851,0.0046142550547836,0.0263744123497813,19.954823889739664,,0.08864311798553093,-0.22276263543685804,0.0,0.0,0.0,0.0,0.14433377684474544,growth_tech,2026-10-02,2026-10-02,False,False,False,False,False,False,False,False,False,True,False,,0.040691980622562365,Ridge,-0.0019376127099744423,-0.035414763,-0.032908401954583444,-0.05518932981973014,0.017090407345772673,0.040691980622562365,0.02653635592175646,-0.005121120875885116,35,77
QCOM,mixed,Technology,182.08999633789062,182.08999633789062,2026-02-04,2026-02-04,60.87188612099644,15.146106758080313,8.042738265505136,-0.0776279244193582,57.39218657159834,2.81,0.130195466562649,0.545543584720862,0.2747306562193927,4.1271028037383175,11.04859813084112,0.5130841121495328,0.8894259818731118,0.5054978619425778,0.5649394727910397,1.2985307502275387,0.0798458372334767,2.505396049684382,2.950156513363833,0.2310216087792736,2.055370985603544,19.91715976331361,16.70414201183432,0.0051139704079482,0.1002636761122792,21.38368860055607,,0.29114370231788,0.24183316059394833,0.0,0.0,0.0,0.0,0.23068541216939292,growth_tech,2026-10-02,2026-10-02,False,False,False,False,False,False,False,False,False,True,False,,0.03790303828982046,Ridge,0.026527437242219495,0.033115417,0.018151893586855945,0.009703399496715278,0.04610577411416841,0.03790303828982046,0.03407700757755555,0.029609443669320997,36,32
NWSA,mixed,Communication Services,28.639999389648438,28.639999389648438,2026-02-06,2026-02-06,124.3809523809524,5.810847580355213,1.7117942712829846,6.219047616991758,25.154119417650797,0.21,0.0137625113739763,0.5057915057915058,0.1822393822393822,0.2377685951199235,3.559586778036227,0.1718181818749812,0.5805084745762712,0.0935765265662172,0.3899419729206963,0.6878980891719745,0.1892346829628391,1.8132434575733545,1.3674762407602956,0.1669890393294648,3.011764705882353,12.421052631578949,8.793650793650794,0.0037873514497478,0.0461309523809523,15.258842980250858,,0.19482684145383566,0.019942998206853302,0.0,0.0,0.0,0.0,0.18984109190212234,growth_tech,2026-10-02,2026-10-02,False,True,False,False,False,False,False,False,False,False,False,,0.03510639411075997,Ridge,0.0196615855151185,0.015818961,-0.010019262109068658,0.018395169266572572,0.034477371452558,0.03510639411075997,0.031341206902249404,0.02097794870093221,37,49
DELL,mixed,Technology,541.739990234375,541.739990234375,2026-03-16,2026-03-16,47.29971181556196,2.2346015327936724,-30.197880389927125,0.1643808350322915,23.74184397768516,3.47,-0.9137134052388288,0.2016237754276641,0.0942209173432397,6.065006206359361,17.687172159603016,1.1062153996420692,0.845742404792469,0.073875041489513,1.024386391011591,-37.16734238043149,0.4223558358221753,0.9104300684379396,1.281687977575548,0.329551961771617,0.7924174843889384,7.652068126520681,0.4098321628377574,0.0046387683456963,0.0292224064150506,-3.6847720257430585,,0.43095567380159366,1.0930483982474672,0.0,0.0,0.0,0.0,0.15769357423972685,growth_tech,2026-10-02,2026-10-02,False,False,False,False,False,False,False,False,False,True,False,,0.03466444338943164,Ridge,0.27050052890523185,0.046873648,0.15677882640214025,0.2077396483327878,0.532285784003841,0.03466444338943164,0.11846295117094771,0.19602182572970422,38,1
TTWO,mixed,Technology,203.6199951171875,203.6199951171875,2026-02-04,2026-02-03,-512.06,27.63737610359034,13.432859022771485,4.010601448495342,180.5818256029684,-0.5,-0.0265762673074722,0.5565038257798706,-0.0224249558563861,1.2878953107960742,12.934569247546348,0.376226826608506,0.7739187418086501,0.0943227122415551,0.6508066530143349,1.8637429911889232,0.0747786721251782,1.1368791915196093,2.0616430044897465,0.1697217921182758,3.938839519079979,-2.2280701754385963,0.3475919832485791,0.0,0.0330473222919768,19.05997818974918,,-0.04797084759123105,-0.105360302648561,0.0,0.0,0.0,0.0,-0.021630771929090797,growth_tech,2026-10-02,2026-10-02,False,False,False,False,False,False,False,False,False,True,False,,0.034351670771007724,Ridge,0.023134859318488642,-0.0329407,0.03664883204611536,0.04709686794992915,0.032947999425159934,0.034351670771007724,0.03184422229520428,0.024717467253507652,39,39
GLW,mixed,Technology,160.4199981689453,160.4199981689453,2026-02-12,2026-02-12,138.984126984127,17.86514827995255,6.377708139239434,1.340840455840456,74.8650623885918,0.63,0.0457355805877869,0.3525504151838671,0.1655990510083037,0.7209302325581395,1.7744186046511627,0.5023255813953489,0.5893536121673004,0.1869225302061123,0.6026924070247934,1.5811806555433217,0.1245259064880427,1.587775408670931,1.5167326376394386,0.1360730888429752,1.378979282465892,7.505376344086022,1.0372233400402415,0.003386382228266,0.0477261770850072,13.72906976744186,,0.016216889452333128,1.0930483982474672,0.0,0.0,0.0,0.0,-0.2570452101095337,growth_tech,2026-10-02,2026-10-02,False,False,False,False,False,False,False,False,False,True,False,,0.03433123808538589,Ridge,0.010458773913357028,-0.023791008,-0.07522882876925069,-0.06600884017905731,0.014475395383926518,0.03433123808538589,0.027889253319880153,-0.01013854922539232,40,86
AMAT,mixed,Technology,529.2999877929688,529.2999877929688,2026-02-19,2026-02-19,134.03529411764708,36.12832002281802,11.665136989455265,4.669476139869203,100.35807448494452,2.55,0.0932909702076714,0.4898745008556759,0.2989161437535653,1.3114754098360657,10.73266078184111,0.8146279949558638,0.6168446026097272,0.2174642074035857,0.423095313994262,0.7333885895841967,0.0258672638703284,2.714949051979879,1.4088808519188265,0.1862713845499947,1.859147609147609,30.3768115942029,13.14792899408284,0.0014407983080527,0.135179255352546,27.180225281602,,0.1564833299106816,1.0930483982474672,0.0,0.0,0.0,0.0,-0.11677876965118522,growth_tech,2026-10-02,2026-10-02,False,False,False,False,False,False,False,False,False,True,False,,0.034169074482176,Ridge,0.007519777325168103,-0.0042622057,-0.08060682309884688,-0.05591420707501255,0.024572858870790103,0.034169074482176,0.027924157658081143,-0.00569102225720765,41,79
COHR,mixed,Technology,319.19000244140625,319.19000244140625,2026-02-04,2026-02-04,212.1494252873563,17.02291518386714,3.3610071603092337,-1.6358148280933995,96.67056120107318,0.87,0.0172145338444761,0.3695136417556346,0.1180308422301304,-0.6154212218649517,5.554591639871383,0.9877684887459808,-1.6528151986183075,0.0296757501455598,0.4108927149150531,0.7259887700344384,0.1167871721305121,2.2517626062996645,1.5345450110449013,0.1117465286497619,0.9503748750565486,4.332019940353092,1.9715813648293965,0.022378346669402357,0.0440393500502384,54.915086816720255,,0.0,0.0,0.0,0.0,0.0,0.0,0.0,growth_tech,2026-10-02,2026-10-02,False,False,False,False,False,False,False,False,False,True,False,,0.03380933470520211,Ridge,0.03061233513261292,0.07715187,-0.010667333102483922,0.0019146228543758846,0.05679284443118173,0.03380933470520211,0.03496271202795488,0.03246899779716235,42,28
Q,mixed,Technology,128.4499969482422,128.4499969482422,2026-02-26,2026-02-26,170.10416666666669,14.3730877944958,2.410708171310782,-0.814859161330401,63.00290022455357,0.48,0.0140944326990838,0.4184873949579832,0.2025210084033613,2.0049725898049062,4.367975999217832,0.3389358425622579,0.8553971486761711,0.362094395280236,0.4764747690120824,0.944890768146582,0.2645583929334617,1.9454277286135693,1.1995967741935485,0.0845771144278607,1.0176470588235291,4.725490196078432,2.169491525423729,0.0007600572614662,0.029236276849642,33.8697155349186,,0.035302627131798214,0.08978806040482157,0.0,0.0,0.0,0.0,0.012855612030592822,growth_tech,2026-10-02,2026-10-02,False,False,False,False,False,False,False,False,False,True,False,,0.03288444447736643,Ridge,0.017910136061453263,0.033125382,0.015076588773998544,0.016243530503024246,0.024101027319359366,0.03288444447736643,0.029877118324730147,0.024284954200220372,43,41
SWKS,mixed,Technology,83.16000366210938,83.16000366210938,2026-02-05,2026-02-05,101.0377358490566,9.298628549352909,1.671812325270451,-0.6874105639730641,39.7185089974293,0.53,0.0137526263696191,0.4125941665056983,0.1112613482711995,2.267558528428093,10.42608695652174,0.3779264214046823,0.8571428571428571,0.3054054054054054,0.2680511953634388,0.3662157703728143,0.1034711979891564,2.3961389961389963,2.5988955823293174,0.1315980121760571,2.9058767319636885,18.285714285714285,0.40106740462542,0.0110513305220299,0.0932195353247984,38.265116279069765,,0.10160293900271888,0.20609142367091193,0.0,0.0,0.0,0.0,0.0500800830849909,growth_tech,2026-10-02,2026-10-02,False,False,False,False,False,False,False,False,False,True,False,,0.031207383134635544,Ridge,0.0178961558050013,0.00579794,-0.0383718853000726,0.007371263886071316,0.02536762779328377,0.031207383134635544,0.029669522691500666,0.011726279501179139,44,59
CIEN,mixed,Technology,379.1400146484375,379.1400146484375,2026-03-05,2026-03-05,366.2547169811321,24.999568029532416,12.776095887418446,0.0903107857233989,153.7600536065281,1.06,0.0538193884881523,0.4350145265521267,0.1339946546772975,1.0852932042124284,9.173946187074732,0.5215068183743189,0.675437633156889,0.1809042310984104,0.5261052491879737,1.110173194124822,0.0435752237568602,2.81385328515472,1.2814489015962414,0.2421851757504931,1.4733681638679803,8.996706502305448,3.998316201664219,0.0,0.0626170765751365,19.152106667398268,,0.0,0.0,0.0,0.0,0.0,0.0,0.0,growth_tech,2026-10-02,2026-10-02,False,False,False,False,False,False,False,False,False,True,False,,0.030952623811680326,Ridge,0.007860138914196872,0.008168766,-0.021544679414225013,0.0036840553421825474,0.02664091288871052,0.030952623811680326,0.027579438146501725,0.012271582812512548,45,58
FOXA,mixed,Communication Services,61.279998779296875,61.279998779296875,2026-02-04,2026-02-04,137.86792452830187,6.105617522192203,2.8952516471449483,-0.5714145695185723,70.04854243542435,0.53,0.0209553440702781,0.2290621381705905,0.1142416055576997,-1.3048498845265588,4.658198614318707,0.2401847575057736,0.8445440956651719,-0.15505345437888604,0.4819989753621163,0.9470168374816984,0.2368888575635815,2.7839403973509933,1.4568456564520664,0.2413487960504867,1.6535596026490067,6.040816326530612,3.335714285714286,0.0002844562665873,0.0317905111604986,24.780045351473923,,0.07906319385977945,0.11135289770215584,0.0,0.0,0.0,0.0,0.051224969434240486,growth_tech,2026-10-02,2026-10-02,False,True,False,False,False,False,False,False,False,False,False,,0.030114313459259995,Ridge,-0.008719984199532295,-0.0037803703,-0.05984566293952383,-0.06417477522476853,0.009423203851166528,0.030114313459259995,0.022738477319270048,-0.009803051995947167,46,85
LITE,mixed,Technology,1045.780029296875,1045.780029296875,2026-02-04,2026-02-03,335.0818181818181,41.748680691209614,32.81803330970942,0.0509729541393602,182.02775985663084,1.1,0.0923694779116465,0.3607813673929376,0.0966190833959429,2.853727144866385,16.248945147679326,1.0717299578059072,1.601420678768745,0.0336288353328378,0.8238195325994214,4.675998110087408,0.1195915007432222,0.6060091304809427,1.766188959660297,0.1384929140740432,1.224525043177893,10.206349206349206,0.0457474226804123,0.0,0.036072448025867,9.64236902050114,,0.0,0.0,0.0,0.0,0.0,0.0,0.0,growth_tech,2026-10-02,2026-10-02,False,False,False,False,False,False,False,False,False,True,False,,0.028569169898670935,Ridge,0.005882610794866927,-0.031955555,-0.0039701505671063345,0.003884894026585673,0.02066404608724469,0.028569169898670935,0.02633886449337973,0.0073572569121081784,47,66
CRM,mixed,Technology,236.69000244140625,236.69000244140625,2026-03-02,2026-03-02,89.74519230769229,17.720841889117043,3.356179195833756,-5.084635036026768,55.587019743863394,2.08,0.0328531331371952,0.7760914204088921,0.2188197482367645,5.693048128342246,10.229946524064172,0.1508021390374331,0.974194729136164,0.147206207230993,0.4733805262454922,0.8989043319468398,0.0727437973934858,0.760331914435045,0.7811562870493061,0.0997373224700592,0.0,0.0,0.76575,0.0019698611247907,0.0576152587325771,62.91702127659575,,0.13415255177951524,-0.06394842030607362,0.0,0.0,0.0,0.0,0.15013965685603364,growth_tech,2026-10-02,2026-10-02,False,False,False,False,False,False,False,False,False,True,False,,0.028376333763407154,Ridge,0.011090765442299524,-0.016896307,0.016844216824598565,-0.0026411733706168763,0.024464730104173774,0.028376333763407154,0.027670917486587444,0.0129308732682385,48,57
FOX,mixed,Communication Services,54.91999816894531,54.91999816894531,2026-02-04,2026-02-04,122.50943396226415,5.425451563103049,2.572720534407028,-0.5077589708340072,63.545553505535054,0.53,0.0209553440702781,0.2290621381705905,0.1142416055576997,-1.3048498845265588,4.658198614318707,0.2401847575057736,0.8445440956651719,-0.15505345437888604,0.4819989753621163,0.9470168374816984,0.2665866136172939,2.7839403973509933,1.4568456564520664,0.2413487960504867,1.6535596026490067,6.040816326530612,3.335714285714286,0.000320117347906,0.0317905111604986,24.780045351473923,,0.05635695650981565,0.08580462967467994,0.0,0.0,0.0,0.0,0.03490579909114566,growth_tech,2026-10-02,2026-10-02,False,True,False,False,False,False,False,False,False,False,False,,0.028011724857215932,Ridge,-0.007808646315524137,0.0061066044,-0.056710556519240216,-0.054250656008202586,0.01018512528113714,0.028011724857215932,0.022619338974106992,-0.006684623369530576,49,82
NFLX,mixed,Communication Services,67.8499984741211,67.8499984741211,2026-01-23,2026-01-23,164.49122807017545,32.90511927461517,14.898534303034385,-8.197815130817547,51.189855267623535,0.57,0.0908689331565139,0.4587378789822585,0.2453507089427208,0.4427072976323535,2.142796273829152,0.0565908000551401,0.8866592916791767,0.192300834264493,0.5212782820826299,1.0888962471775832,0.0364733356162583,1.185709316059751,4.664553493045803,0.2167520462842298,7.242431813033804,12.61401907037266,6.083984723415987,0.0,0.2508061606876523,6.16506838780453,,-0.29651158279188033,-0.44339623893255875,0.0,0.0,0.0,0.0,-0.18566252305874065,growth_tech,2026-10-02,2026-10-02,False,True,False,False,False,False,False,False,False,False,False,,0.027536620387278724,Ridge,-0.002252512194107256,-0.05484281,-0.05955802691401618,-0.06501868210712998,0.01461791766257641,0.027536620387278724,0.024019420248553986,-0.015606204159696614,50,93
IT,mixed,Technology,192.8000030517578,192.8000030517578,2026-02-12,2026-02-12,75.08333333333334,10.36412187606984,56.77932405566601,0.0305042641591952,51.96845850840336,3.36,0.756780074271353,0.645954581764236,0.1906881205066758,3.759888888888889,23.923902777777776,0.331,0.9190884893258732,0.0723323539841437,0.9604338684542508,24.27414131562824,0.1641514939309057,0.9985867215180796,1.015967017882318,0.2167610755188364,12.465346136847604,17.49738219895288,12.82572614107884,0.0,0.0373447039801212,4.437004160887656,,0.21052303039968479,-0.4637989252113081,0.0,0.0,0.0,0.0,0.32512160904057463,growth_tech,2026-10-02,2026-10-02,False,False,False,False,False,False,False,False,False,True,False,,0.027013188323911835,Ridge,0.06488360555498107,-0.025512908,0.023686853121614372,0.00010210449389308116,0.09094160659101772,0.027013188323911835,0.04339168460063045,0.032589695041645106,51,27
FTV,mixed,Technology,55.84000015258789,55.84000015258789,2026-02-25,2026-02-25,93.57627118644068,15.562088195991093,2.706859020051446,0.0951879465087058,90.25764339706537,0.59,0.0287755291784175,0.6315367483296214,0.2008908685968819,1.0603666245259165,1.1867888748419722,0.0960809102402022,0.9169171904892048,0.1628683343719398,0.450198931647597,0.8188396814082499,0.1835309429964111,0.714724472536277,1.6420421299005266,0.0956320233095069,0.9477543538038496,7.274193548387097,0.2391187533584094,0.0010762263656682,0.0351418352478095,20.204758922980588,,-0.04677364027675157,0.05497827607383132,0.0,0.0,0.0,0.0,-0.0605182092952094,growth_tech,2026-10-02,2026-10-02,False,False,False,False,False,False,False,False,False,True,False,,0.026711213795251466,Ridge,0.012944075499153449,0.020616194,0.02630856529362918,0.030166511065293517,0.025801004151812176,0.026711213795251466,0.02786692615328763,0.02432019742002266,52,40
AAPL,mixed,Technology,330.32000732421875,330.32000732421875,2026-01-30,2026-01-30,95.38947368421051,28.04854334566905,45.72112934799864,0.4429930181972586,75.20544483547292,2.85,0.4773443701099898,0.4815868555051615,0.3537382787501043,3.495487368659869,4.536634337657625,0.1609014495233913,0.9559944367176634,0.3321179796387197,0.7674909108165896,3.300907132327928,0.0224468536318153,0.9737446648641658,2.044311717861206,0.3790064250442265,1.055789309646252,0.0,3.277705439814815,0.0009724349301212,0.1556506714026114,5.9546171611269845,,0.24780903340971117,0.6376797586723786,0.0,0.0,0.0,0.0,0.08838909374161652,growth_tech,2026-10-02,2026-10-02,False,False,False,False,False,False,False,False,False,True,False,,0.024993449804535176,Ridge,0.034522517379213816,0.028342864,0.020702254071104084,-0.011686076728745517,0.033306274616285714,0.024993449804535176,0.032665343047243334,0.023517726491978766,53,43
DIS,mixed,Communication Services,101.33000183105469,101.33000183105469,2026-02-02,2026-02-02,84.90298507462686,7.806403140756707,1.8697053726169848,0.2526194987783404,44.71389581804842,1.34,0.0221431468711973,0.358415765366999,0.1491474539086255,-1.2754759238521836,3.1791713325867863,1.687010078387458,-3.0993197278911566,0.0193187194448825,0.4358525204241695,0.8119860614329437,0.229959684083516,0.6693476318141197,1.7258535937292414,0.1285621681536352,0.8114989533128865,8.747178329571106,0.3767536849582667,0.0066044381824586,0.0422111465582815,60.499721137757945,,-0.02875489474691184,-0.10287736316020646,0.0,0.0,0.0,0.0,-0.0030355539568602263,growth_tech,2026-10-02,2026-10-02,False,True,False,False,False,False,False,False,False,False,False,,0.022593893491336794,Ridge,0.005482906644229056,-0.023522291,-0.021945887350040057,-0.03173879982215275,0.013437179575404554,0.022593893491336794,0.02472548981360822,-0.0010707772415694747,54,72
PTC,mixed,Technology,146.47000122070312,146.47000122070312,2026-02-05,2026-02-05,124.4357142857143,30.311638245908213,5.410258303428128,-0.5922003458623555,93.2898921565733,1.4,0.0433367625966871,0.8283148033390442,0.322430649218095,2.2408782368222577,1.7626414145646527,0.0196178664208497,0.9913214332054348,0.2370921894803827,0.402168699180351,0.6727126843792933,0.0664338636833334,1.2171040025595006,0.8526545333384721,0.1067056070367744,5.789742833259576,0.0,4.159155922225446,0.0,0.0776240268271508,32.02309378359683,,-0.0736782113540152,-0.12161918308423914,0.0,0.0,0.0,0.0,-0.043273415582955416,growth_tech,2026-10-02,2026-10-02,False,False,False,False,False,False,False,False,False,True,False,,0.02212019970153941,Ridge,0.0356472199557993,0.07206098,0.09176966542813317,0.07800864362231244,0.026781008923426098,0.02212019970153941,0.03196168498403458,0.05057416764497026,55,19
WBD,mixed,Communication Services,30.950000762939453,30.950000762939453,2026-02-27,2026-02-27,-288.2,7.540116279069768,1.985843147080932,-1.061450892857143,66.53081044876089,-0.1,-0.0070157855174141,0.3021141649048626,0.0566596194503171,0.5587878787878788,1.8448484848484847,0.1701010101010101,0.766629711751663,0.14432,0.6286556427037019,1.7516913054372338,0.4565712643436446,1.05648,1.786928598413298,0.0945196582904531,6.040256175663312,0.9146757679180888,2.2813793103448274,0.0,0.0168947376786026,14.197233201581028,,0.08596493905050706,1.0930483982474672,0.0,0.0,0.0,0.0,-0.18729716051135975,growth_tech,2026-10-02,2026-10-02,False,True,False,False,False,False,False,False,False,False,False,,0.02152714355066242,Ridge,0.0193995564459725,-0.01982597,-0.046041214732871226,-0.06720172694287728,0.015016041624782291,0.02152714355066242,0.027605191898825973,-0.006266640472661637,56,80
CTSH,mixed,Technology,60.880001068115234,60.880001068115234,2026-02-12,2026-02-12,61.48148148148148,7.486030376898556,2.658874458874459,0.109181512736365,38.59356725146199,1.35,0.0431568431568431,0.3110819426214138,0.1599474967185449,1.6237006237006235,3.9792099792099793,0.1600831600831601,0.9102564102564102,0.2344902978955999,0.2743572395128552,0.3780885780885781,0.028855546927836,2.336977316206614,1.2013967109709394,0.257732456988208,11.928571428571429,106.625,4.077319587628866,0.0037822808907146,0.1388057072397393,31.15145228215768,,-0.041259825698972685,-0.2415597225848357,0.0,0.0,0.0,0.0,0.019130104947236243,growth_tech,2026-10-02,2026-10-02,False,False,False,False,False,False,False,False,False,True,False,,0.021102562281234742,Ridge,0.016810442280921756,0.016358323,0.009721465747976239,0.03750543753144161,0.024332064399756465,0.021102562281234742,0.027615721203422268,0.02192600599870169,57,44
TEL,mixed,Technology,217.75999450683594,217.75999450683594,2026-01-23,2026-01-23,89.21960784313725,14.639550224887556,5.263113883113883,1.7088015000000003,58.247248,2.55,0.0577500577500577,0.3724566288284429,0.2090383379738702,2.064625850340136,4.255102040816326,0.8775510204081632,0.7017341040462428,0.1706450976523969,0.4859110832811522,0.956032956032956,0.0835088218262917,1.6508187019135925,1.3459210147016432,0.1827254226675015,1.3634248487668683,32.53333333333333,1.1780045351473922,0.003057698626786,0.0812661082474226,43.72727272727273,,0.0272666973621849,0.3621066773430659,0.0,0.0,0.0,0.0,-0.06325997197358157,growth_tech,2026-10-02,2026-10-02,False,False,False,False,False,False,False,False,False,True,False,,0.02101162870827069,Ridge,0.011987899632115788,-0.004794444,-0.007207253635588449,-0.008076349986272175,0.017241910609734065,0.02101162870827069,0.02609240692682379,0.008339486641777114,58,64
CSCO,mixed,Technology,108.76000213623047,108.76000213623047,2026-02-17,2026-02-17,95.79012345679013,19.2197178969314,6.181578065083922,1.8582894488188944,67.94255614973262,0.81,0.0665297655218657,0.6496840185028341,0.2463352661411167,0.5423514538558787,3.9891276864728193,0.0816687737041719,1.177277716794731,0.0495297123905833,0.6131748952346986,1.5851476227395596,0.1019852479691339,0.9550100581743054,1.6072251308900525,0.1244133548402785,1.946777697320782,10.218918918918918,0.4625371327978875,0.0054812918289599,0.0506821065989847,11.969651366942564,,-0.10024833231387009,0.6041298250181486,0.0,0.0,0.0,0.0,-0.25128078856840724,growth_tech,2026-10-02,2026-10-02,False,False,False,False,False,False,False,False,False,True,False,,0.01994495118023766,Ridge,0.02558323005241965,0.057007004,0.033634849501270575,0.03880446766217893,0.022837205543838727,0.01994495118023766,0.02917732762237918,0.032260861422841104,59,29
JKHY,mixed,Technology,143.83999633789062,143.83999633789062,2026-02-06,2026-02-06,106.09302325581396,21.3356997032296,5.997991991132325,-2.01794196117195,60.84085422673807,1.72,0.0565886145530439,0.4332799426480703,0.2569663541804584,1.8152679767445072,0.3896537914462872,0.2929860660378661,0.8610290505354862,0.3966025168081635,0.2800567573538158,0.3889983831565033,0.00518369855585,1.378970828613885,1.833710832600541,0.2023938217881834,15.251229983516517,139.35901926444834,16.685157561066568,0.0031659028188888,0.2074981388260718,30.42351511468935,,-0.1239951501955503,-0.20252815691140091,0.0,0.0,0.0,0.0,-0.07336311096770007,growth_tech,2026-10-02,2026-10-02,False,False,False,False,False,False,False,False,False,True,False,,0.018628903013047503,Ridge,0.017689821469612253,-0.035730876,-0.009365888450360037,0.00893960199891623,0.023128150691351435,0.018628903013047503,0.027291576777066506,0.007519442465922011,60,65
KEYS,mixed,Technology,373.8800048828125,373.8800048828125,2026-03-05,2026-03-05,173.23312883435585,23.255475,5.9965769540693,1.409584525312824,143.35381132075472,1.63,0.0452860596293311,0.621875,0.155,2.366279069767442,12.66279069767442,0.1976744186046511,0.9229024943310656,0.2443213296398892,0.4595418517550736,0.8502820306204674,0.0744985858168882,2.604432132963989,1.75054704595186,0.139360682867346,1.811377245508982,8.551724137931034,4.296296296296297,0.0,0.0604624715693707,35.86705202312139,,0.1483506507857133,1.0930483982474672,0.0,0.0,0.0,0.0,-0.12491144877615351,growth_tech,2026-10-02,2026-10-02,False,False,False,False,False,False,False,False,False,True,False,,0.01802768894754992,Ridge,0.0038733490387466546,-0.05630133,-0.05971040142423859,-0.06758123938800187,0.022799801821355405,0.01802768894754992,0.02422901936750026,-0.015473051708543644,61,92
JBL,mixed,Technology,299.7900085449219,299.7900085449219,2026-04-08,2026-04-08,127.09569377990432,3.4075627867664817,20.998091517857144,0.6020080647421527,79.53600775193799,2.09,0.165922619047619,0.090074861144651,0.0467278435160589,4.751173708920188,17.183098591549296,0.892018779342723,1.2311435523114356,0.0277496455337249,0.9346034516191584,14.344494047619047,0.1373424136653575,1.013368442373911,1.4632508833922262,0.401493116152802,0.8848185980979218,5.22972972972973,0.5383275261324042,0.0002834724740255,0.0115669899891073,12.490706319702602,,-0.014497013330302844,0.4835214199570559,0.0,0.0,0.0,0.0,-0.13537736831956682,growth_tech,2026-10-02,2026-10-02,False,False,False,False,False,False,False,False,False,True,False,,0.017947342600309432,Ridge,0.023729010777651865,0.057889063,0.06565957101202602,0.04667156795315951,0.030743376888341674,0.017947342600309432,0.028975193401029345,0.03845473159530307,62,23
NXPI,mixed,Technology,239.19000244140625,239.19000244140625,2026-02-19,2026-02-19,120.58888888888887,16.43694172606805,5.45119338106603,-1.0756907527566202,69.16724581344903,1.8,0.0452466188345266,0.5358320838188402,0.2788605694989087,3.1402344541941205,12.93635960466295,0.382197957583629,0.8914960138608491,0.2292113298119041,0.6065135542168675,1.6019291964996023,0.222959214576923,2.045864467920639,3.1611374398104264,0.1255647589984939,1.5526579739217652,8.611111101851852,0.5824742268041238,0.0046335821062459,0.0415916567757154,39.57839718511638,,0.06420182613190195,0.24054770209743404,0.0,0.0,0.0,0.0,0.004064900607543442,growth_tech,2026-10-02,2026-10-02,False,False,False,False,False,False,False,False,False,True,False,,0.016421345246913004,Ridge,0.01716266720059902,0.045804985,0.03132252183466451,0.029386044187469665,0.02369044089146131,0.016421345246913004,0.02683496765972919,0.027109298189011553,63,36
ADSK,mixed,Technology,211.30999755859375,211.30999755859375,2026-03-03,2026-03-03,160.6711409395973,27.393173224322943,17.605399014778325,-5.690241851265821,109.27967676767676,1.49,0.1037766830870279,0.9274399591211038,0.2713336739908022,4.55188679245283,12.25,0.1132075471698113,0.9757330637007078,0.1702823691460055,0.7557551937113981,3.094252873563218,0.0472873301293602,0.8508953168044077,1.3599722029186936,0.156974412448865,0.3364928909952606,0.0,7.038461538461538,0.0,0.0388452557843345,14.228971962616823,,-0.14849293136458142,-0.3379182931489104,0.0,0.0,0.0,0.0,-0.06401335807735381,growth_tech,2026-10-02,2026-10-02,False,False,False,False,False,False,False,False,False,True,False,,0.014082932618968407,Ridge,0.023230583633683074,-0.03848362,-0.004265760660234502,-0.03499714360649216,0.024014326244541303,0.014082932618968407,0.02774084632471721,0.0020960617530165573,64,70
NVDA,mixed,Technology,230.86000061035156,230.86000061035156,2026-02-25,2026-02-25,98.53107344632768,66.52233152788175,28.812260431169857,0.7510622384827141,88.3874554920734,1.77,0.2731208636112223,0.7499669734466511,0.6388028945699924,1.4361421988150098,2.573897300855826,0.0528308097432521,0.9645186249585498,1.12514379877499,0.2394065850108557,0.3147628947251308,0.0018685043876578,3.905263812455306,1.7710965527998752,0.3294294570194823,1.736037505095801,367.2,40.90018656716418,5.339844848998544e-05,0.31358596093688235,6.43799115913556,,0.0313232500021301,0.35179763795732266,0.0,0.0,0.0,0.0,-0.05662615948720057,growth_tech,2026-10-02,2026-10-02,False,False,False,False,False,False,False,False,False,True,False,,0.012209454300755342,Ridge,0.03026265501015597,-0.09789412,-0.011646064478016612,-0.03662484900500831,0.023806811290673333,0.012209454300755342,0.028896057066108954,-0.006677241133819861,65,81
FIS,mixed,Technology,33.099998474121094,33.099998474121094,2026-02-24,2026-02-24,67.13131313131312,12.218997155049786,2.47210734585222,0.1715315108430848,32.789774305555554,0.99,0.0367652349089862,0.3826458036984352,0.1931009957325747,1.506769825918762,1.1586073500967118,0.0367504835589942,0.9761904761904762,0.1047794117647058,0.584866220735786,1.4091661270595006,0.1167933941446724,0.5892857142857143,1.1835016835016836,0.0839703774486383,0.0,6.170454545454546,0.2601804437941965,0.0060244785915642,0.0499336260594302,26.78034682080925,,-0.29651158279188033,-0.4637989252113081,0.0,0.0,0.0,0.0,-0.1805618514890533,growth_tech,2026-10-02,2026-10-02,False,False,False,False,False,False,False,False,False,True,False,,0.012116774267561789,Ridge,-0.010824597223451051,-0.0024938865,-0.06338400746393631,-0.049602413558577474,0.009392304978679333,0.012116774267561789,0.019167661095097356,-0.011565283266426116,66,87
DASH,mixed,Communication Services,182.1750030517578,182.1750030517578,2026-02-18,2026-02-18,462.2040816326531,24.771529163084704,9.764915562643276,-8.193030629225351,199.0682982413088,0.49,0.0212299411940596,0.5107458912768648,0.0371681415929203,0.5871705545525367,12.7281932022294,0.3860530811428095,0.6033254156769596,0.0684886936717097,0.4889872323109008,0.9581381441243896,0.0335812295479645,1.4060517325524646,3.569494584837545,0.2011801210641436,4.8740554156171285,0.0,4.6,0.0,0.0499323832310413,22.65557786062518,,0.03267957061253801,0.08978806040482157,0.0,0.0,0.0,0.0,0.01023255551133262,growth_tech,2026-10-02,2026-10-02,False,True,False,False,False,False,False,False,False,False,False,,0.0118293868978653,Ridge,0.003794370461167354,-0.05838891,-0.03442596293304429,-0.030866734193262864,-0.010363113151187544,0.0118293868978653,0.02087909286192816,-0.01346516906959887,67,89
GDDY,mixed,Technology,96.9800033569336,96.9800033569336,2026-02-25,2026-02-24,68.5524861878453,13.189586630975745,78.11350259972106,0.9364759298710436,54.06933851242407,1.81,0.8674324986614488,0.6464400659392417,0.2488421383154093,2.6858302662350484,7.982166441499762,0.0509547122271702,0.9813815434430652,0.1237189117008846,0.9732292872344398,33.65114542510766,0.2249882014319558,0.614555166082457,15.329723225030085,0.1585458437566118,6.672592592592593,8.453333333333333,7.543726235741444,0.0,0.0459474666871275,1.5796817586788696,,0.09929724956850605,-0.4637989252113081,0.0,0.0,0.0,0.0,0.2152469808713331,growth_tech,2026-10-02,2026-10-02,False,False,False,False,False,False,False,False,False,True,False,,0.009865787020890651,Ridge,-0.008114801200183971,-0.10661115,-0.04134077352869376,-0.03418946676628843,0.0031327305304708936,0.009865787020890651,0.018926843327049553,-0.02201988217865796,68,96
LDOS,mixed,Technology,121.97000122070312,121.97000122070312,2026-02-17,2026-02-17,61.4703557312253,5.774532555856905,4.941712461857201,-1.5303385818118131,52.19147205483813,2.53,0.0681448331977217,0.16,0.112,3.413611945291552,9.092895535688116,0.3247462691317184,0.9131313131313132,0.1750972762645914,0.632253761209516,1.7353539462978032,0.219894586365636,1.7028652281570569,1.5535450516986706,0.3117912991921737,5.636172248803828,9.816333333333333,2.673234285714286,0.0022639839479801,0.0492106435353416,37.12680602445413,,-0.038534512982947966,-0.32572280822210664,0.0,0.0,0.0,0.0,0.042896189072578694,growth_tech,2026-10-02,2026-10-02,False,False,False,False,False,False,False,False,False,True,False,,0.008742229843808999,Ridge,0.0012227242111692916,-0.058413237,-0.061316131549230275,-0.047212452856803734,0.013876448109610438,0.008742229843808999,0.021447701929891712,-0.016634482085677877,69,94
BR,mixed,Technology,161.14999389648438,161.14999389648438,2026-02-03,2026-02-03,91.46311475409836,15.20873796604236,9.053298138371767,0.313448111128547,55.62665397067225,2.44,0.0988469019171992,0.2763288406558142,0.1215940253223642,2.726883561643836,3.180650684931507,0.0539383561643835,0.980603448275862,0.1863667661234794,0.666739973378089,2.000659905529313,0.1290173778696871,0.971941703006656,1.5367165784990586,0.1983795358527692,6.380144032921811,7.523465703971119,0.7759138265936782,0.0043657976811092,0.0714719719459056,24.46219201359388,,-0.13592496570249668,-0.33516236686132106,0.0,0.0,0.0,0.0,-0.052134373987166416,growth_tech,2026-10-02,2026-10-02,False,False,False,False,False,False,False,False,False,True,False,,0.008422107781163743,Ridge,0.012116776679179986,0.032856137,0.029727844262037652,0.006830906079825645,0.015861924638953258,0.008422107781163743,0.0238423006689558,0.018463609817792728,70,51
FISV,mixed,Technology,45.380001068115234,45.380001068115234,2026-02-19,2026-02-19,44.48344370860927,6.826322861468585,1.3975857259095663,4.086261274660908,26.57952440033085,1.51,0.0314231469642372,0.570779712339137,0.2216124148372445,2.8435754189944134,1.4860335195530727,0.8230912476722533,0.7755205688166582,0.0824194223524487,0.6779229530904871,2.1048471463442984,0.8039026023910537,1.03197990791126,1.327304697312233,0.0659403741280121,0.4273600904465799,3.1226666666666665,1.372986369268897,0.0,0.0338524409100949,48.06145251396648,,-0.2662893925931248,-0.4637989252113081,0.0,0.0,0.0,0.0,-0.15033966129029774,growth_tech,2026-10-02,2026-10-02,False,False,False,False,False,False,False,False,False,True,False,,0.006325289209298188,Ridge,0.02885726111929793,0.024540339,0.02741916608373115,0.06305374443693422,0.017598806875535885,0.006325289209298188,0.027154156925501723,0.02757061960760125,71,35
APH,mixed,Technology,85.66999816894531,85.66999816894531,2026-02-11,2026-02-11,137.89795918367346,25.722563130920943,12.34819571911042,-8.83208572145544,83.8466012330456,0.98,0.0891292840581222,0.3822177356732412,0.274902935238391,1.1981886422976502,9.329471279373369,0.2070006527415143,0.8526884217860876,0.2531604633386253,0.6271838926618999,1.694403232660608,0.0935955209006731,2.979243840771447,1.365033601153251,0.1776918003471599,1.4943837108832037,13.647648419429451,1.4845814977973568,0.0012189998496868,0.0635582033862508,10.408240862885078,,-0.29651158279188033,-0.05190351738661669,0.0,0.0,0.0,0.0,-0.26656497501143467,growth_tech,2026-10-02,2026-10-02,False,False,False,False,False,False,False,False,False,True,False,,0.0062985811521444335,Ridge,-0.002810229205551464,0.007912982,-0.042297254695549305,-0.022752161818574528,-0.003877147249559304,0.0062985811521444335,0.018958027103617568,-0.005144067056847662,72,78
VZ,mixed,Communication Services,45.97999954223633,45.97999954223633,2026-02-17,2026-02-17,74.05454545454545,4.735655974272285,1.6493193566915565,-0.3470580063221399,37.87965956535703,0.55,0.0224200650966877,0.8048981611280613,0.1375443225859652,1.0321513002364069,4.503073286052009,1.1224586288416076,0.4790432301953039,0.1461279461279461,0.7384318925042919,2.857715872104155,1.0542992282104546,0.9126503126503126,1.2834162345221716,0.0899945084574702,0.2841359433169209,2.8447981807845366,0.3501745655925197,0.0169019414596149,0.0229836156734792,24.69503546099291,,-0.08003202196405901,0.042630375107399754,0.0,0.0,0.0,0.0,-0.09068961574090895,growth_tech,2026-10-02,2026-10-02,False,True,False,False,False,False,False,False,False,False,False,,0.0034924600802430754,Ridge,0.01769389110154327,0.0035052805,-0.003805838795410561,0.0015053452759045526,0.018229854953140175,0.0034924600802430754,0.024333644679443295,0.009447265784832428,73,63
ADI,mixed,Technology,404.6000061035156,404.6000061035156,2026-02-18,2026-02-18,187.14117647058825,48.09129781920049,4.498179302440604,7.317110880978688,103.60264587576025,1.7,0.0245899201234406,0.6470904478519668,0.3154882995497526,2.575718896893678,8.281984724080234,0.223601582411828,0.9201229069465808,0.3160088051996214,0.2959695519115071,0.4203931132738527,0.0571269598254239,1.755527091598599,2.3234084506213866,0.0658508988837326,2.03127356308441,11.54700330071226,0.9210783053183074,0.0031863162162146,0.0930254448574834,68.72133971720065,,0.01056486884610508,0.6293492513833587,0.0,0.0,0.0,0.0,-0.1467724439997346,growth_tech,2026-10-02,2026-10-02,False,False,False,False,False,False,False,False,False,True,False,,0.0020873513743132344,Ridge,0.02663878691063982,0.030357223,0.0771760019462671,0.04879117598981441,0.025334579455185944,0.0020873513743132344,0.026474455078981884,0.03337911834486933,74,26
T,mixed,Communication Services,24.299999237060547,24.299999237060547,2026-02-09,2026-02-09,46.86792452830189,5.3211605808880655,1.6110841106275955,-0.201833446092039,29.75046430799394,0.53,0.0336912958121104,1.0,0.1541863383732743,0.6331426977263217,2.5434509694518064,0.9458780862044917,0.4009717314487632,0.2104871699516549,0.6942108244208682,2.6390851600879377,0.8706467661691543,0.906136110078096,3.7844622865543367,0.079643406203742,0.0,2.822757111597374,1.0251868253528924,0.0112984223314328,0.0303456219618382,15.396712634071598,,-0.13245272270401476,-0.12996780390044582,0.0,0.0,0.0,0.0,-0.0999607717289033,growth_tech,2026-10-02,2026-10-02,False,True,False,False,False,False,False,False,False,False,False,,0.0019294625580195263,Ridge,0.016062534747007286,0.042750858,0.0423110019513847,0.03360421455413757,0.020441314826326586,0.0019294625580195263,0.023866485501291206,0.025584335261209935,75,38
SNDK,mixed,Technology,1787.68994140625,1787.68994140625,2026-01-30,2026-01-30,116.36263736263736,13.37529917355372,3.961644962302947,0.0206809854835412,39.71028,5.46,0.0786252815039655,0.5094214876033057,0.3520661157024793,6.666666666666667,10.46938775510204,0.2653061224489796,0.9617271835132484,0.6160822249093107,0.2142637328819818,0.2726916674826202,0.0149035053637789,3.1136638452237,2.3559190031152646,0.2327281120172334,3.403669724770642,42.6,19.244444444444444,0.0,0.3019748653500897,65.46794871794872,,0.0,0.0,0.0,0.0,0.0,0.0,0.0,growth_tech,2026-10-02,2026-10-02,False,False,False,False,False,False,False,False,False,True,False,,0.0011934520065354226,Ridge,0.015403847518254918,0.019730832,0.0026301524100881928,-0.024736356338403705,0.028816057449801966,0.0011934520065354226,0.024169112595081907,0.00986430740473036,76,61
ACN,mixed,Technology,212.3000030517578,212.3000030517578,2026-03-19,2026-03-19,66.98986486486486,7.136894389985051,4.126107150255893,-1.0133326665933182,51.22292758384743,2.96,0.0595753837565069,0.302557139837551,0.1381920793240282,5.944894488286253,15.2442727099958,0.2426043985512158,0.960791201261094,0.1821614662859585,0.5112890755332173,1.0986369215456917,0.0458079549084219,1.336391181365663,1.1465635720598653,0.2690565412708321,4.0377847330620025,39.22768461127018,2.033920465758832,0.0078176812881548,0.0542266353771264,50.12628699967603,,0.09289764211047613,-0.171253452583215,0.0,0.0,0.0,0.0,0.13571100525627988,growth_tech,2026-10-02,2026-10-02,False,False,False,False,False,False,False,False,False,True,False,,0.0010610362565602882,Ridge,0.007031362040944063,-0.020981407,-0.019460860306525746,-0.037962052801667354,0.010702208380700583,0.0010610362565602882,0.02113364094405327,-0.005084723418561903,77,76
UBER,mixed,Technology,67.87999725341797,67.87999725341797,2026-02-13,2026-02-13,583.642857142857,11.793421685229012,6.265459706741614,-1.4968473869171184,292.41785631051755,0.14,0.0109463407418364,0.3957260197688987,0.123486008631491,1.354243077951447,3.98556438610782,0.0361710223811818,0.9739854318418314,0.2340097402597402,0.5455972298631112,1.2469583225472431,0.0713002815428019,1.1357954545454545,3.75385419388555,0.2324520242063363,8.56959526159921,15.42608695652174,2.25,0.0,0.014502209436816,12.839913941570106,,-0.10625415071207422,-0.18842662298639445,0.0,0.0,0.0,0.0,-0.05914749496547561,growth_tech,2026-10-02,2026-10-02,False,False,False,False,False,False,False,False,False,True,False,,-0.00047359294527031526,Ridge,0.02702092199122335,-0.012973616,-0.0359525562313352,0.009386661811723727,0.03062161375935741,-0.00047359294527031526,0.026471488217071574,0.006652688521305198,78,67
LYV,mixed,Communication Services,166.85000610351562,166.85000610351562,2026-02-19,2026-02-19,-135.71428571428572,5.313618355414306,91.74316280521498,0.1715589071778449,392.80539677707253,-1.05,-0.7457371949802034,0.2041259173786985,-0.0040486227539219,-1.7230290905612735,30.18835420796795,1.4948000956548368,3.266904761904766,-0.0048717681353903,0.9206178120943678,33.65114542510766,0.3100132237039644,0.9950622231692334,3.032462476698785,0.2755481028657984,2.2895473082268243,-0.306666986598841,0.1648617875516396,0.0,-0.0005164104557164,1.151156806674274,,0.031147680016782697,0.2042584345255547,0.0,0.0,0.0,0.0,-0.019916928614605978,growth_tech,2026-10-02,2026-10-02,False,True,False,False,False,False,False,False,False,False,False,,-0.0016414671132966158,Ridge,0.053841707846835084,0.026137505,0.013795175854757216,-0.0147538315129143,0.01012143498898649,-0.0016414671132966158,0.030572316378870697,0.01701692917865639,79,53
MSI,mixed,Technology,448.0299987792969,448.0299987792969,2026-02-12,2026-02-12,98.28717948717949,18.84845680473373,26.434765145228216,1.5604212001046605,69.86355942028986,3.9,0.2692946058091286,0.4872781065088757,0.2600591715976331,6.871239470517449,7.009626955475331,0.6859205776173285,0.9092356687898088,0.2066469233300427,0.8748259322296147,7.038174273858921,0.1438128816409624,1.0365251727541955,0.895601483836778,0.1743256485636185,1.3049698795180722,7.204918032786885,0.9460390355912744,0.0028567937632236,0.0474590260582478,14.336704342653183,,-0.07833618156528999,0.0688503442023447,0.0,0.0,0.0,0.0,-0.09554876761587616,growth_tech,2026-10-02,2026-10-02,False,False,False,False,False,False,False,False,False,True,False,,-0.001705326168229375,Ridge,0.008875208606321528,0.0342766,0.05709500795286203,0.058691389656182466,0.01950422435552463,-0.001705326168229375,0.021644992223430068,0.027857629774148622,80,34
AVGO,mixed,Technology,343.6400146484375,343.6400146484375,2026-03-11,2026-03-11,199.6838709677419,69.93691086052125,19.653852539062505,-3.8449129378146703,149.68391268229647,1.55,0.0920097155448717,0.6557402516700326,0.4495365335818963,1.6895169795401814,2.989664627715672,0.0527314912465724,0.9697336561743342,0.4899460228957826,0.5298964703389581,1.1271910056089745,0.0420800835646744,1.901773533424284,2.282624113475177,0.1136589701182439,3.147727272727273,11.636729222520108,3.33155436957972,0.0019658649027443,0.1055414246204085,16.340425531914892,,-0.2503627727925478,0.15222644396605922,0.0,0.0,0.0,0.0,-0.26656497501143467,growth_tech,2026-10-02,2026-10-02,False,False,False,False,False,False,False,False,False,True,False,,-0.0054336370973051,Ridge,0.020721826977795774,0.053088218,0.052583804756348745,0.03768973408210735,0.027994785671627175,-0.0054336370973051,0.024093830236102114,0.029756682969223264,81,31
OMC,mixed,Communication Services,74.69999694824219,74.69999694824219,2026-02-20,2026-02-20,-20.08706467661692,2.9926340254666477,1.373563814773614,0.0133836186690168,-26.418873587570623,-3.7645,-0.0781268159856547,0.177868615251049,0.1584792360005787,14.627581371698614,33.58272327964861,0.1908247925817472,0.9871271482188714,0.1028295563033631,0.7600638055840913,3.433487190556044,0.6747322185404947,0.9298264620051324,0.310486384491405,0.1016037768789292,0.2200150052034173,10.777367773677735,-0.3640279748631664,0.0082015390728997,-0.020377619435626,58.78867740361152,,-0.12488288486126775,0.05972474036377062,0.0,0.0,0.0,0.0,-0.1398140699522104,growth_tech,2026-10-02,2026-10-02,False,True,False,False,False,False,False,False,False,False,False,,-0.005765674656885003,Ridge,0.011737658144632424,0.039570805,0.011004728823387929,-0.011532056282866921,0.0021045969260649073,-0.005765674656885003,0.02036425468843537,0.009644740368648316,82,62
FICO,mixed,Technology,661.75,661.75,2026-01-28,2026-01-28,253.0868263473054,69.93691086052125,-22.18119799749355,19.63339093318991,181.45172285399696,6.68,-0.0875891941637068,0.8295547104357966,0.4571635619258573,7.32858407452683,6.830249125321418,0.009526619736121,0.9987017612389564,0.2314738604285036,1.379180261464187,-2.025454971810717,0.0801545317369091,0.9291917256491844,1.0340162022309878,0.2761137118695258,3.2848108413325803,5.571799266771413,0.4627023796588069,0.0,0.0443410605483885,-26.50744895274255,,-0.29651158279188033,-0.4637989252113081,0.0,0.0,0.0,0.0,-0.1805618514890533,growth_tech,2026-10-02,2026-10-02,False,False,False,False,False,False,False,False,False,True,False,,-0.008555796868922994,Ridge,0.0048749692533984305,0.055115715,-0.08216023999652147,-0.05247504708795286,-0.006629619932556677,-0.008555796868922994,0.017827326525604238,-0.009703375269876977,83,84
SNPS,mixed,Technology,490.5400085449219,490.5400085449219,2026-02-25,2026-02-25,991.2,30.92834304910582,2.4387893072403632,-3.447858027549464,168.18997342911368,0.4,0.0021185021682926,0.7353941675474656,0.0842934940995467,5.128872351317942,13.75680197784909,0.2205101951627605,0.9587783836271287,0.1371600541064039,0.3533163012569053,0.5463510243780951,0.1348213738869609,0.8602018585069514,1.468183937610664,0.0509928801280191,0.4885321241553536,1.2478628276434256,2.573542460180056,0.0,0.0187513069257929,188.93876869410323,,0.1491555006089016,-0.17139911733767688,0.0,0.0,0.0,0.0,0.1920052799433208,growth_tech,2026-10-02,2026-10-02,False,False,False,False,False,False,False,False,False,True,False,,-0.008842700201690035,Ridge,0.0182608066448319,0.011661737,0.027536050534648363,0.03401339165088809,0.04249751104883384,-0.008842700201690035,0.023967120215489083,0.021176428108597073,84,47
IBM,mixed,Technology,225.6199951171875,225.6199951171875,2026-02-24,2026-02-24,49.5334448160535,14.091266128212943,8.496712356040184,0.0563455035138599,55.907022301064366,5.98,0.1715265866209262,0.6156151579802905,0.2115716753022452,3.343299519487453,15.452215696743194,0.9695675387079552,0.7751918791780144,0.1044803145532619,0.7844350803265736,3.6492281303602057,0.2329013883221945,0.9276217083139324,1.1160496626792902,0.1296154859099288,1.5910428931875529,8.713389121338912,0.9548169306673592,0.0056741031965442,0.0578898774550948,34.279714405711886,,-0.05744247350466847,-0.1450549635574554,0.0,0.0,0.0,0.0,-0.02117873261530462,growth_tech,2026-10-02,2026-10-02,False,False,False,False,False,False,False,False,False,True,False,,-0.009174649478857294,Ridge,0.015669493655059975,0.038694598,0.013155740458829019,0.007383755776837328,0.012762333105375586,-0.009174649478857294,0.02133419618117274,0.014193332714813892,85,55
TMUS,mixed,Communication Services,161.72999572753906,161.72999572753906,2026-02-11,2026-02-11,107.42857142857144,9.30517951836936,3.8246750738982818,-1.2290753033133257,45.02667170603674,1.89,0.0355218485549718,0.4248376756801184,0.1587901701323251,3.7526564503546416,5.019682391657176,2.213932801893814,0.6289449954914337,0.2715918367346939,0.7299589029224082,2.703140043578873,0.3810499803812389,0.998408163265306,2.465201094114072,0.1109940384150485,3.183803457688808,4.08025343189018,1.165406116409076,0.005012537119361,0.0366109701688391,52.983338837235735,,-0.2516311335544905,-0.3346087561608695,0.0,0.0,0.0,0.0,-0.16797894451427314,growth_tech,2026-10-02,2026-10-02,False,True,False,False,False,False,False,False,False,False,False,,-0.00955361037318797,Ridge,0.02019750671436174,0.04969372,0.0848531669656129,0.070870484707937,0.013015637995341486,-0.00955361037318797,0.02224789518664054,0.03517124874253143,86,25
CRWD,mixed,Technology,266.0899963378906,266.0899963378906,2026-03-05,2026-03-04,1304.7202702702796,69.93691086052125,25.17509931600424,-3.477580130548047,392.80539677707253,0.15,0.0087370353559645,0.7633515273388873,0.0121497653930862,1.4903193620677369,20.70795356461281,0.4809237981359328,0.7560302007154492,0.1189880865887607,0.5965786523725218,1.4935628975767716,0.0073559298320108,1.773130630716755,0.9585348982702864,0.1177426000416355,2.93313647110208,2.1001059322033897,3.761557555072913,0.0,0.0175682812376447,17.155458620168673,,-0.29651158279188033,-0.3564933583122355,0.0,0.0,0.0,0.0,-0.20738824321382146,growth_tech,2026-10-02,2026-10-02,False,False,False,False,False,False,False,False,False,True,False,,-0.009812351929265564,Ridge,-0.03657439397305931,-0.05573382,-0.08108920990759752,-0.045616679451972834,-0.00229201218822013,-0.009812351929265564,0.009096979746403253,-0.031094000252921774,87,98
META,mixed,Communication Services,725.9299926757812,725.9299926757812,2026-01-29,2026-01-28,73.09966777408638,27.78386633051725,7.660025363302845,0.0248226276037868,54.40108318505338,9.03,0.1048042974917488,0.8179116439042308,0.41314655892076,5.8829829432764775,32.36493454978184,6.505508236846493,0.40953774783233,0.8656181279281002,0.4064739454840023,0.6848460019425252,0.0353010412815643,2.5987666124868536,3.0296929536142447,0.1636354198256384,1.226219923543962,34.95056497175141,40.80084745762712,0.0008040445532264,0.1894030031321835,84.3989898989899,,0.11073197973526727,0.08202413575164891,0.0,0.0,0.0,0.0,0.09022594579735504,growth_tech,2026-10-02,2026-10-02,False,True,False,False,False,False,False,False,False,False,False,,-0.010049762130557083,Ridge,0.02655962189634234,0.0068337047,0.04576640950696603,0.006293975058805595,0.027414314771668294,-0.010049762130557083,0.024494183945592683,0.01807519475184035,88,52
TYL,mixed,Technology,330.17999267578125,330.17999267578125,2026-02-18,2026-02-18,298.6513157894737,33.98198673804155,5.27864945855678,-3.3216081367111463,171.8713547446039,1.52,0.0176977408110481,0.4307128737314818,0.1303507256002044,5.563926887614093,25.48249994193743,0.1002624428083703,0.9822988892214708,0.1389294452403806,0.3433499890404312,0.5228812659862606,0.0328771634241464,1.0503820968472382,0.8681344389672566,0.1020018414912958,0.8962517722925665,59.88418530351438,0.1512105393333147,0.0,0.0528397273101498,85.03752612360195,,-0.06891886335857755,-0.41532087994797207,0.0,0.0,0.0,0.0,0.03491135662841546,growth_tech,2026-10-02,2026-10-02,False,False,False,False,False,False,False,False,False,True,False,,-0.013224950189052016,Ridge,-0.003752964875693211,-0.05209181,-0.12359507441889775,-0.12677188830588296,-0.007420048802213582,-0.013224950189052016,0.015130298089106407,-0.0432830033449205,89,99
INTU,mixed,Technology,282.7799987792969,282.7799987792969,2026-02-26,2026-02-26,173.6465863453815,29.928763706729736,7.305099973760169,0.902759083613016,114.848785942492,2.49,0.0363684072421936,0.7890776177166201,0.1838314341001935,5.462365591397849,10.663082437275984,0.1648745519713261,0.9707006369426752,0.1775214834916327,0.4441689516364273,0.7991078457097874,0.0494832278581952,1.3232700135685211,1.512520325203252,0.1356688641269471,0.1002042900919305,4.913793103448276,1.0706467661691543,0.0024497358739321,0.0592368818546003,67.81138790035587,,-0.19710367093159264,-0.4637989252113081,0.0,0.0,0.0,0.0,-0.08115393962876562,growth_tech,2026-10-02,2026-10-02,False,False,False,False,False,False,False,False,False,True,False,,-0.01815336229309171,Ridge,0.00021862850001170783,0.010372684,0.005812400236241386,-0.0017658181941515364,0.0052504569902213916,-0.01815336229309171,0.01598220905165913,0.002488227391948209,90,69
CMCSA,mixed,Communication Services,21.700000762939453,21.700000762939453,2026-02-03,2026-02-03,46.66666666666667,3.150974930362117,1.0506067860975812,-0.3959012181694251,27.137312633832977,0.6,0.0203603566416247,0.6059424326833798,0.1079541937480656,1.4004400440044005,2.6075357535753576,1.0310781078107811,0.5759529464992648,0.2637215129459491,0.6428249171957701,1.8085321555353755,1.0316772748703442,0.8819651592888677,2.329656067488644,0.1185118346776412,1.1513836136733586,3.097690941385435,0.9501930501930502,0.0118752946723243,0.035148983760713,26.65126512651265,,-0.2959117208650405,-0.3678997738730133,0.0,0.0,0.0,0.0,-0.20393677739678714,growth_tech,2026-10-02,2026-10-02,False,True,False,False,False,False,False,False,False,False,False,,-0.019854577939680193,Ridge,-0.012534378134956026,-0.04227327,-0.031173195092421523,0.009396288286264716,-0.011892571181950515,-0.019854577939680193,0.01180991243664546,-0.013723665771172244,91,90
ADBE,mixed,Technology,241.27999877929688,241.27999877929688,2026-03-25,2026-03-25,52.72885032537961,16.81589559237262,9.410312254001576,3.960156208642144,41.63275462962964,4.61,0.1652234759030875,0.8907471084713973,0.3779306033135355,7.124390243902439,16.804878048780488,0.0902439024390243,0.9874915483434752,0.2597014925373134,0.6151023431187719,1.5980932388699378,0.0586681984345852,0.9118525021949078,3.0583173996175907,0.2153918664152976,1.668257756563246,-13.650862068965514,2.3666666666666667,0.0,0.1129111707076788,27.817518248175183,,-0.11951246338070853,-0.3019124532613,0.0,0.0,0.0,0.0,-0.04403435006538353,growth_tech,2026-10-02,2026-10-02,False,False,False,False,False,False,False,False,False,True,False,,-0.02086220367850003,Ridge,0.07871619107008146,0.08540212,0.08972958396406555,0.07130971612001301,0.026767145248724603,-0.02086220367850003,0.03365779389548498,0.051406731040389064,92,18
TKO,mixed,Communication Services,176.0399932861328,176.0399932861328,2026-02-25,2026-02-25,-745.3924195544553,15.785531546669812,4.384144807085139,16.262197963416934,93.8492216523944,-0.0303,-0.0006354685075185,0.4456350950107034,0.0890688298971274,3.2239487813159062,10.60095758369495,0.7713277656643212,0.8069400812198299,0.1695760922527204,0.4030576027052491,1.67113501364585,0.2479722254204576,1.2609495966650426,1.8592065180010744,0.0669855702190271,2.9539425051334702,1.5693939908334749,1.5707814434491296,0.0123523503011061,0.0245852346414333,19.20977550287745,,-0.21746091177928162,0.08978806040482157,0.0,0.0,0.0,0.0,-0.239907926880487,growth_tech,2026-10-02,2026-10-02,False,True,False,False,False,False,False,False,False,False,False,,-0.025528749075750187,Ridge,-0.016341965087298467,-0.006659627,0.03253758675294279,-0.02921510336094048,0.0026883690827234634,-0.025528749075750187,0.011009529739882536,-0.004591646005481192,93,75
STX,mixed,Technology,945.5700073242188,945.5700073242188,2026-01-30,2026-01-30,142.45818181818183,21.883575221238942,91.74316280521498,3.955422031544496,77.0650531286895,2.75,0.8674324986614488,0.4162831858407079,0.2994690265486726,3.8511627906976735,4.865116279069768,0.4883720930232558,1.1452282157676348,0.1922361074182398,0.9472898484152504,17.971677559912855,0.0727745057917118,1.119117256048923,2.267255216693419,0.3244143316490583,0.9311123658949746,11.75,0.6850467289719626,0.0024910588779559,0.0801309249606012,2.0220264317180616,,0.02794297259410783,1.0930483982474672,0.0,0.0,0.0,0.0,-0.24531912696775898,growth_tech,2026-10-02,2026-10-02,False,False,False,False,False,False,False,False,False,True,False,,-0.026807441683488073,Ridge,-0.031960901637524325,-0.12745543,-0.10171844940312273,-0.13230002590113765,-0.031856962790558885,-0.026807441683488073,0.0051165732539953,-0.06277987709677581,94,100
MU,mixed,Technology,1097.3900146484375,1097.3900146484375,2026-03-19,2026-03-18,27.57877551020408,19.593671416596816,6.45199354117501,0.052040041942122,25.15054808574977,10.58,0.1903007217874936,0.743880972338642,0.6388028945699924,14.627581371698614,12.991111111111111,4.790222222222222,1.4527430059648827,0.8326105204252938,0.2861815208503679,0.4009163802978236,0.0169559683853648,2.89682428651371,1.3780755458010858,0.235053049483297,1.804251550044287,367.2,26.171799027552677,0.0002823499213912,0.31358596093688235,63.560526315789474,,0.05993117768546741,1.0930483982474672,0.0,0.0,0.0,0.0,-0.2133309218763994,growth_tech,2026-10-02,2026-10-02,False,False,False,False,False,False,False,False,False,True,False,,-0.034418504885881454,Ridge,0.005830144233503052,-0.024004363,-0.07217333861649104,-0.026928935969791443,0.02659833136418751,-0.034418504885881454,0.01580720632032623,-0.015092141177526084,95,91
PSKY,mixed,Communication Services,9.34000015258789,9.34000015258789,2026-02-25,2026-02-25,-25.76923076923077,1.7465879574970484,1.265167194047721,-0.1751922213911742,-3.9703465194725545,-0.52,-0.0490036774138373,0.3702479338842975,-0.34526752748315304,0.2146739130434782,2.965579710144928,0.0751811594202898,0.740625,0.0301915275025945,0.7026671588759171,2.6045497306080563,0.9717039800995024,1.2567223322954997,1.2804232804232805,0.1954224539707443,5.887417218543046,-13.650862068965514,-1.6732586147352595,0.0070976638546398,-0.0143162042357576,10.591485507246375,,-0.29651158279188033,0.08978806040482157,0.0,0.0,0.0,0.0,-0.26656497501143467,growth_tech,2026-10-02,2026-10-02,False,True,False,False,False,False,False,False,False,False,False,,-0.03602014270682748,Ridge,0.10837631220229538,0.12433671,0.033035479513891984,0.05614041144341912,0.04505640508331015,-0.03602014270682748,0.03857675669777469,0.052442518550790955,96,16
CPAY,mixed,Technology,389.7300109863281,389.7300109863281,2026-02-27,2026-02-26,78.98425196850394,16.725833791316635,5.375476744293827,-5.567890240288626,34.97932837517508,3.81,0.0680981620365697,0.6982461509374104,0.409413840121901,10.958920103204232,129.60981305043458,0.7558845150410078,0.9354761312993856,0.056848035386125,0.8398721833253276,5.710668035749965,0.4804629889286986,0.9758939087733464,0.3125269311631333,0.0472667229245836,0.2407449308042961,4.521726435378122,0.1419917965150385,0.0,0.0171819347434008,55.38644952440711,,0.17385021832573755,0.21007858846315441,0.0,0.0,0.0,0.0,0.12133057120994895,growth_tech,2026-10-02,2026-10-02,False,False,False,False,False,False,False,False,False,True,False,,-0.05131842827811542,Ridge,-0.0005816075371210909,-0.009379884,0.02354147434989154,0.047877389749985365,-0.06541748174462196,-0.05131842827811542,0.005248132517234204,-0.00787431948092834,97,83
TDY,mixed,Technology,612.7000122070312,612.7000122070312,2026-02-20,2026-02-20,87.45376712328768,15.113777832909507,2.3176883934600863,0.9213447108159832,63.789528595357744,5.84,0.0262129181369425,0.2943620914221919,0.2043664330459592,7.186440677966102,7.466101694915254,0.8432203389830508,0.8949868073878628,0.203752486425461,0.3121561238575625,0.4538182786596791,0.1015842780991289,1.6427073813235848,1.1794440380395026,0.1054804289088209,2.338060008220304,27.23140495867769,0.8054954565123323,0.0,0.0754914700088024,188.93876869410323,,-0.11021070273017153,0.23968115127677092,0.0,0.0,0.0,0.0,-0.17013099054936426,growth_tech,2026-10-02,2026-10-02,False,False,False,False,False,False,False,False,False,True,False,,-0.06821356166346935,Ridge,0.02214475050868509,0.029124642,0.07513370419899391,0.0555756595113468,0.026812388899692036,-0.06821356166346935,0.01342713154265125,0.021216775996082893,98,46
WDC,mixed,Technology,462.55999755859375,462.55999755859375,2026-01-30,2026-01-29,51.32637571157496,21.46387139542592,8.82241144414169,0.152097791598454,32.831791626095416,5.27,0.2509536784741144,0.4574080212131256,0.3191912495856811,1.892753623188406,5.72463768115942,0.2666666666666666,0.876510067114094,0.1439335394126738,0.5298187175709436,1.1268392370572209,0.0718846756696239,1.454984544049459,1.7905044510385757,0.193261162001153,1.0935203740814965,17.833333333333332,0.8482456140350877,0.0007412383312872,0.2338290412283883,19.52127659574468,,-0.1526379852711427,1.0930483982474672,0.0,0.0,0.0,0.0,-0.26656497501143467,growth_tech,2026-10-02,2026-10-02,False,False,False,False,False,False,False,False,False,True,False,,-0.06954473848185783,Ridge,-0.03693042666046277,-0.11061188,-0.07495733869276171,-0.13993216916305545,-0.012311380937166772,-0.06954473848185783,-0.002020894487085541,-0.06292658662942384,99,101
CHTR,mixed,Communication Services,111.37000274658203,111.37000274658203,2026-01-30,2026-01-30,19.937917860553963,1.952789408866995,1.6544094150990407,0.2150872837066125,22.710394239631334,10.47,0.0829699763298866,0.4034262186603926,0.2465995147415631,3.348187970102096,3.749027374973474,6.505508236846493,0.1132677479393778,0.2826544416052908,0.8669437725742966,8.327768780366263,2.7734993904127725,0.3865925146550428,3.6959239130434782,0.088196196170232,7.847195357833655,2.640944881889764,1.7052416609938734,0.0,0.026373659251724,124.51911144204516,,-0.29651158279188033,-0.4637989252113081,0.0,0.0,0.0,0.0,-0.1805618514890533,growth_tech,2026-10-02,2026-10-02,False,True,False,False,False,False,False,False,False,False,False,,-0.07878254956516366,Ridge,-0.050638198505868585,0.032573417,-0.07759756300015318,-0.031561536738770296,-0.006040666606596942,-0.07878254956516366,-0.006108945470532114,-0.03108048183391019,100,97
APP,mixed,Technology,281.30999755859375,281.30999755859375,2026-02-19,2026-02-19,206.6932515337424,69.93691086052125,91.74316280521498,1.6158172751909834,171.167463661164,3.26,0.5163587269419971,0.8893032575286017,0.6388028945699924,3.801217770338805,7.354812381157976,0.0837416718171037,0.978444647089898,0.9849646270621718,0.7059523858719683,2.400809773496712,0.0155567782290957,3.3219612112269714,0.9112756861456134,0.2283792104534541,0.2456956506023612,24.86338467537532,18.185304968344244,0.0,0.2214644894309961,6.280328216111893,,-0.29651158279188033,0.08978806040482157,0.0,0.0,0.0,0.0,-0.26656497501143467,growth_tech,2026-10-02,2026-10-02,False,False,False,False,False,False,False,False,False,True,False,,-0.08313027964246056,Ridge,-0.04230396006790725,-0.07964115,-0.17062767011538238,-0.1718304022166653,-0.04328330296938728,-0.08313027964246056,-0.007627940056316146,-0.08425290364682093,101,102
KLAC,mixed,Technology,200.3300018310547,200.3300018310547,2026-01-30,2026-01-30,139.18442153493697,48.46727332062335,29.23738404981877,13.48868349538443,109.1443014489351,8.73,0.2096118524676754,0.6144514073686759,0.4131288089760053,9.59595337484888,39.59536789920695,0.8027555373069641,0.9228023840182158,0.3434065575351189,0.6731066705549709,2.059101884084672,0.0382311479883403,2.77043856177771,1.521737685639623,0.1971950382494784,2.989752792287665,19.551960728024344,10.89567775889934,0.0015622544217167,0.1106180045185493,41.342846337127945,,-0.29651158279188033,-0.4637989252113081,0.0,0.0,0.0,0.0,-0.1805618514890533,growth_tech,2026-10-02,2026-10-02,False,False,False,False,False,False,False,False,False,True,False,,-0.09684797761463222,Ridge,0.01992253631325531,0.03206822,-0.0452749694196366,-0.007448543551050264,0.0011407195271786472,-0.09684797761463222,0.006240548847165421,-0.012993413077801962,102,88
CARR,mixed,Industrials,55.220001220703125,55.220001220703125,2026-02-05,2026-02-05,836.0759493670886,9.167526979532768,3.2123535207186324,-2.0467461302138727,116.7522694736842,0.0632,0.004491451753115,0.1986768658259251,0.0208807111846185,1.0510009532888465,1.8529551954242136,0.1561010486177311,0.8706811451135242,0.1423952769187517,0.6201129335842969,1.6706751666183717,0.2762760611923399,1.1994658420016868,1.83289124668435,0.1300618445818768,1.434492968171725,50.5,0.9425531914893616,0.0042621970096606,0.0169542971121325,16.3032951458604,,-0.13502504353535205,-0.21495591099370026,0.0,0.0,0.0,0.0,-0.08128606578692699,cyclical,2026-10-02,2026-10-02,False,False,False,False,False,False,False,True,False,False,False,,0.06048907551642034,Ridge,0.04592502270207466,0.07663952,0.06932524497480327,0.09996212254513347,0.0356235892029492,0.06048907551642034,0.03659162100762707,0.060306508775946226,1,3
KKR,mixed,Financial Services,91.23999786376953,91.23999786376953,2026-02-27,2026-02-27,102.80645161290325,20.58367031941145,3.677234387703984,0.8906650104822381,49.091732195133616,1.24,0.0370812956246571,0.3557777703310368,0.4003995880945933,2.544689535053108,0.048723813173403234,0.0379581716990017,0.9853026134382312,1.3113556008644347,0.8009677170221298,10.63058045577517,0.4737088331083198,14.923628817186406,1.670777022829494,0.0134603554626043,0.0,2.7470981532572765,1.825180170278519,0.0018066904177249,0.0035667081438729,32.33693359726735,,0.006952851382513225,-0.25133340556519634,0.0,0.0,0.0,0.0,0.06978620277381231,cyclical,2026-10-02,2026-10-02,False,False,False,False,False,True,False,False,False,False,False,,0.057817502920791464,Ridge,0.02743909591532969,0.029758377,0.0735148911005213,0.06134870553684167,0.018252809490173515,0.057817502920791464,0.022226347029516508,0.04147731945585276,2,16
SCHW,mixed,Financial Services,98.37000274658203,98.37000274658203,2026-02-25,2026-02-25,74.5597014925373,24.69873325892857,3.5849773205896645,2.834880225701505,51.70099628252788,1.34,0.0497934553701603,0.8158482142857143,0.5164620535714286,-0.5197516930022573,0.3566591422121896,0.0891647855530474,1.2070773263433814,-0.0677559719385489,0.8993370604588642,8.941560019439494,0.1759427728748198,14.923628817186406,0.15457502312928828,0.0145989266693143,0.0092938111666549,4.449519230769231,0.274042834697759,0.0031857113840379,0.0063228933124985,27.790658413055716,,0.030160254964729738,0.1164453835726027,0.0,0.0,0.0,0.0,0.0010489090715790628,cyclical,2026-10-02,2026-10-02,False,False,False,False,False,True,False,False,False,False,False,,0.0526031816313441,Ridge,0.02992096610722461,0.03328712,0.032380489682887946,0.0249895584962861,0.02212391187101074,0.0526031816313441,0.024967152003454937,0.03151200543525676,3,31
AXON,mixed,Industrials,422.2099914550781,422.2099914550781,2026-02-25,2026-02-24,1304.7202702702796,57.309998898928605,14.081118503015118,-15.634769496817928,392.80539677707253,0.04,0.0009251669463754,0.5789999987448602,0.0125513967195666,1.9332275466921152,21.226534225025787,0.7687784503718547,0.7154786291343476,0.1477641351511107,0.5367838552361873,1.15881940062751,0.041823335059282,2.5256331509706174,0.8336243833280146,0.1138126252354716,2.4116072430007334,0.3469932683299212,0.4920774245458119,0.0,0.006653085501463,32.42658,,-0.26189645212566315,-0.4434132756962731,0.0,0.0,0.0,0.0,-0.15104313320159488,cyclical,2026-10-02,2026-10-02,False,False,False,False,False,False,False,True,False,False,False,,0.05001107014103202,Ridge,0.01924009316465089,-0.0064555155,-0.01372001399225205,0.03872152114281876,0.02893021236334633,0.05001107014103202,0.02201991563422198,0.020243714114110807,4,92
TDG,mixed,Industrials,1097.239990234375,1097.239990234375,2026-02-03,2026-02-03,200.8836858006042,33.346944420131294,-8.219823948220064,-3.3846846600027525,90.31453182214472,6.62,-0.0416396979503775,0.5671772428884027,0.4560175054704595,13.264604810996564,43.43642611683849,1.0309278350515465,0.9278846153846154,0.3282051282051282,1.379180261464187,-3.5620280474649406,0.3943160119860728,2.7499013806706114,1.460997442455243,0.096182177884413,2.568831168831169,2.193684210526316,0.770392749244713,0.0007743008955327,0.0147183525136281,-26.50744895274255,,-0.16639570431801087,-0.24524512802274434,0.0,0.0,0.0,0.0,-0.10508442231232479,cyclical,2026-10-02,2026-10-02,False,False,False,False,False,False,False,True,False,False,False,,0.049761667059186804,Ridge,0.027214039372627657,0.012249975,0.016499465427442513,0.040071871188212566,0.034504852355446286,0.049761667059186804,0.027696492079267124,0.0299730633994136,5,35
ARES,mixed,Financial Services,116.56999969482422,116.56999969482422,2026-02-25,2026-02-25,1243.3076923076922,20.24238029953505,8.360120965029987,-1.8571614477490677,146.06947857888193,0.13,0.0126882164574924,0.7264892936226123,0.2928614711995334,-6.374358103790715,6.782751980291945,0.0714152390895428,1.0074002121709664,-0.15505345437888604,0.6998797054502912,4.746062122394697,0.2671921177907261,2.24033452996279,0.9289785954602487,0.0609033193907729,0.0,2.778723495717402,0.2672209874016572,0.0128625468235225,0.005855029858888,19.333452312004944,,0.02831686392752486,0.08978806040482157,0.0,0.0,0.0,0.0,0.005869848826319468,cyclical,2026-10-02,2026-10-02,False,False,False,False,False,True,False,False,False,False,False,,0.049346062899645826,Ridge,0.035794887236840406,0.034240097,0.04946069520092508,0.05736991070116746,0.029541749099446176,0.049346062899645826,0.030370234792193477,0.04088452909654734,6,17
VRSK,mixed,Industrials,168.3800048828125,168.3800048828125,2026-02-18,2026-02-18,157.5281690140845,39.93740062873652,91.74316280521498,-3.193918682026442,81.17195891410134,1.42,0.6381877022653721,0.596045197740113,0.4359270672829995,1.9856707497264183,15.67032957833717,0.4832925548048363,0.8042528400815613,0.1492414032952223,0.9499959648131708,19.047572815533982,0.1570800599768432,1.2021910185627962,1.6542056074766356,0.1257041401016867,4.297814207650274,5.966608084358524,0.2328371333458953,0.0020094364673542,0.0469103080347282,2.221262726182054,,-0.21607148897615114,-0.4637989252113081,0.0,0.0,0.0,0.0,-0.10012175767332411,cyclical,2026-10-02,2026-10-02,False,False,False,False,False,False,False,True,False,False,False,,0.04841892296623934,Ridge,0.005231873166189711,0.05163123,0.024048805378981145,0.07846310420576576,0.010689299001155497,0.04841892296623934,0.009513638979488278,0.03227508534607634,7,28
OTIS,mixed,Industrials,64.4800033569336,64.4800033569336,2026-02-05,2026-02-05,90.98958333333331,9.059092661617491,-6.37765499693991,0.0,66.31280085725552,0.96,-0.0693620178041543,0.3021601685985247,0.155163329820864,1.960962569466528,2.783957222973205,0.1143048129870385,0.944920440636475,0.1067136886102403,1.379180261464187,-2.9532640949554896,0.2429022712919246,0.8491379310344828,1.029284164859002,0.3563315497981789,1.2366946778711485,9.203125,0.4392857142857143,0.0047690617133814,0.026312484300427,-13.696256702802485,,-0.29651158279188033,-0.31557155973958606,0.0,0.0,0.0,0.0,-0.21761869285698382,cyclical,2026-10-02,2026-10-02,False,False,False,False,False,False,False,True,False,False,False,,0.04791537548888729,Ridge,0.01150387963647199,0.039698284,0.028116202809399728,0.008622668956305526,0.027978511320326915,0.04791537548888729,0.018050486327320425,0.02594194248931046,8,52
NCLH,mixed,Consumer Cyclical,14.640000343322754,14.640000343322754,2026-03-02,2026-03-02,744.0,4.527415879558011,4.598120900280919,-1.8415959157808337,52.13056663549002,0.03,0.0064501006385843,0.4103016396364284,0.0831585278916414,0.0471448182745396,0.4610430667706264,0.9613189341377004,0.0467491450850558,0.0842005532429895,0.9019631477209424,9.20024589481458,1.4374272696138215,0.2088078719475213,7.695287990427177,0.0995679017466571,7.801237806135981,1.0976557905384745,0.4583860373732593,0.0,0.0152180509143613,4.809143085675468,,-0.29651158279188033,-0.1714770603665675,0.0,0.0,0.0,0.0,-0.2536423177002385,cyclical,2026-10-02,2026-10-02,False,False,True,False,False,False,False,False,False,False,False,,0.04659275597084968,Ridge,-0.042564671474558224,0.053157687,-0.03696068505882735,-0.034071119874527024,0.025959809217501784,0.04659275597084968,-0.009022551683052249,0.0002342218215487088,9,171
AJG,mixed,Financial Services,231.82000732421875,231.82000732421875,2026-02-17,2026-02-17,446.1896551724138,18.570738086915657,2.8890115252060378,-2.4633387157177773,113.76762130772404,0.58,0.0064748509926675,0.3911245865490628,0.0939911797133406,2.740211926699815,5.362119217371659,0.1521059606073909,0.9474103585657372,0.0231556935945139,0.6696101323144413,2.0289867501393597,0.2001494990469112,1.056490051969618,0.7010628019323671,0.0513408335102242,0.0,2.1180124223602483,0.6592015579357352,0.0024860987089623,0.0108415402172534,89.57735119507483,,0.011122289546031894,-0.33532125089824594,0.0,0.0,0.0,0.0,0.09495260227059338,cyclical,2026-10-02,2026-10-02,False,False,False,False,False,True,False,False,False,False,False,,0.04619905711726891,Ridge,0.031002598062703446,0.061404664,0.07049293209943883,0.09461465253255427,0.018646938012733705,0.04619905711726891,0.024783124447877114,0.04922767202089305,10,5
PYPL,mixed,Financial Services,53.060001373291016,53.060001373291016,2026-02-03,2026-02-03,37.90909090909091,6.264612724757953,2.6832434834123227,0.5385679086865754,28.54451318458418,1.54,0.070941943127962,0.4649608114338405,0.1741585984324573,2.352309344790548,11.194414607948442,0.2083780880773362,0.9186241610738256,0.0513317399823439,0.7473463634889551,2.95798775671406,0.1837474320068266,1.286717051008763,0.1826141864870553,0.1082159829368989,0.1147930164696572,13.612612612612612,16.054054054054053,0.0023918259898755,0.0278885792012283,21.57188498402556,,0.16283150062000895,-0.25193851158478764,0.0,0.0,0.0,0.0,0.22581612851620586,cyclical,2026-10-02,2026-10-02,False,False,False,False,False,True,False,False,False,False,False,,0.04584584070856977,Ridge,0.025424431098594158,0.011535058,0.006905506325406817,0.014080100643533367,0.02418554454665046,0.04584584070856977,0.023808125272192227,0.021929012922711908,11,76
HOOD,mixed,Financial Services,111.1500015258789,111.1500015258789,2026-02-18,2026-02-18,168.8059701492537,69.93691086052125,11.097137506906348,6.609136400329649,164.76155749371344,0.67,0.0661129931155065,0.7568199532346064,0.5066250974279034,-1.0458000887286198,8.957795648183481,0.002227476227324,1.0021344717182497,-0.0325675159014285,0.7600492959593046,3.167522675117473,0.1517283541583035,1.261860901602308,0.15457502312928828,0.0336418700999029,0.673866090712743,0.0,0.0407580477673935,0.0,0.0216656316842613,9.97146802430138,,0.41089110847777244,0.08978806040482157,0.0,0.0,0.0,0.0,0.32512160904057463,cyclical,2026-10-02,2026-10-02,False,False,False,False,False,True,False,False,False,False,False,,0.0450715460185489,Ridge,-0.01773319842463659,-0.10072341,-0.10627137801565288,-0.11346933691749932,0.0003954944471071078,0.0450715460185489,-0.0047853550999554725,-0.04118088866035078,12,196
TXT,mixed,Industrials,77.16999816894531,77.16999816894531,2026-02-11,2026-02-11,66.83969465648855,3.758433269461078,1.9925662095238093,-20.54187414353298,43.883762591687045,1.31,0.0298412698412698,0.1209580838323353,0.1190419161676646,2.923587302643988,11.233898079419498,0.9597354902417646,0.7528571428571429,0.1608086377211118,0.5656131060731425,1.3020952380952382,0.2508370971165721,1.837353549276361,5.072904009720535,0.2302940040818578,3.0970464135021096,71.0,5.228571428571429,0.0004461025609288,0.0338404525063389,43.68738141996472,,-0.13823010383601286,-0.029674359751724944,0.0,0.0,0.0,0.0,-0.13081151389808163,cyclical,2026-10-02,2026-10-02,False,False,False,False,False,False,False,True,False,False,False,,0.04434923857370274,Ridge,0.022636912354645967,-0.014576818,0.012921263434117685,0.004958710067445209,0.01885740699671473,0.04434923857370274,0.02085555831726154,0.01616846979571611,13,119
ADP,mixed,Industrials,263.9599914550781,263.9599914550781,2026-01-29,2026-01-29,97.80608365019012,19.38116433116265,16.247375879868606,4.70174626827837,65.06948472580052,2.63,0.1661348349757547,0.4608064486033624,0.2383520235851697,2.7399702823179792,6.117880138682516,0.0656265477959385,0.976608703327743,0.0157038597755799,0.924467801047739,12.239386829344596,0.0412431086345926,1.032305954270427,1.572333871204342,0.0633192106749339,15.251229983516517,10.29331184528606,3.033132530120482,0.0060585653875555,0.0151444667102895,15.796886582653816,,0.22789222428747324,-0.18980972542947172,0.0,0.0,0.0,0.0,0.2753446556448412,cyclical,2026-10-02,2026-10-02,False,False,False,False,False,False,False,True,False,False,False,,0.04434202219193928,Ridge,0.018790699874356817,-0.0452659,0.00017240287538783394,-0.014030745548474714,0.029202673917077794,0.04434202219193928,0.022219498193893523,0.008711002816068314,14,147
MGM,mixed,Consumer Cyclical,30.469999313354492,30.469999313354492,2026-02-11,2026-02-11,32.87387387387388,2.0986663503679592,3.977468731384653,-0.0399508882579365,132.17122778720776,1.11,0.1209917869622707,0.440342329771542,0.0705735411215028,2.0232770474229453,7.788854923392179,1.1192688812057758,0.643833723794077,0.2369944879242005,0.9208117429717454,15.67850589135349,2.7734993904127725,1.2335683394611838,3.4288493582727644,0.1113088127830506,6.114734924152199,3.128043733518123,5.480029258339589,0.0,0.0150313926374319,9.174176458527922,,-0.1469765029855965,-0.02245751320646483,0.0,0.0,0.0,0.0,-0.1413621246839803,cyclical,2026-10-02,2026-10-02,False,False,True,False,False,False,False,False,False,False,False,,0.04324023533805339,Ridge,0.03517380355682614,0.04993217,0.027204115340658135,0.03654527546306184,0.07665184910750329,0.04324023533805339,0.04522474970184625,0.04490012911597815,15,13
EME,mixed,Industrials,769.030029296875,769.030029296875,2026-02-26,2026-02-26,63.79457768508863,6.102248130867255,7.502024535605332,0.3505440507742954,38.40874943948078,9.59,0.1175276487611133,0.2071419857732383,0.1177045448456937,10.931616031062806,24.68218771095332,0.7085012784054209,0.9391328060045308,0.1077924907604204,0.6172065852473885,1.612830244554626,0.0170745117240781,1.2204354010532503,1.0649635702542006,0.470468455107579,2.917565022143865,164.0851851851852,4.482632663182391,0.0004060297757457,0.0787742968970447,81.54998655314783,,0.04519017817401272,0.08978806040482157,0.0,0.0,0.0,0.0,0.022743163072807326,cyclical,2026-10-02,2026-10-02,False,False,False,False,False,False,False,True,False,False,False,,0.04200064037030429,Ridge,0.02379149874723705,0.06819776,0.0633382892974666,0.055194886613937455,0.029800227500924883,0.04200064037030429,0.0249978656267718,0.043527513619489124,16,15
HON,mixed,Industrials,213.8000030517578,213.8000030517578,2026-02-17,2026-02-17,424.1086956521739,12.699443328550933,8.02598238341969,-1.2506285679724312,105.99278650036683,0.46,0.0191062176165803,0.3556056568969051,0.1586390653822504,1.7585012594458438,20.355793450881613,0.0913098236775818,0.9506382978723404,0.0501793645370686,0.7916750995075221,3.800194300518135,0.2665726972489478,1.316492996241886,1.2804093950925075,0.1316602577076165,0.9957244655581948,4.117021276595745,0.1670122826607114,0.0061490705123115,0.0112824882829143,24.177889132477294,,-0.13804223894630774,-0.05196876972438014,0.0,0.0,0.0,0.0,-0.1250500465152127,cyclical,2026-10-02,2026-10-02,False,False,False,False,False,False,False,True,False,False,False,,0.04183261045661063,Ridge,0.02650248447284582,0.042326737,0.032762081166114045,0.04456607990625719,0.035232655163044926,0.04183261045661063,0.028043848075601435,0.03582378152190534,17,20
TROW,mixed,Financial Services,105.83000183105469,105.83000183105469,2026-02-13,2026-02-13,51.44723618090452,11.845020551533011,2.109506749359582,-0.4162023597039339,30.182732754174065,1.99,0.0410033056785849,0.9457111834961998,0.2435241197456181,-0.3816438359935398,15.096829118891996,0.2980754550441347,3.266904761904766,-0.15505345437888604,0.1747944380164723,0.2350899162991132,0.0204718975366339,14.923628817186406,2.7073068309070547,0.1324154645598132,0.0,0.0,9.341071428571428,0.0124184538361884,0.198895460420665,48.53267240367028,,0.11493891520285171,0.1484536281177935,0.0,0.0,0.0,0.0,0.07782550817340333,cyclical,2026-10-02,2026-10-02,False,False,False,False,False,True,False,False,False,False,False,,0.04049732257222016,Ridge,0.02609475023535098,0.024910191,0.0016733325162041675,0.0101278319684829,0.023569686219319385,0.04049732257222016,0.02425889038424886,0.02169950099992372,18,78
PGR,mixed,Financial Services,210.9600067138672,210.9600067138672,2026-03-02,2026-03-02,45.18253968253968,5.890795320608673,29.33528339903636,0.8558644624918872,34.93607303077726,5.04,0.6462987297415681,0.2927698126484299,0.1619315682997625,5.183611016661,157.8119687181231,0.2057123427405644,0.9618296529968454,0.0,0.9498561356498056,18.942619360490585,0.0,0.0,1.387732682331401,0.2497089766961716,0.0,53.36231884057971,44.971014492753625,0.0004404796169027,0.035078388752717,7.762665759945596,,-0.011480217825466488,-0.26937727119946253,0.0,0.0,0.0,0.0,0.055864099974399145,cyclical,2026-10-02,2026-10-02,False,False,False,False,False,True,False,False,False,False,False,,0.04008905961214139,Ridge,0.03213163385392582,0.13406661,0.10015478828914683,0.07577126061419831,0.027377290175788615,0.04008905961214139,0.02843975219944703,0.06154580875972884,19,2
FIX,mixed,Industrials,1685.2900390625,1685.2900390625,2026-02-19,2026-02-19,99.49786780383792,12.436497412952884,13.438482032233273,1.834119278557522,71.27961640623808,9.38,0.1350904575105747,0.2549878744566936,0.161125927650358,11.41378332387975,27.84736245036869,1.8743618831537152,0.8589448072736586,0.1380556005716222,0.619824600161865,1.6303648274605986,0.0146882477918141,1.2111769818937197,0.91054390716679,0.4108053988336589,2.830986805447851,151.67200284596228,8.339248809416839,0.0006429781549638,0.0922801977259264,69.33501330766181,,0.171772471258274,0.08978806040482157,0.0,0.0,0.0,0.0,0.1493254561570686,cyclical,2026-10-02,2026-10-02,False,False,False,False,False,False,False,True,False,False,False,,0.03923581978628843,Ridge,0.014899990606287515,0.00022044915,0.0018968227704483811,-0.00972360591621638,0.02929057550755298,0.03923581978628843,0.02064017554811072,0.014119198572862665,20,127
GPN,mixed,Industrials,80.29000091552734,80.29000091552734,2026-02-20,2026-02-20,85.05494505494505,9.784906722762177,0.8108636258126093,-0.3248625662947061,94.0814014145734,0.91,0.0095035263367397,0.7061612798633463,0.1304874351856977,1.4471014099896158,34.765573066320805,0.7015042391435804,0.6735072164468219,0.0690925007952426,0.5541777865302658,1.2914196295501632,1.1749838572009847,1.6900810852419603,2.418806285339733,0.0355609094551693,0.2095167314753832,1.2102648358956305,0.1510264125493917,0.003182007247694,0.0073589762144548,95.30076944215443,,0.030812696309248322,0.07181952897513488,0.0,0.0,0.0,0.0,0.012857814065464601,cyclical,2026-10-02,2026-10-02,False,False,False,False,False,False,False,True,False,False,False,,0.039135273011009386,Ridge,0.019177302486391483,-0.01744374,-0.026451528603393677,0.003596707300088261,0.032322400782716774,0.039135273011009386,0.023696238026650614,0.011112650814633519,21,137
HIG,mixed,Financial Services,125.73999786376953,125.73999786376953,2026-02-20,2026-02-20,34.0246913580247,5.24476750547046,2.0206407081511144,1.407911494252874,26.66733876017533,4.05,0.0595921808314452,0.4894693654266958,0.1932439824945295,6.331297161336687,16.119295724038807,0.1652892561983471,0.9745575221238938,1.3113556008644347,0.7793062548693559,3.53116602560725,0.1139773046701229,14.923628817186406,1.1576947435085496,0.085026221844948,6.099673202614379,28.836734693877556,26.836734693877556,0.0039374452082334,0.0188904473425049,67.1585279547063,,-0.11363317451170507,-0.031801048250022945,0.0,0.0,0.0,0.0,-0.10568291244919933,cyclical,2026-10-02,2026-10-02,False,False,False,False,False,True,False,False,False,False,False,,0.03825791205367279,Ridge,0.02221023171914254,0.022234667,0.003085998651474209,0.0075347105278635385,0.016623158265044534,0.03825791205367279,0.020303740980800317,0.018697533598363965,22,101
GL,mixed,Financial Services,165.8300018310547,165.8300018310547,2026-02-25,2026-02-25,41.74925373134329,7.420176564002284,1.8926571514377837,-0.3501304248530733,36.35594720112006,3.35,0.0445219654807476,0.3035638119861149,0.2337745172022337,4.08276635769155,223.2346283437238,0.2536144762870959,0.9415147133065792,0.1774495021963489,0.8061063568753787,4.157466659993951,0.2321797441547444,9.662096317452509,1.4633333653412202,0.0494562611971327,1.9623838826104965,10.118034649247372,0.918067709038268,0.0019166365810441,0.0107089170213123,73.89610944261797,,0.1332604512475546,0.35659360136661244,0.0,0.0,0.0,0.0,0.04411205090590148,cyclical,2026-10-02,2026-10-02,False,False,False,False,False,True,False,False,False,False,False,,0.037840940489462724,Ridge,0.023482354494563942,0.033897668,0.023099421401961872,0.01839178786683989,0.02059844031454561,0.037840940489462724,0.022201002570240675,0.025611403048708365,23,54
JPM,mixed,Financial Services,333.17999267578125,333.17999267578125,,,83.48275862068965,0.918021940466253,0.0,0.0,0.0,1.01,0.03771452055770035,0.019323034352334116,0.0,0.0,0.048723813173403234,0.0,0.0,0.0,0.9257137318321184,12.461438091627796,0.0,0.617859309007189,1.670777022829494,0.00978028479896449,0.0,0.0,0.0,0.0,0.0,23.17864833470325,,0.08266716278605712,0.11171168727321068,0.020000000000000018,0.0,0.0,0.0,0.054739240967754454,cyclical,2026-10-02,2026-10-02,False,False,False,False,False,True,False,False,False,False,False,,0.03578580309118572,Ridge,0.036709129395389575,0.0538153,0.09300530265395639,0.04716380092190866,0.026447785988106362,0.03578580309118572,0.030646536509878496,0.04595269465048387,24,11
HLT,mixed,Consumer Cyclical,315.44000244140625,315.44000244140625,2026-02-11,2026-02-11,222.67441860465115,21.960155490767736,-12.581848552338531,-2.042860101010101,128.4890965732087,1.29,-0.0551224944320712,0.7644962747003563,0.1950113378684807,0.6398305084745762,4.110169491525424,0.2203389830508474,0.7438423645320197,0.8252032520325203,1.3187075235483483,-4.105419450631032,0.2020032157661046,10.8130081300813,1.8266272189349115,0.184034815786336,0.0,3.648484848484848,1.2335766423357664,0.0005162927232228,0.0155515370705244,-22.638655462184875,,0.03490814449280255,0.266166268379586,0.0,0.0,0.0,0.0,-0.03163342260209395,cyclical,2026-10-02,2026-10-02,False,False,True,False,False,False,False,False,False,False,False,,0.034969886146542103,Ridge,0.028623099244472892,0.04796453,0.049625415732289034,0.02813595324629264,0.02526317291016922,0.034969886146542103,0.026356892456866607,0.03423751520202743,25,23
PAYX,mixed,Industrials,100.83999633789062,100.83999633789062,2026-03-26,2026-03-26,59.05128205128205,18.606783127867768,8.385940302969903,0.3591204149174743,40.84043189368771,1.56,0.1396003587801475,0.761623085853281,0.4378351484327492,2.118809126321647,5.0929326655537,0.1419031719532554,0.9372307692307692,0.1031209148252973,0.7708007355208607,3.363015746462029,0.1471902063740926,1.260042390628371,0.8735271392698474,0.1032984227417568,3.256797583081571,11.629955947136564,1.5473189489425336,0.0115277850816794,0.0497340307309339,11.130338325013868,,-0.005369472873610226,-0.2583112949552029,0.0,0.0,0.0,0.0,0.059208350865190496,cyclical,2026-10-02,2026-10-02,False,False,False,False,False,False,False,True,False,False,False,,0.034780079189406635,Ridge,0.023458706176047384,0.0135092195,0.024278304844587803,0.007141496712213813,0.02710859590249264,0.034780079189406635,0.024415021658302855,0.02227072002847569,26,73
J,mixed,Industrials,139.7899932861328,139.7899932861328,2026-02-03,2026-02-03,118.26785714285714,4.871554027731007,4.65849656494091,1.4739219466050029,58.15040128496498,1.12,0.0386759197421527,0.2323670527962843,0.0706168104088293,3.077213012462688,13.09436396445014,0.1334047253655328,0.9584488916903036,0.1064254698879033,0.6090048684854572,2.0538587066988008,0.154956092239701,1.3295351921547691,1.0763168722867642,0.2835492201770287,2.001814121801927,6.789309277748584,6.626291819933439,0.0024033564484056,0.0272582014238365,28.938877031410183,,0.005466397799991363,0.12615800601089844,0.0,0.0,0.0,0.0,-0.026073103702733247,cyclical,2026-10-02,2026-10-02,False,False,False,False,False,False,False,True,False,False,False,,0.03435130145215492,Ridge,0.028708170953823983,0.032386128,0.0354751976385548,0.032575677960354,0.031120244806376908,0.03435130145215492,0.02827501652950169,0.03182875427055175,27,30
MMM,mixed,Industrials,163.02000427246094,163.02000427246094,2026-02-03,2026-02-03,148.24074074074073,13.947730285325289,18.19256270521055,-1.20454786386341,123.01112116081794,1.08,0.1227137388345385,0.3355617153106147,0.1294635578020544,2.498596298893124,11.10424857028682,0.4641587132026178,0.8433354390397979,0.1649817613340281,0.8741950017226301,7.015312632922161,0.1492726977313631,1.7078686816050026,1.735918482875743,0.1625367715262502,1.508142116950407,0.0,0.3119216113228089,0.0045241235822724,0.0174922694476444,8.723562152133582,,0.009661862210212702,0.11352461934741065,0.0,0.0,0.0,0.0,-0.01871929262663996,cyclical,2026-10-02,2026-10-02,False,False,False,False,False,False,False,True,False,False,False,,0.034252554041952286,Ridge,0.025021157904038097,-0.0010975369,0.014735240651128004,0.011652385806501912,0.029532596159990612,0.034252554041952286,0.02597387775891177,0.02033012718610935,28,91
VRT,mixed,Industrials,246.1199951171875,246.1199951171875,2026-02-13,2026-02-13,138.47008547008548,21.51546122666319,15.721850235402025,2.7811727258882404,92.39188201624565,1.17,0.113059142922386,0.368784721875,0.2085069444444444,2.3834332314581217,4.779154896645788,0.2439384823333071,0.9071549407901284,0.228023598820059,0.677270642953064,2.0985715373100247,0.0509678696017567,1.5474245518493306,0.926342875522676,0.2358258818905375,1.035014803006149,35.958083832335326,15.191489361702128,0.0003873183681977,0.0645500598469369,10.062773703014988,,0.0,0.0,0.0,0.0,0.0,0.0,0.0,cyclical,2026-10-02,2026-10-02,False,False,False,False,False,False,False,True,False,False,False,,0.03403564536625943,Ridge,0.02417013795695547,0.014276685,0.03945862983095656,0.04177801085482293,0.02992174098158312,0.03403564536625943,0.025691549619348417,0.03002454944003516,29,34
SWK,mixed,Industrials,89.58999633789062,89.58999633789062,2026-02-24,2026-02-24,68.32692307692308,3.1431025403028823,1.2790267510436684,0.088892128201192,39.63213027014546,1.04,0.0174717822985002,0.3316235140856538,0.0995494761982304,5.829800721049087,1.8495041136774824,0.4806993912021446,0.9238254682431726,0.1821873153249328,0.5737748132387485,1.3461776334680715,0.5063173916137507,1.1397906857044815,4.00630640426226,0.1734443623285962,1.1385575589459085,4.506142506142506,0.2925591882750845,0.0109057227622178,0.0231272202213453,59.51609404681307,,0.1684232316025258,0.24916336221264124,0.0,0.0,0.0,0.0,0.1061323910493655,cyclical,2026-10-02,2026-10-02,False,False,False,False,False,False,False,True,False,False,False,,0.033274469292468106,Ridge,0.021893137004717858,-0.023888268,0.0018770560200078857,-0.012981975098641291,0.028234057629510794,0.033274469292468106,0.024089573764736194,0.010907030731437974,30,138
PNR,mixed,Industrials,52.880001068115234,52.880001068115234,2026-02-24,2026-02-24,102.09803921568628,16.67464576188143,4.397931355318929,-2.631029757539272,75.32876979293545,1.02,0.0429287708053344,0.4035276825085742,0.1706026457618814,0.1658506670746634,0.6217870257037944,0.1450428396572827,0.5334645472440945,0.0529552798915876,0.4366992778942464,0.7752506978186705,0.0962949085345285,1.6072135932450746,1.5158942364824717,0.1485703470766363,2.018905472636816,10.005747126436782,12.85632183908046,0.0024094295434612,0.0702093612481664,23.49241044323012,,-0.29651158279188033,-0.4632016945679095,0.0,0.0,0.0,0.0,-0.18071115914990296,cyclical,2026-10-02,2026-10-02,False,False,False,False,False,False,False,True,False,False,False,,0.03320679616564634,Ridge,-0.013896591901529243,0.00667502,-0.020297080376120165,-0.046961745546417785,0.016351135199734718,0.03320679616564634,0.0028083149924983553,-0.0029641928877177422,31,181
LII,mixed,Industrials,360.4599914550781,360.4599914550781,2026-02-17,2026-02-17,119.01470588235294,14.181374058577406,14.570322414237811,-0.7155974540834844,97.51614594039054,4.08,0.1225174103688419,0.3257740585774059,0.1638493723849372,10.793696275071634,0.994269340974212,0.836676217765043,0.928061098792806,0.3405772780667897,0.7150521828605028,2.509414495744132,0.1044861602306803,1.597415673770767,2.064616447823082,0.2927629967171345,1.839497716894977,12.314465408805033,0.4537381839014609,0.0026907826884955,0.0488231061774077,33.136752136752136,,-0.29651158279188033,-0.34673240883127665,0.0,0.0,0.0,0.0,-0.20982848058406117,cyclical,2026-10-02,2026-10-02,False,False,False,False,False,False,False,True,False,False,False,,0.032790072573768134,Ridge,-0.024957829620456975,-0.015937857,-0.05868658325870744,-0.11089461316654896,0.025162932138906934,0.032790072573768134,0.00017621834460247818,-0.021254957350187557,32,191
LOW,mixed,Consumer Cyclical,182.3800048828125,182.3800048828125,2026-03-23,2026-03-23,132.74157303370785,7.252552467936261,-15.053598870626198,-0.9781263882063882,83.23958244111348,1.78,-0.1007361097105979,0.3915662650602409,0.083025650991061,1.7245080500894454,2.4186046511627906,1.07871198568873,0.6151882578174857,0.0805117402250423,1.1831597222222223,-6.459715639810427,0.0481423174520623,1.0766582746750244,18.88440366972477,0.3801713947990544,1.2829338250358533,4.240694789081886,0.4403721454750493,0.0045081090364878,0.0243830099436474,-17.708928571428572,,-0.11647977180388758,-0.29512249794074175,0.0,0.0,0.0,0.0,-0.04269914731870214,cyclical,2026-10-02,2026-10-02,False,False,True,False,False,False,False,False,False,False,False,,0.03276540648081527,Ridge,0.02582094819223107,0.10658073,0.0769973734875337,0.05151274628866035,0.020727480164058645,0.03276540648081527,0.0236878387160554,0.04749650699635365,33,7
MAS,mixed,Industrials,68.27999877929688,68.27999877929688,2026-02-10,2026-02-10,79.325,7.3263915225878415,-70.62483870967742,-1.7913027272727282,54.91455172413793,0.8,-0.8870967741935484,0.3368655883993307,0.1438929168990518,1.792270531400966,3.1256038647343,0.2270531400966183,0.8875598086124402,0.2657342657342657,0.9855796962122668,-27.55913978494624,0.2438296557152666,1.8054672600127144,1.7441634241245136,0.3447413958854066,1.4679012345679012,10.75,3.2739726027397262,0.0048720255903144,0.0397971127584861,-0.8985507246376812,,-0.02177652178657763,0.11332135625789785,0.0,0.0,0.0,0.0,-0.05010686085105209,cyclical,2026-10-02,2026-10-02,False,False,False,False,False,False,False,True,False,False,False,,0.0327613229006283,Ridge,0.027497620068388254,0.028472923,0.02832143975481287,0.03739924678712586,0.030894729815162832,0.0327613229006283,0.02770426725836017,0.03044969483141808,34,33
FDS,mixed,Financial Services,277.6099853515625,277.6099853515625,2026-04-02,2026-04-01,60.275,13.102936029812494,3.760320203915999,-1.2786385881696425,50.23470823579025,3.6,0.062493659328396,0.5143489809645854,0.3027090810596724,5.028596961572833,7.725160451702006,0.7040106155387656,0.8771919050678357,0.4184127875145029,0.4954506471941649,0.9819671299584052,0.1717210175141428,1.3979159213410524,1.9080450796763608,0.1447970309711455,1.9883143598024695,4.643527816830689,3.4531129646339047,0.0051170708124023,0.0636412945217863,57.445754526077216,,0.21311827194355226,-0.24742467644881128,0.0,0.0,0.0,0.0,0.2749744410557551,cyclical,2026-10-02,2026-10-02,False,False,False,False,False,True,False,False,False,False,False,,0.03236256051668536,Ridge,0.0063213704162719065,-0.04682434,-0.008140743503184117,-0.014976627159125287,0.029032861593882343,0.03236256051668536,0.016757414763384597,0.0028044570634658855,35,167
LEN,mixed,Consumer Cyclical,82.11000061035156,82.11000061035156,2026-04-09,2026-04-09,92.38297872340426,4.22298225418447,1.2776383421538164,-0.5939416252479146,129.50887172622112,0.94,0.0104839827241873,0.1523076751090267,0.0352088292185061,-1.896161807902208,8.531341280815585,0.1226977802142056,1.4109277540844376,-0.103131851848131,0.3365842784756628,0.5108956946486957,0.1464602310611522,4.245186910254446,6.888743193965732,0.1993197179360573,3.229373696099449,0.0,0.3822333700091379,0.0044172680339947,0.0205207889477252,89.50889796185535,,-0.0833467685713003,-0.38114259413361806,0.0,0.0,0.0,0.0,0.011938879962104215,cyclical,2026-10-02,2026-10-02,False,False,True,False,False,False,False,False,False,False,False,,0.03223227218628867,Ridge,0.06232073403495595,0.103737876,0.032774578657031574,0.032847245870292203,0.034986667481107625,0.03223227218628867,0.046099239733822975,0.04872007154909174,36,6
BRO,mixed,Financial Services,61.77000045776367,61.77000045776367,2026-02-12,2026-02-11,100.88607594936708,15.901797483523069,2.1152546425440346,1.734154261363634,60.03435251798561,0.79,0.0210408862676336,0.8382264829239066,0.2570401437986818,1.2732732732732732,3.24024024024024,0.06006006006006,0.954954954954955,0.0535326742223293,0.580774232269681,1.388220291703196,0.2868489568615039,1.0385821075476247,0.4636111111111111,0.0556500283418358,0.2727272727272727,4.29,0.6141636141636142,0.0021476934902279,0.0229073372373406,37.0117994100295,,-0.14635156912985525,-0.4552910012542887,0.0,0.0,0.0,0.0,-0.032528818816283084,cyclical,2026-10-02,2026-10-02,False,False,False,False,False,True,False,False,False,False,False,,0.03201803026122044,Ridge,0.008715658829175575,0.015655765,-0.02287726488556459,1.4450868779061548e-05,0.008432021727524991,0.03201803026122044,0.01148051286677,0.00772707104363978,37,150
MET,mixed,Financial Services,94.3499984741211,94.3499984741211,2026-02-19,2026-02-19,67.47008547008548,2.204238116196355,1.8484303999964784,-3.325341141012204,36.69762789789855,1.17,0.0284879216846256,0.3052826068699084,0.0469051818258167,12.16469151592772,188.48880461513568,0.0,1.0,0.0292932182705086,0.961188513700303,25.221670540178884,0.3843843848486474,0.65036086898265,0.4389434685639504,0.0319579798326815,0.0,4.247148288973384,0.5915570175438597,0.0077345522252342,0.0011295017766267,42.706503853296496,,0.28823045431623573,0.19916113973209315,0.0,0.0,0.0,0.0,0.23844016938321244,cyclical,2026-10-02,2026-10-02,False,False,False,False,False,True,False,False,False,False,False,,0.03194753090063929,Ridge,0.035569131413596675,0.0680018,0.08550359612695782,0.08464471905724331,0.0360860249904067,0.03194753090063929,0.03334156094728792,0.053164186098794385,38,4
VLTO,mixed,Industrials,94.5999984741211,94.5999984741211,2026-02-20,2026-02-20,97.82352941176472,17.768845272206303,7.986254990341275,3.906347716535433,76.41834234234234,1.02,0.081777205408886,0.5931232091690545,0.2263610315186246,1.170555108608206,8.169750603378922,0.080450522928399,0.9356913183279744,0.1512645914396887,0.5962563369296763,1.4768190598840951,0.1077591941208712,1.6692607003891051,1.556298773690078,0.1814636682698557,1.3653846153846154,15.8,0.4083333333333333,0.0010884767082916,0.0597340309570525,12.399201596806387,,-0.026949203105111175,-0.05276861445758396,0.0,0.0,0.0,0.0,-0.013757049490715184,cyclical,2026-10-02,2026-10-02,False,False,False,False,False,False,False,True,False,False,False,,0.03166175139299016,Ridge,0.024749304435873087,0.024580773,0.032054627791148,0.023553083149393476,0.028259072064230718,0.03166175139299016,0.02559331170100704,0.027246203793923916,39,45
EFX,mixed,Industrials,139.72999572753906,139.72999572753906,2026-02-19,2026-02-19,149.64137931034483,16.98785760350832,5.721037291227765,3.248319446025421,66.85320213903744,1.45,0.0381599808874313,0.1096349800077389,0.1832838901070553,2.8072487644151565,1.4892915980230643,1.0708401976935749,0.723874256584537,0.2015928748822471,0.600630468131016,1.5476836869882502,0.1933574302811562,0.604692986212212,1.5311543398834797,0.1306957064108831,6.688953488372093,5.253234750462108,0.376339163080304,0.0023081561583048,0.0499859668818411,37.64758789860998,,-0.29651158279188033,-0.4637989252113081,0.0,0.0,0.0,0.0,-0.1805618514890533,cyclical,2026-10-02,2026-10-02,False,False,False,False,False,False,False,True,False,False,False,,0.03150631750686421,Ridge,-0.007138851556555467,-0.0035928772,-0.05233956110041442,-0.014602886425226247,0.009688919548216135,0.03150631750686421,0.004129985487918476,-0.004347052730317423,40,183
F,mixed,Consumer Cyclical,12.270000457763672,12.270000457763672,2026-02-11,2026-02-10,-4.719424460431655,1.1376003486598387,1.4520605251446372,0.0021225882342903,262.59556149732623,-2.78,-0.3077436582109479,0.03721943778601,-0.0197646546088472,0.2764513696908771,9.672530786629808,0.6996732847449108,0.2832131822863027,0.0338062494560013,0.875570618342786,7.042167334223409,2.7734993904127725,1.0748280964400732,0.7111641457971734,0.1587010651542398,1.7118834515091634,-2.60632183908046,0.0781266261925412,0.0114741110341487,-0.0371632830397345,9.03543603920583,,-0.08364447664199615,0.22945896370377472,0.0,0.0,0.0,0.0,-0.14100921756793983,cyclical,2026-10-02,2026-10-02,False,False,True,False,False,False,False,False,False,False,False,,0.031231513861040037,Ridge,0.005250562359261659,0.0034916587,-0.010101708553184702,-0.03382986230500773,0.03277342609816961,0.031231513861040037,0.017474016504125098,0.006911088447856423,41,154
ROP,mixed,Industrials,362.5899963378906,362.5899963378906,2026-02-24,2026-02-24,111.2825,23.17979986398523,2.400117496164776,3.5624445120577,66.11672222869798,4.0,0.0215476699444206,0.694598270669387,0.2857767414747887,6.792910447761194,2.774253731343284,0.0914179104477612,0.986720867208672,0.1980888984324672,0.4250079532637302,0.7391544903553555,0.1949162260496766,0.5175273781404337,1.6426747526332588,0.0595366862365156,4.1829673985362605,6.305466237942122,0.941390106449593,0.0018651267732954,0.0448028307985437,184.4294990723562,,0.02446810481702766,-0.36016164686532215,0.0,0.0,0.0,0.0,0.1145085165333582,cyclical,2026-10-02,2026-10-02,False,False,False,False,False,False,False,True,False,False,False,,0.031200160049351815,Ridge,0.023940465993888514,-0.013932533,0.015354459940208008,0.001544458834024265,0.002396634956427711,0.031200160049351815,0.017099546006220545,0.01142259814003386,42,134
DE,mixed,Industrials,667.260009765625,667.260009765625,2026-02-26,2026-02-26,231.8106995884773,14.969012069503696,5.470234790874525,-1.430596504754886,92.38341435185184,2.43,0.0249429657794676,0.3465820414108834,0.161793777962751,-5.83795782463929,30.32186459489456,2.545320014798372,1.7730337078651686,-0.0268007708985786,0.7451854286708689,2.9307604562737644,0.4342825248358425,0.7493977354854252,1.1436220847215612,0.0929173595266638,0.5010771563073486,2.162726008344924,0.0918014396559783,0.0030653274452633,0.0161652330725619,97.08379475821336,,0.23626264347344583,0.39951342289027436,0.0,0.0,0.0,0.0,0.13638428775087724,cyclical,2026-10-02,2026-10-02,False,False,False,False,False,False,False,True,False,False,False,,0.031053715303749656,Ridge,0.024506008464115193,0.006877194,-0.020786815451876724,-0.0009687884146611398,0.015234218807963319,0.031053715303749656,0.02141828628410449,0.011280768733136758,43,135
PRU,mixed,Financial Services,113.12999725341797,113.12999725341797,2026-02-12,2026-02-12,43.58301158301158,2.519721840842052,1.2176817182637647,-0.3053668145631353,45.70814778384152,2.59,0.027899377273568,0.3146210768053075,0.0771880581781066,9.484979528976488,74.66242096235003,0.0,1.0,0.0,0.9540142683588804,22.75599605401073,0.8345494018855342,0.0,0.3266377729621603,0.0202600356708972,0.5701549564848227,2.2701688555347093,0.0764615120864049,0.012025572318154,0.0011596417573991,92.7007707995647,,0.13186590548692312,0.09198839047700758,0.0,0.0,0.0,0.0,0.10886880786767122,cyclical,2026-10-02,2026-10-02,False,False,False,False,False,True,False,False,False,False,False,,0.030765701107288428,Ridge,0.026680448034174704,-0.0035652658,0.010394028444467348,0.019883870732003376,0.0226338678927964,0.030765701107288428,0.02482618136483571,0.019105703904179105,44,99
BA,mixed,Industrials,192.27999877929688,192.27999877929688,2026-01-30,2026-01-30,20.502360717658167,6.963679723594455,30.576861389922996,-0.0204251712019054,22.101976247702336,10.58,0.8674324986614488,0.0756639385334892,-0.0340320694838817,-1.5414998775842088,38.27710844677005,3.274385297402268,-0.8895567242674681,0.01231096517597,0.9675632300056468,29.84561789512285,0.322895163093871,1.1881700041622347,1.9826144548389768,0.1423485006092668,1.6886108780227325,-1.236722306525038,1.0450660450660452,0.0005216884413379,0.053791052844979,6.859407429651828,,-0.16305389231611012,-0.09074573802763097,0.0,0.0,0.0,0.0,-0.14036745780920237,cyclical,2026-10-02,2026-10-02,False,False,False,False,False,False,False,True,False,False,False,,0.03060091401525063,Ridge,0.032337427894239,0.039244823,-0.007990165241923284,-0.002702232075174019,0.029226201805515523,0.03060091401525063,0.029681147975447488,0.021480069841172608,45,82
SBUX,mixed,Consumer Cyclical,94.87999725341797,94.87999725341797,2026-01-28,2026-01-28,323.88461538461536,9.827889467522503,-11.608313564676289,0.7114509278651794,93.62103253286332,0.26,-0.0349637011694303,0.1562916313431028,0.0918210811029025,1.119507908611599,3.16195079086116,0.2844463971880492,0.7973962571196095,0.1390925077916877,1.260060257599687,-4.8409884725881245,0.2615655216450915,1.0466630682708546,8.126968503937007,0.3074440786513716,4.969563666032577,5.513939393939394,0.2959699408126621,0.0072408061478767,0.0178578464205508,-7.346264996934933,,-0.019429544714572478,0.11374571256506605,0.0,0.0,0.0,0.0,-0.04786597285583899,cyclical,2026-10-02,2026-10-02,False,False,True,False,False,False,False,False,False,False,False,,0.03046218733248023,Ridge,0.030358010798996627,0.04002301,0.03009900806206461,0.0532054354207216,0.02538691612126803,0.03046218733248023,0.027512506359723087,0.03373186272522777,46,24
WYNN,mixed,Consumer Cyclical,77.30000305175781,77.30000305175781,2026-03-02,2026-03-02,124.05154639175258,6.637556129932587,-44.95799115763797,2.4201377100775416,50.477238015716665,0.97,-0.3630885833345433,0.3196218829431994,0.1550592904651328,2.9855630039832897,20.06410181676868,1.6585252113086564,0.642873878698621,0.290909444990135,1.076387398733527,-37.16734238043149,0.8549619153887902,1.6331286080996703,4.492653024863907,0.1382143798632406,4.972734785963565,1.856920983724393,2.108048092022235,0.0020831505096468,0.0178575827753548,-2.6525067157065694,,-0.2527068537146383,-0.119589942462895,0.0,0.0,0.0,0.0,-0.22280936809891455,cyclical,2026-10-02,2026-10-02,False,False,True,False,False,False,False,False,False,False,False,,0.02954178944302999,Ridge,0.002177558707085206,-0.06680004,-0.061278751849990605,-0.036407298013458024,0.001409257588664973,0.02954178944302999,0.006213985096158946,-0.017008313063163343,47,189
HD,mixed,Consumer Cyclical,282.4599914550781,282.4599914550781,2026-03-18,2026-03-18,126.98455598455598,9.829654955756846,29.30407867010068,-1.2743540851359842,92.76634156639224,2.59,0.2006555841723249,0.3263521650348185,0.1007644379286873,2.305135951661631,1.3987915407854985,1.0654582074521652,0.6838960262922019,0.1032260054280779,0.8780817355725772,7.202216498868337,0.1485379141347946,1.06066493955095,6.824727532606754,0.3634616299538513,2.2393177269167173,6.47979797979798,0.4,0.0060963079225156,0.0370169697232396,12.851554663991976,,-0.07729327710073419,-0.3048165404369124,0.0,0.0,0.0,0.0,-0.0010891419915060874,cyclical,2026-10-02,2026-10-02,False,False,True,False,False,False,False,False,False,False,False,,0.029518857268791478,Ridge,0.02702872388933838,0.0001223874,0.007148280303623901,-0.02445613397140777,0.014867973938308507,0.029518857268791478,0.022630987880969112,0.011269393847259758,48,136
PHM,mixed,Consumer Cyclical,116.3499984741211,116.3499984741211,2026-02-04,2026-02-04,45.44961240310077,4.9373456107338765,1.7531060090214872,-0.8452623938925155,33.4575654040685,2.58,0.0386289507896612,0.2477890789086716,0.1633218731537702,3.810713917791285,10.347048521685382,0.1613011229009992,0.9593906062166154,0.2997665165330221,0.280522071097292,0.3898967012443627,0.1008870409566914,5.908836860200241,17.343223510737136,0.2554654221036375,4.7845589300371785,367.2,0.9599591128129932,0.0018900185111644,0.1063744857031855,66.3267034426397,,-0.12989830635566035,0.19272166554711534,0.0,0.0,0.0,0.0,-0.1780787227424392,cyclical,2026-10-02,2026-10-02,False,False,True,False,False,False,False,False,False,False,False,,0.02919932987849291,Ridge,0.020702256067778778,0.021793487,0.026027045685978592,0.06668074304134504,0.018610737675293795,0.02919932987849291,0.02072287322518286,0.02907367044358275,49,37
CCL,mixed,Consumer Cyclical,25.06999969482422,25.06999969482422,2026-03-27,2026-03-27,136.21052631578948,7.057169505271695,3.338765252091167,-1.0377447823494337,52.71715272448196,0.19,0.0197989409868774,0.3610705596107056,0.0984590429845904,0.5054387237128354,1.0326323422770125,0.4104423495286439,0.5518606492478226,0.1016908212560386,0.7469505691624488,2.955874453226921,0.5852101191864841,0.2675523349436393,9.298642533936652,0.1195532026295886,3.1714975845410627,2.0859106529209623,0.654786150712831,0.0047807904163539,0.024767641102861,9.361350574712644,,-0.08392213554290373,-0.19544288527521758,0.0,0.0,0.0,0.0,-0.035061414224099335,cyclical,2026-10-02,2026-10-02,False,False,True,False,False,False,False,False,False,False,False,,0.029190715824599582,Ridge,0.02719845998092831,0.025343578,0.039851796728918594,0.023542994081476257,0.019947929581252216,0.029190715824599582,0.02432938229018925,0.027048169173744335,50,46
ITW,mixed,Industrials,260.8399963378906,260.8399963378906,2026-02-13,2026-02-13,90.21978021978022,17.47756209352553,22.181600511255816,-7.09319851791899,66.43341255112594,2.73,0.2449612403100775,0.4419741021255802,0.2650867334473491,2.954126587064914,2.930025321203079,0.3615189879275244,0.8909657320872274,0.1878657822863831,0.8002229378251177,4.006821705426357,0.1253780253551405,1.2095200936402652,1.268360706538581,0.2534679217240525,4.375478927203065,14.466666666666669,0.4087251164760694,0.0065282124920114,0.0688747871846463,11.11302549965541,,-0.10416596373977194,0.0749639247388858,0.0,0.0,0.0,0.0,-0.12290694492449339,cyclical,2026-10-02,2026-10-02,False,False,False,False,False,False,False,True,False,False,False,,0.029112543075554945,Ridge,0.02570552697652801,0.031067532,0.02813185259392502,0.026123906952593832,0.02880784493120584,0.029112543075554945,0.026385027447993002,0.027879004373373883,51,43
BAC,mixed,Financial Services,53.72999954223633,53.72999954223633,2026-02-25,2026-02-25,55.55555555555556,8.151767925781328,1.3357917577652247,-1.6142514612114764,41.3791158185586,0.99,0.0248249753498019,0.6011551387575215,0.2502465235153247,-3.115453027196568,130.85472986734376,0.0,1.0,-0.0089642737844315,0.9110827077457913,10.24640634738477,0.9033116539260546,0.4168936222581219,0.4807984441369701,0.0145704572550854,0.0,0.6717627356706823,0.1219537830898361,0.0058261606958805,0.0026139701610896,40.18113397553962,,0.07869904722417842,0.21892013480572436,0.0,0.0,0.0,0.0,0.02396901352274733,cyclical,2026-10-02,2026-10-02,False,False,False,False,False,True,False,False,False,False,False,,0.02909841296297433,Ridge,0.025228440173738577,0.020167688,0.022552122638982836,0.02685103918118136,0.020638730973536336,0.02909841296297433,0.02358567285721297,0.024066081417666904,52,63
TT,mixed,Industrials,458.94000244140625,458.94000244140625,2026-02-05,2026-02-05,145.7677902621723,16.91614734182136,10.118141124766012,-1.2222000102941932,101.24695291342452,2.67,0.0687486193305351,0.340927203809894,0.1591991447176596,4.751184749552773,7.885957066189624,0.4697874418604651,0.91001916412558,0.1856950994957608,0.5984771739485638,1.4905184341173598,0.0530318142623647,1.250735680086532,1.5901152906994716,0.2401648872352444,1.5741677886624263,14.73021582733813,1.0217739767566123,0.00236122264468,0.0532067582177569,38.465563506261184,,-0.015509358299748532,0.06640952328610061,0.0,0.0,0.0,0.0,-0.032111739121273686,cyclical,2026-10-02,2026-10-02,False,False,False,False,False,False,False,True,False,False,False,,0.028841701490970324,Ridge,0.024187256281890848,0.013551898,0.01960447554532188,0.028593378752951763,0.028907816172646605,0.028841701490970324,0.02568780020781179,0.024331045685517246,53,60
BEN,mixed,Financial Services,32.5,32.5,2026-01-30,2026-01-30,51.93478260869565,5.312653087533841,1.0188032039819035,0.1016143150684931,41.50975543966912,0.46,0.021054973670982,0.8158652399982811,0.1207511494993769,-0.4929468599033816,6.733913043478261,0.0,1.0,-0.15505345437888604,0.5578249475407923,1.49623812309949,1.0693132574217985,3.415113943340029,1.609781405644715,0.0714950643796602,0.3524718269309863,13.77450980392157,22.112745098039216,0.0137668015441142,0.0186928241365446,23.41288833380839,,0.20370370370370372,0.5258215962441315,0.0,0.0,0.0,0.0,0.07224830464267085,cyclical,2026-10-02,2026-10-02,False,False,False,False,False,True,False,False,False,False,False,,0.028413704005006618,Ridge,0.025970487934073687,0.0075842985,0.003366191259843704,0.00957470082828826,0.025291789826728053,0.028413704005006618,0.025451675453828343,0.018167265007387495,54,104
AIG,mixed,Financial Services,75.43000030517578,75.43000030517578,2026-02-12,2026-02-12,62.90441176470588,7.058494738447461,1.1250285617054376,0.3523290978296079,33.028366849482026,1.36,0.0178662582950484,0.3391795028214122,0.1008082964770474,1.1756007393715342,70.99445471349352,0.0,1.0,0.0061955092299449,0.7447381150235033,2.919176450570019,0.1985845637286623,0.8534119136914909,0.15457502312928828,0.0406625572078832,0.7953377386196769,6.295238095238095,16.295238095238094,0.0052287525211985,0.0134063884355327,75.29099560761347,,-0.07014299426558457,-0.1204524218146481,0.0,0.0,0.0,0.0,-0.04002988881192254,cyclical,2026-10-02,2026-10-02,False,False,False,False,False,True,False,False,False,False,False,,0.028087255100237067,Ridge,0.021568577435998902,0.0043431,0.001413162510482038,0.023930718150407638,0.0183364747709118,0.028087255100237067,0.021127184344448026,0.017167857260041504,55,109
AON,mixed,Financial Services,275.95001220703125,275.95001220703125,2026-02-13,2026-02-13,44.83862770012706,17.652206511627906,8.116390932420872,0.0413255385500398,34.65267299658185,7.87,0.1810307955517536,0.8353488372093023,0.3109302325581395,6.150627615062762,13.00790330079033,0.3440260344026034,0.9470293486041518,0.0601481098768621,0.8119880277252678,4.409324208725407,0.2093420352166791,1.109704641350211,1.0216203373722974,0.0846723377441713,0.247116392869626,7.0,2.7282051282051283,0.0021210867004333,0.0467067610825492,43.19630484988453,,-0.18309647067190282,-0.26640256218887914,0.0,0.0,0.0,0.0,-0.11649583012468304,cyclical,2026-10-02,2026-10-02,False,False,False,False,False,True,False,False,False,False,False,,0.027680182466078323,Ridge,0.010437149425994956,-0.031853054,-0.009214612264654665,-0.034645833655988736,0.001121306090402853,0.027680182466078323,0.010284097602154235,-0.0032336760718488866,56,182
AMP,mixed,Financial Services,494.82000732421875,494.82000732421875,2026-02-19,2026-02-19,46.12793979303856,9.208445324881142,7.097912963811268,0.9411896146346466,30.789527696793,10.58,0.1539166284928997,0.5356576862123613,0.2717908082408874,-6.374358103790715,106.57172995780591,1.2447257383966244,0.9572618616443318,-0.15505345437888604,0.9656947994803672,28.150099251794167,0.1261072787004419,7.873350094280327,0.3376588628762542,0.0264426098981687,0.0,17.15,3.8857142857142857,0.022378346669402357,0.0054677117517832,68.00623052959502,,0.0410031079970099,-0.030011943378709827,0.0,0.0,0.0,0.0,0.04850609384168736,cyclical,2026-10-02,2026-10-02,False,False,False,False,False,True,False,False,False,False,False,,0.027671792833957497,Ridge,0.027134465359807902,-0.0071053277,0.03728069432344181,0.03402878103666385,0.0193475360754419,0.027671792833957497,0.024198986112500674,0.023490089896434974,57,66
WTW,mixed,Financial Services,291.6000061035156,291.6000061035156,2026-02-25,2026-02-25,42.8981723237598,10.74441416893733,3.955065195586761,0.0729437880415324,30.871153846153845,7.66,0.0921514543630892,0.5098773841961853,0.3460490463215259,7.375,32.625,0.65625,0.9182879377431906,0.0550556983718937,0.7273281408736878,2.6928284854563693,0.199901095556908,1.2049414453013425,1.08660251665433,0.0994243142566881,0.0,15.393939393939394,1.5373376623376624,0.0028213126394806,0.0392960238383462,82.22680412371135,,-0.04116793994635137,-0.081024846038525,0.0,0.0,0.0,0.0,-0.020911728436720123,cyclical,2026-10-02,2026-10-02,False,False,False,False,False,True,False,False,False,False,False,,0.02742957606903996,Ridge,0.021009557127924395,0.03560534,0.025305754036645048,0.022619300848548227,0.01740065928325577,0.02742957606903996,0.020597843574283847,0.024161081274317868,58,61
C,mixed,Financial Services,127.0,127.0,2026-02-20,2026-02-20,96.43801652892562,5.199138587688165,1.0005643527045422,-0.6066349115561762,151.83280162686958,1.21,0.0114606836841882,0.4320401419654877,0.093281116142455,1.1173982310608142,371.0602647915179,0.8960061528319507,0.5549795361527967,0.0023949755830115,0.9195311459196552,11.509578832828524,2.7734993904127725,0.4823408942244167,0.6518132069752229,0.0153751954123171,0.3100646747554653,0.1816145634769348,0.0059934435575826,0.0063603166857701,0.0009957517864597,113.97562546977343,,0.1395244504262001,0.6754617414248021,0.0,0.0,0.0,0.0,-0.029340984930000424,cyclical,2026-10-02,2026-10-02,False,False,False,False,False,True,False,False,False,False,False,,0.02723451441152122,Ridge,0.029411107204958483,0.019452458,0.0511593831262479,0.04363330822449835,0.041069436797786345,0.02723451441152122,0.03216493832682006,0.034955670390636004,59,22
WM,mixed,Industrials,201.89999389648438,201.89999389648438,2026-02-09,2026-02-09,119.40760869565216,14.029003801679076,8.865375475475476,1.316470305811003,57.71322665975104,1.84,0.0742742742742742,0.2930460953587834,0.1862822746713131,2.009426941205656,0.4986355742991813,2.2029273133217564,0.4770318021201413,0.3073859522085445,0.7820224719101123,3.587987987987988,0.2586458971011617,0.888848660391021,1.5568434032059186,0.1377331733391513,0.0,5.273542600896861,1.8576017130620983,0.0037599460311121,0.042182792099096,24.69715698393078,,-0.1693751022483878,-0.1660471131908947,0.0,0.0,0.0,0.0,-0.12786332395066413,cyclical,2026-10-02,2026-10-02,False,False,False,False,False,False,False,True,False,False,False,,0.02689296416497448,Ridge,0.01925195177667762,0.041867968,0.01875923298667663,0.03515199423211198,0.03325963614956144,0.02689296416497448,0.024749380830163894,0.028425997365711702,60,40
TFC,mixed,Financial Services,46.279998779296875,46.279998779296875,2026-02-24,2026-02-24,48.24509803921568,8.141755954308094,0.9566928563101136,-4.030289459656571,58.62353158506732,1.02,0.0207703753700777,0.6848563968668407,0.204177545691906,2.03733643904837,35.79699544163726,0.0,1.0,0.0060293715862945,0.880941596747623,7.39923913543696,1.119234313606999,0.8659106989821057,0.15457502312928828,0.013989896591652,0.0,0.647887323943662,0.0470697120946683,0.0114485731055757,0.0029522192437426,50.72766011090378,,-0.06599397014537078,0.17970937495021366,0.0,0.0,0.0,0.0,-0.1109213138829242,cyclical,2026-10-02,2026-10-02,False,False,False,False,False,True,False,False,False,False,False,,0.02687189771434183,Ridge,0.014264285983382259,0.007905589,-0.005675399554938092,0.014354780272359903,0.016526247104001014,0.02687189771434183,0.01704796255750927,0.013191797404474454,61,130
ALL,mixed,Financial Services,224.41000366210938,224.41000366210938,2026-02-20,2026-02-19,14.305841924398624,3.278456600361664,1.7768570728520092,1.1937769928515511,11.95110232376489,10.58,0.1251878471087879,0.5295961422543701,0.2962628089210368,11.098354381936472,21.29735935706085,0.3406046689628779,0.9702241552358648,0.0421365738130145,0.7445765627348486,2.913067624959164,0.1377101631295471,0.3700236833201759,0.8021080114103369,0.1385293675579084,0.0,50.1530612244898,6.223765432098766,0.0053686739163988,0.0441857596249817,115.64034756327918,,0.05475655039532512,0.05535178546891162,0.0,0.0,0.0,0.0,0.040918604028097216,cyclical,2026-10-02,2026-10-02,False,False,False,False,False,True,False,False,False,False,False,,0.026741550479624218,Ridge,0.026270890035419034,0.025966112,0.023654170130881485,0.002080563699463041,0.022682032606302683,0.026741550479624218,0.02487781638372393,0.021774113912516393,62,77
APTV,mixed,Consumer Cyclical,43.970001220703125,43.970001220703125,2026-02-06,2026-02-06,120.7777777777778,3.2596288569765184,1.8243583686325624,-0.2194665738825831,35.28310490045942,0.63,0.0149885956337569,0.1975548224335338,0.0760721909567242,2.949037372593432,8.385050962627407,0.7565118912797282,0.7958435207823961,0.1623982529283303,0.5942852261564089,1.5112414467253177,0.4495481077052016,1.7361524717093508,1.3447286012526096,0.220091402212446,1.3097877732024072,4.505747126436781,2.7857142857142856,0.0,0.0278855828661779,41.70781426953568,,-0.2837595500781377,-0.32664622939198884,0.0,0.0,0.0,0.0,-0.20209799273014048,cyclical,2026-10-02,2026-10-02,False,False,True,False,False,False,False,False,False,False,False,,0.026678056621791093,Ridge,0.01623841305657602,-0.039570387,0.0119702176053935,-0.004015721687194888,0.007686124852876435,0.026678056621791093,0.015250572476305594,0.0054475380659419394,63,160
IR,mixed,Industrials,75.25,75.25,2026-02-17,2026-02-17,116.5,14.887844307042773,3.085636979920316,3.022476700488534,64.45316973415133,0.68,0.0263731689428928,0.2406273910867575,0.3173297629673535,1.1743002544529262,3.177608142493639,0.0954198473282442,0.9248496993987976,0.2414944586942844,0.4450517018997442,0.8070724890483458,0.1536835289106961,2.0558486183032474,1.377602107378129,0.1142907110924075,1.5942174480473847,10.224961479198768,7.113122171945701,0.0002505343126012,0.0498821102269378,25.492167761495704,,-0.19921251463232947,-0.07167530224525043,0.0,0.0,0.0,0.0,-0.18129368907101687,cyclical,2026-10-02,2026-10-02,False,False,False,False,False,False,False,True,False,False,False,,0.026631952750848616,Ridge,0.018317058122122375,0.00022950306,0.05822731311044078,0.041483006439455086,0.030536626945836125,0.026631952750848616,0.023450881332544665,0.02859239866833784,64,38
GPC,mixed,Consumer Cyclical,125.12000274658203,125.12000274658203,2026-02-20,2026-02-20,-28.009111617312072,2.84212571107171,3.8615301003325575,0.018968558010743,-40.2774436971579,-3.7645,-0.1378022247840884,0.3210177696165101,0.0080239091492266,1.8766909282016948,3.435339769479421,0.8595566690424253,0.685862978954043,0.0388316770887557,0.7864752249761247,3.6977640243898304,0.382635561442312,1.0793882733490638,2.534613923006876,0.2889761458466575,0.6742177061614882,1.206017707968586,-0.2971794124025095,0.0083884710885267,-0.0267440089459135,31.842300022317733,,0.055419677322497085,-0.024557552455117926,0.0,0.0,0.0,0.0,0.06155906543627657,cyclical,2026-10-02,2026-10-02,False,False,True,False,False,False,False,False,False,False,False,,0.026576414001447984,Ridge,0.020086562603990794,0.011908731,0.010737702909544674,0.009579233791575695,0.023014374965661177,0.026576414001447984,0.02195897017872602,0.017832484222000747,65,107
SYF,mixed,Financial Services,71.51000213623047,71.51000213623047,2026-02-06,2026-02-06,40.30434782608696,6.264131959695763,1.7806783323338902,-0.3502668187885253,27.55623549029331,2.07,0.0447930335202194,0.4932857742341586,0.1997482165337809,6.857753429542509,48.40389044543839,0.0,1.0,0.0302425317953268,0.8592216297913431,6.103363950852916,0.508527040502525,0.2134600216898353,1.670777022829494,0.0400184726478861,0.0,0.9784172661870504,0.9146968139773896,0.0042539147769609,0.0086974366992739,46.852931540224006,,0.04181238543459309,0.23017378524394405,0.0,0.0,0.0,0.0,-0.01573106087639292,cyclical,2026-10-02,2026-10-02,False,False,False,False,False,True,False,False,False,False,False,,0.02656906899164858,Ridge,0.022856839823465078,0.040282957,0.024355568192709964,0.030184112419672744,0.021292933141433937,0.02656906899164858,0.022777267698589572,0.026747446840794546,66,49
BLK,mixed,Financial Services,1064.3599853515625,1064.3599853515625,2026-04-14,2026-04-14,67.53581460674158,22.29823275604658,0.0,0.1883244443251542,0.0,10.58,0.03771452055770035,0.6264556584054942,0.4201254105703195,0.0,0.048723813173403234,0.0,0.0,0.0,0.6509406314532591,1.7027748815820365,0.0,0.0,1.670777022829494,0.00978028479896449,0.0,63.95454545454545,0.0,0.005958137068347,0.0,0.0,,0.011009038395435322,-0.045220103383152965,0.0,0.0,0.0,0.0,0.022314064241223563,cyclical,2026-10-02,2026-10-02,False,False,False,False,False,True,False,False,False,False,False,,0.02632551379821117,Ridge,0.030966711219277368,0.04274452,0.05323496004004547,0.108184673546678,0.02384569632652146,0.02632551379821117,0.027570881980233237,0.044433384013478405,67,14
CTAS,mixed,Industrials,195.60000610351562,195.60000610351562,2026-04-07,2026-04-07,134.2380952380952,28.42858520526887,16.86962652319165,16.477283138870742,126.55358333939482,1.26,0.1049406448899346,0.5097605302092879,0.2322424795280146,1.321078028594051,0.4561602701047253,0.2263272430295153,0.8537375778796148,0.3420503692549185,0.532097562558135,1.137197671948965,0.0335600433931057,1.9830095404154984,1.8415383807752956,0.2776550191274513,2.8959647408577784,23.390897490429605,1.6993220708586674,0.0022374963353462,0.0922800384475674,11.769811422784612,,0.13422861797486152,-0.04822146803797556,0.0,0.0,0.0,0.0,0.1462839849843554,cyclical,2026-10-02,2026-10-02,False,False,False,False,False,False,False,True,False,False,False,,0.026005675305234625,Ridge,0.02241101110531912,-0.05829197,-0.02100742296019367,-0.025716333855969782,0.023733024901693524,0.026005675305234625,0.02335837095295431,-0.000504412422629605,68,174
RSG,mixed,Industrials,206.97999572753906,206.97999572753906,2026-02-18,2026-02-17,120.41477272727272,15.86912983558994,5.484184575534759,0.0,51.12420479134467,1.76,0.045538101604278,0.3010154738878143,0.1951160541586073,1.3044882144010332,1.081691959961253,1.8630933161123668,0.4118246687054026,0.2497454175152749,0.6517488215096316,1.87149064171123,0.0090805596629259,0.6423116089613035,2.180284659989457,0.1203515102135831,2.104075691411936,5.527397260273973,1.7169811320754718,0.0029557526419591,0.0460755424591481,38.64384888601873,,-0.1015323361221554,-0.1979695597026424,0.0,0.0,0.0,0.0,-0.052039946196494796,cyclical,2026-10-02,2026-10-02,False,False,False,False,False,False,False,True,False,False,False,,0.025764182741273796,Ridge,0.021919872085575273,0.05076989,0.03603150103374308,0.03454271103453112,0.028482039220176492,0.025764182741273796,0.02462358010937629,0.03148465186534496,69,32
ALLE,mixed,Industrials,154.27999877929688,154.27999877929688,2026-02-17,2026-02-17,92.56976744186046,13.23751258226868,6.614914877152254,-1.0801523844212042,64.80929788117989,1.72,0.0713387502418262,0.444734804490902,0.202864885791715,2.3238998835855647,4.146682188591385,0.4653957508731082,0.833149363902608,0.317183604712735,0.6041886019488102,1.5264557941574772,0.1572201736082728,1.842467566851999,2.360520904729267,0.1977908379118249,2.343545751633987,8.350597609561753,3.0492537313432835,0.0031685858256322,0.0565888279839041,23.902890173410405,,-0.05058462289663457,0.10666378867582593,0.0,0.0,0.0,0.0,-0.07725057006559105,cyclical,2026-10-02,2026-10-02,False,False,False,False,False,False,False,True,False,False,False,,0.025393742411183813,Ridge,0.022097392262518955,0.020426765,0.014248878523742457,0.023562291133715302,0.028776457192257153,0.025393742411183813,0.024824979174361578,0.02282318377022587,70,72
HBAN,mixed,Financial Services,15.1899995803833,15.1899995803833,2026-02-13,2026-02-13,55.96774193548388,8.250200184785957,1.1005011913565033,-0.5290579961464356,68.91822503961966,0.31,0.0213211732807493,0.6316599938404681,0.1943332306744687,0.4604922279792746,18.079663212435232,0.0764248704663212,0.8576598311218335,0.0056356603375957,0.8916999102644976,8.246117821050037,0.6899254901375221,0.1897701547937103,1.670777022829494,0.0144243156557355,0.0,0.5880708294501398,0.2240788346186804,0.0095190455570321,0.0025856013391322,15.504458598726115,,-0.1048910088165409,-0.025032119359223337,0.0,0.0,0.0,0.0,-0.09863297897673506,cyclical,2026-10-02,2026-10-02,False,False,False,False,False,True,False,False,False,False,False,,0.025363269198504686,Ridge,0.023553981220066036,0.040510274,0.017911619935633758,0.01722435418432484,0.010474603911018565,0.025363269198504686,0.01979186910119541,0.02194098034293228,71,75
XYL,mixed,Industrials,100.87999725341797,100.87999725341797,2026-02-25,2026-02-25,99.4014598540146,13.82820692532332,2.8873006968641115,0.5228286492537313,65.00814700193423,1.37,0.0291811846689895,0.3888193575302461,0.14726741760534,1.8898931799506984,6.076417419884963,0.3410024650780608,0.8471454880294659,0.190126050420168,0.3337302937507088,0.5126306620209059,0.0585888969756182,1.625,1.3627060830017057,0.1359305886355903,1.4461994076999012,58.833333333333336,0.8925925925925926,0.0029565972727139,0.0812234494477485,47.04918032786885,,-0.21786325590465205,-0.19745427801576798,0.0,0.0,0.0,0.0,-0.16849968640071006,cyclical,2026-10-02,2026-10-02,False,False,False,False,False,False,False,True,False,False,False,,0.025300742784896597,Ridge,0.018190198921558775,0.008108022,0.03020020539659834,0.04136210341940791,0.029255241652126736,0.025300742784896597,0.023064658349103952,0.025197284970001184,72,55
UPS,mixed,Industrials,93.88999938964844,93.88999938964844,2026-02-17,2026-02-17,47.009478672985786,3.437658080581296,5.18964133850989,0.3253596367252933,29.863744600431964,2.11,0.110371602884082,0.2108013226109319,0.1115238600644976,3.045936395759717,6.9340400471142525,0.8433451118963486,0.7831617201695942,0.2113956466069142,0.7776029552606376,3.502495840266223,0.3394990589855569,1.219270166453265,2.185475956820412,0.3351621288822,2.9146690788481835,10.270676691729324,1.907758094074527,0.016066534690712,0.0486144101346001,19.023446658851118,,-0.17942667899275966,-0.03564092656482709,0.0,0.0,0.0,0.0,-0.17051644735155289,cyclical,2026-10-02,2026-10-02,False,False,False,False,False,False,False,True,False,False,False,,0.025247066332966504,Ridge,0.016896597852368356,0.029038368,-0.0005144392230061331,-0.015720718892050362,0.029138970360165536,0.025247066332966504,0.022396877126367367,0.015239809692082155,73,125
APO,mixed,Financial Services,114.33999633789062,114.33999633789062,2026-02-25,2026-02-25,52.07194244604317,10.845647365595266,3.770257603549119,-9.17767985513759,19.24217027283036,2.78,0.0724047812861488,0.6965738230219374,0.5260044367759428,4.637171598127036,377.09808074724015,0.0,1.0,0.0084935989177365,0.9077663689475408,17.926995415791954,0.1518609050685689,0.784448187238812,0.7413430790315212,0.0176028150619699,0.6376586376586376,59.27777777777778,57.65277777777778,0.0038067497155021,0.0040388687343762,38.39525444195926,,0.07411927043579736,-0.12396570381634531,0.0,0.0,0.0,0.0,0.10511069638988368,cyclical,2026-10-02,2026-10-02,False,False,False,False,False,True,False,False,False,False,False,,0.025186364827002306,Ridge,0.018294427745514964,-0.06312495,-0.013873220647882241,-0.02707551650648443,0.017423058585233856,0.025186364827002306,0.019405611694487727,-0.0025396795504965073,74,179
DRI,mixed,Consumer Cyclical,197.41000366210938,197.41000366210938,2026-03-27,2026-03-27,73.69924812030075,7.423171016052372,11.80263022813688,0.6800380541069094,52.85953272633568,2.66,0.1458174904942965,0.1797148237826203,0.1316174931994141,5.377911993097498,2.144089732528041,0.0474547023295944,1.008902557461962,0.2368592569873097,0.836757494879275,5.125855513307985,0.0978949800694518,0.3904842234405551,31.061281337047355,0.259550927937434,6.0790872840053165,8.877016129032258,1.578032979976443,0.006946476372678,0.0415955789629849,18.02913453299057,,-0.014379550230310345,-0.05118713994948876,0.0,0.0,0.0,0.0,-0.0015827652429381556,cyclical,2026-10-02,2026-10-02,False,False,True,False,False,False,False,False,False,False,False,,0.024834340653488867,Ridge,0.02302833157221229,0.033622887,0.006737620593475698,0.013464850475255143,0.019976018424941167,0.024834340653488867,0.022550005842476437,0.020531951266562327,75,89
BKNG,mixed,Consumer Cyclical,160.27999877929688,160.27999877929688,2026-02-18,2026-02-18,121.71022727272728,27.37258985667034,-31.15607260666906,-0.6318844726673097,76.3693326096396,1.76,-0.2560057368232341,1.0,0.3197353914002205,1.7465795636632564,21.92160729693085,0.0899790459755947,0.951006711409396,0.089232243382441,1.1906096227446692,-6.246324847615633,0.1078091595815105,1.3333333333333333,1.662041884816754,0.2169559868780754,0.0,8.152610441767068,0.8774072334429309,0.0017665143035612,0.0464669077550083,-6.835993749808512,,-0.04133023040076034,-0.27658422648809855,0.0,0.0,0.0,0.0,0.0278158262212643,cyclical,2026-10-02,2026-10-02,False,False,True,False,False,False,False,False,False,False,False,,0.024820528803692534,Ridge,0.032469450037407116,0.06913568,0.07751496356872802,0.0737789868939028,0.02449902764800997,0.024820528803692534,0.02860187833405596,0.04676864029601023,76,10
BX,mixed,Financial Services,112.23999786376953,112.23999786376953,2026-02-27,2026-02-27,118.56923076923076,27.606443272905903,13.890859207212578,0.4742769229834879,82.29931374278851,1.3,0.1171539961913448,0.6447428050360161,0.5420478355478741,-0.0326395462637723,3.369395125373083,0.028619948173538,3.266904761904766,-0.0009735047909213,0.5413615153123704,2.980523398118014,0.0720903751923696,0.9138288541981968,1.670777022829494,0.0913931183807658,0.0,18.451826464411464,15.539242245626088,0.0132718430133622,0.0396540116091175,11.096505817290666,,-0.026792700392183066,-0.19141273781593882,0.0,0.0,0.0,0.0,0.021060484061801638,cyclical,2026-10-02,2026-10-02,False,False,False,False,False,True,False,False,False,False,False,,0.02460018641669933,Ridge,0.023866087149666333,-0.029091245,-0.024424117890337178,-0.02363769996082182,0.019672575978149295,0.02460018641669933,0.02287935686765813,0.0025538471152368597,77,168
AMCR,mixed,Consumer Cyclical,41.810001373291016,41.810001373291016,2026-02-04,2026-02-04,109.73684210526316,3.5440025692787667,1.6596141285665178,-0.8182741525423731,41.65197867298578,0.38,0.0152114128566517,0.1642503211598458,0.0765278032666544,0.8961347441157418,2.282444396458648,0.1900237529691211,0.8250497017892644,0.0764670112496199,0.6856070830858932,2.182794774836714,0.8295156144572573,1.3010033444816054,1.7238215754508066,0.1470874048480267,1.4955665024630542,2.707792207792208,1.24962852897474,0.0155909276293066,0.0271270522461514,25.088400172488143,,-0.13167183025356144,-0.07397560635014355,0.0,0.0,0.0,0.0,-0.11317792866602555,cyclical,2026-10-02,2026-10-02,False,False,True,False,False,False,False,False,False,False,False,,0.02451906481183221,Ridge,0.02595556780722788,0.0051920093,-0.02990186470973946,-0.023822547571169528,0.02326126449612491,0.02451906481183221,0.02503622335969563,0.0074620535809112615,78,152
TSCO,mixed,Consumer Cyclical,31.729999542236328,31.729999542236328,2026-02-19,2026-02-19,116.30232558139537,6.960743281721357,10.512252870944913,-2.4362065825260437,77.28420318500379,0.43,0.0880980965740812,0.2559995074801452,0.076374181698783,0.1122598361819989,0.3676132758865584,0.5029250508972113,0.1824814597039094,0.1242452998700682,0.7639135921221027,3.235737283601668,0.0650436956809769,1.3416964721820928,37.49511472686394,0.356542386144682,2.085335191212748,17.66635020471133,22.074586127099032,0.0044748142171287,0.042523178406745,4.867948546287408,,-0.29651158279188033,-0.3370246648091031,0.0,0.0,0.0,0.0,-0.21225541658960456,cyclical,2026-10-02,2026-10-02,False,False,True,False,False,False,False,False,False,False,False,,0.024481292143461637,Ridge,-0.052748737025543536,0.006512601,-0.03974803777047994,-0.043252047829311656,0.001470615561064809,0.024481292143461637,-0.020405817704343895,-0.017651984040234433,79,190
CMG,mixed,Consumer Cyclical,32.31999969482422,32.31999969482422,2026-02-04,2026-02-04,148.0,16.30636756492602,17.18720648963279,-2.664551522291589,107.99699497242916,0.25,0.1169120262897675,0.2342113033938872,0.1493974716366053,0.1736968866147325,0.797900326343801,0.150170625103147,0.5363208099679695,0.3584117049982241,0.6852968765130723,2.1775979498390274,0.1043327917051651,1.2346613451927464,12.037129981158644,0.3317027869490916,10.735899592600076,0.0,1.4409683180104504,0.0,0.0687279726356132,2.1444187371400347,,-0.11910603175731205,-0.3515248857378769,0.0,0.0,0.0,0.0,-0.031224810322842828,cyclical,2026-10-02,2026-10-02,False,False,True,False,False,False,False,False,False,False,False,,0.024345173546347496,Ridge,0.045527387328240666,0.05064557,0.06935785640423577,0.08078419580676224,0.02395744515517173,0.024345173546347496,0.034863807211297046,0.04677736124779425,80,9
ACGL,mixed,Financial Services,94.26000213623047,94.26000213623047,2026-02-26,2026-02-26,28.21176470588236,6.570350844625952,1.4622192844749236,-1.1280638687925837,24.68781914893617,3.4,0.051144344377427,0.4321514757750139,0.2574716911082235,3.7750677506775063,31.281842818428185,0.029810298102981,0.9921652421652422,0.1886843166241096,0.6390181340968742,1.7702222589440637,0.0771024182301873,1.2076333826098642,0.673964719129238,0.0803358387019804,0.6654339786817489,36.5,34.05263157894737,0.0002825299312209,0.0299883313885647,64.3605424089338,,-0.06728673920215256,-0.02087875624565838,0.0,0.0,0.0,0.0,-0.06206705014073796,cyclical,2026-10-02,2026-10-02,False,False,False,False,False,True,False,False,False,False,False,,0.024104287928371215,Ridge,0.02145196091825544,0.020204915,0.019162868847258267,0.022163475948383998,0.01798341953586695,0.024104287928371215,0.02119402032552641,0.020910133211435127,81,85
AVY,mixed,Industrials,171.6199951171875,171.6199951171875,2026-02-25,2026-02-25,84.5953488372093,6.198270517787954,6.278717273984211,19.63339093318991,71.86780408163266,2.15,0.0742161366575977,0.2865005283550546,0.1239432898908066,4.001291989664082,2.62015503875969,0.8669250645994832,0.8219214437367304,0.1419957793186614,0.7452651192383289,2.925650060211409,0.2651675949556996,1.126884232740428,1.5102067956646053,0.2580410602497245,1.2843782198620908,7.567204301075269,0.3635065166934476,0.0051429542379363,0.025367400451247,28.967700258397933,,-0.11976203971284038,-0.02588264776258664,0.0,0.0,0.0,0.0,-0.11329137777219372,cyclical,2026-10-02,2026-10-02,False,False,False,False,False,False,False,True,False,False,False,,0.024032314612989703,Ridge,0.02310139167407631,0.018181738,0.017238078542246998,0.02583832913266479,0.032599465160759795,0.024032314612989703,0.02659861879154235,0.024027734925080386,82,64
PCAR,mixed,Industrials,109.94000244140625,109.94000244140625,2026-02-18,2026-02-18,103.311320754717,8.445088552662444,2.99015053986711,-4.82690872089543,52.02685892607339,1.06,0.0289088455149501,0.1383268824771288,0.0882741027445461,1.479087452471483,17.5925855513308,0.6963878326996198,0.6798916368085293,0.1450151440266636,0.5655017795841772,1.3015053986710965,0.0,1.7009846785537772,3.4429357427691687,0.1538426838565325,0.7448199825115006,0.0,0.0,0.0030102985542581,0.0305557549796188,36.56795747911921,,-0.11645099701513906,0.1979950140722051,0.0,0.0,0.0,0.0,-0.16594975053319033,cyclical,2026-10-02,2026-10-02,False,False,False,False,False,False,False,True,False,False,False,,0.023829104590631322,Ridge,0.022406946859377476,0.035331137,0.020260815298938178,0.03802749133400882,0.02478154131643556,0.023829104590631322,0.023814139261644635,0.026805754967847695,83,48
GWW,mixed,Industrials,1281.6800537109375,1281.6800537109375,2026-02-19,2026-02-19,106.7777777777778,10.831610169491526,11.57446872736054,0.4837876650560941,71.744140625,9.45,0.1089108910891089,0.3945762711864407,0.1432768361581921,5.663157894736842,12.31578947368421,2.652631578947368,0.6810126582278481,0.2036082474226804,0.5379379602767239,1.16421154310553,0.0597122358445541,2.8268041237113404,1.8999570631172176,0.4937513947779513,2.781931464174455,31.7,2.5707762557077625,0.0022741557327241,0.1068243103090645,86.99579831932773,,0.11232810042172914,0.1928819233376804,0.0,0.0,0.0,0.0,0.06410761958730904,cyclical,2026-10-02,2026-10-02,False,False,False,False,False,False,False,True,False,False,False,,0.02374273281302255,Ridge,0.01752003544956122,0.046233177,0.046223379708786254,0.0517589310834697,0.026865896754128794,0.02374273281302255,0.02207731020066647,0.03322553751732241,84,25
EXPD,mixed,Industrials,187.74000549316406,187.74000549316406,2026-02-25,2026-02-25,99.34,7.001652320030365,8.488757353119098,-2.910623755927916,71.39328148201804,1.5,0.0854110126662345,0.1447047116305094,0.087855056489005,2.014404411490741,9.793844778121391,0.0966951078654197,0.9541968026713824,0.1366740850145112,0.5175096727628811,1.0750847012246814,0.028534590577829,1.811853202836469,1.4125177000319995,0.5836054894129888,2.174310971142813,0.0,1.939039236727958,0.0051658306373038,0.0850016090787579,17.497088316125676,,0.2891574915413313,0.6881575891841027,0.0,0.0,0.0,0.0,0.11711809424530562,cyclical,2026-10-02,2026-10-02,False,False,False,False,False,False,False,True,False,False,False,,0.023704562617970045,Ridge,0.013807511138319623,-0.020794867,-0.00216978733736225,0.0021568635719730568,0.018073177351311195,0.023704562617970045,0.01749671729624406,0.007877739357865468,85,149
MA,mixed,Financial Services,550.0,550.0,2026-02-11,2026-02-11,126.02207505518764,58.15118782648194,66.10887683965919,7.620228571428556,99.85641636258882,4.53,0.5241414923831655,1.0,0.6148080853963207,5.376811594202898,12.774804905239687,0.124860646599777,0.9773049645390072,0.2168087162815218,0.8569713979725613,5.991608572166279,0.0371036239382895,1.0349705649767156,1.910609676719462,0.1626013257750614,0.0,34.0503144654088,4.83590308370044,0.0013357304617784,0.0938786063648704,8.625835189309576,,0.05566218809980805,-0.05371460032345765,0.0,0.0,0.0,0.0,0.06909083818067246,cyclical,2026-10-02,2026-10-02,False,False,False,False,False,True,False,False,False,False,False,,0.023508701428205825,Ridge,0.01980562336070001,0.040223364,0.03737466218540296,0.010254381390903945,0.020462760528859626,0.023508701428205825,0.021200585019402304,0.024518438817941857,86,58
MCO,mixed,Financial Services,447.3599853515625,447.3599853515625,2026-02-18,2026-02-18,148.93586005830903,48.11022498676549,22.41741859891465,-7.469890167349733,104.295119695321,3.43,0.1504686729156388,0.6686077289571202,0.420857596611964,4.367622259696459,13.76053962900506,0.4553119730185497,0.9055944055944056,0.2878228782287823,0.7343651295009476,2.867538233843118,0.0808866924445546,1.7396846695739685,0.933300395256917,0.119330385344283,0.0,49.6875,7.594594594594595,0.0018375836808924,0.0631397849462365,22.68606603245663,,-0.04020599581299622,-0.06786409403129101,0.0,0.0,0.0,0.0,-0.023239972305173467,cyclical,2026-10-02,2026-10-02,False,False,False,False,False,True,False,False,False,False,False,,0.023265444736429036,Ridge,0.021472656651508642,0.023786217,-0.0011115248744281907,0.018607235000194074,0.01430306217930573,0.023265444736429036,0.02009751799541369,0.017194112564939974,87,108
DPZ,mixed,Consumer Cyclical,295.0,295.0,2026-02-23,2026-02-23,77.76492537313432,9.328062470698166,-3.672124382744848,0.6482795074675325,59.09086449655782,5.36,-0.0465614940445643,0.3969037727740372,0.193179835128342,5.172894778265379,12.761610666205272,1.8787563327638537,0.7335721374777946,0.4427560969755604,1.379180261464187,-1.4617658111394047,0.3484904846059512,1.6509718050075606,4.593073334130877,0.8272078788040532,6.859259862696161,4.885372239695688,2.4024700422162204,0.0081922568031133,0.0375519328525664,-26.50744895274255,,-0.26501731569374887,-0.3669527896995708,0.0,0.0,0.0,0.0,-0.17327911826885617,cyclical,2026-10-02,2026-10-02,False,False,True,False,False,False,False,False,False,False,False,,0.023079256214887742,Ridge,0.02302891172930572,0.005349705,0.025911654871158245,0.06535069157440349,0.0012327080064681237,0.023079256214887742,0.01676587246348581,0.02299784668703099,88,69
TSLA,mixed,Consumer Cyclical,354.1099853515625,354.1099853515625,2026-01-29,2026-01-28,1304.7202702702796,58.35289024537168,17.690508784104605,-10.938541449579835,392.80539677707253,0.26,0.0102268161729792,0.2011565800570258,0.056584072928798,0.4394924172082946,13.636335499845249,0.7406375735066543,0.3724101757146604,0.1202308128902062,0.3986836567348301,0.6688946516186371,0.0057644451172383,2.1644068865485275,5.4416520979020975,0.1806960509702045,1.4876972552539076,16.576470588235296,1.4979710144927536,0.0,0.045193935312426,23.209098615428086,,-0.12201233424684488,0.033324536320179954,0.0,0.0,0.0,0.0,-0.13034346832688987,cyclical,2026-10-02,2026-10-02,False,False,True,False,False,False,False,False,False,False,False,,0.02295306073506174,Ridge,0.02077816791560815,0.036004856,0.06626392841602267,0.04659656761677466,0.017079591406423473,0.02295306073506174,0.020647551781986635,0.03268901496658472,89,27
AOS,mixed,Industrials,56.66999816894531,56.66999816894531,2026-02-10,2026-02-10,74.3111111111111,10.25613045479452,5.03698548977395,-4.384567333333338,50.60075035078251,0.9,0.067491926803014,0.384,0.1795068493150685,1.1827088678153117,1.3806607447850043,0.1257744777857974,0.9038776624795194,0.2122898550724637,0.4088074328624156,0.6914962325080732,0.0165620956604762,1.4973913043478262,1.56706165206938,0.2903461881125111,1.1150565364015077,68.25,3.3579418344519016,0.0054067228414199,0.1149595267745952,13.27778293897794,,-0.27280895458815213,-0.10061897843286283,0.0,0.0,0.0,0.0,-0.24765420997993642,cyclical,2026-10-02,2026-10-02,False,False,False,False,False,False,False,True,False,False,False,,0.022758982775408835,Ridge,0.013665090682005165,0.0066630086,0.048275985211853355,0.049319386009278446,0.026645765470517196,0.022758982775408835,0.0201756003431708,0.026867836426160197,90,47
WFC,mixed,Financial Services,80.25,80.25,2026-04-14,2026-04-14,49.141975308641975,7.959998458877182,0.0,-2.887651736362417,0.0,1.62,0.0296531312361263,0.6388111338260732,0.1840226450699795,0.0,0.048723813173403234,0.0,0.0,0.0,0.9182532759802552,11.353612188614097,0.0,0.0,1.670777022829494,0.00978028479896449,0.0,0.5653686346506909,0.0,0.0056525562115312,0.0,55.44725554795798,,-0.003353204172876212,-0.018708730741012536,0.0,0.0,0.0,0.0,0.001323978512376922,cyclical,2026-10-02,2026-10-02,False,False,False,False,False,True,False,False,False,False,False,,0.02275414936016773,Ridge,0.031541288396856985,0.03894605,0.09108699658137316,0.08523837208522544,0.02384842961911726,0.02275414936016773,0.028064188380814804,0.04566810164920453,91,12
SW,mixed,Consumer Cyclical,43.040000915527344,43.040000915527344,2026-02-27,2026-02-27,241.6875,3.0601466579490952,1.0772106956948764,-0.9063916265056076,37.62299503363225,0.16,0.0045046488787035,0.1823218997361477,0.0546174142480211,1.1987636281012133,1.7472175755985004,1.14195946925328,0.5121338912133891,0.169167610419026,0.5935513873818012,1.4624870409777924,0.7139079700050579,1.47777463193658,1.7760073998725394,0.1428646278539318,1.7231024166339204,2.039408866995074,0.9891640994063516,0.0095745518182866,0.0245140170876394,34.00885896724557,,-0.08073470919420456,0.009854549871594287,0.0,0.0,0.0,0.0,-0.08319834666210313,cyclical,2026-10-02,2026-10-02,False,False,True,False,False,False,False,False,False,False,False,,0.022747579190875108,Ridge,0.02402988438769817,-0.018619906,0.0007134881890782308,-0.02544269749638642,0.01641359805735638,0.022747579190875108,0.022045203223413225,0.0064182195515850235,92,158
GE,mixed,Industrials,312.3900146484375,312.3900146484375,2026-01-29,2026-01-29,129.42436974789916,25.84477549736573,17.597473362959786,1.9409528149606317,98.8174911971831,2.38,0.1359961449911656,0.3423763466226311,0.1854997247778564,1.6822867853795689,11.613870665417055,0.4039362699156513,0.8063791554357592,0.0571062083119548,0.8548041392343799,5.957541361032286,0.0623547147165311,1.0414571575166751,0.8320465846637006,0.0976960720294386,0.829827346695773,9.436,1.5588842975206612,0.0011592244709182,0.0255866413825953,17.504217432052485,,-0.09645972508695122,0.26228388010521053,0.0,0.0,0.0,0.0,-0.16203069511325385,cyclical,2026-10-02,2026-10-02,False,False,False,False,False,False,False,True,False,False,False,,0.02257951529505171,Ridge,0.022821431877145852,0.002607241,0.010980931211161777,0.003999820158958339,0.029264934792071356,0.02257951529505171,0.025499516421353084,0.01706118129462067,93,113
EMR,mixed,Industrials,158.57000732421875,158.57000732421875,2026-02-03,2026-02-03,122.88888888888889,17.156487804878047,3.674457717327025,-6.963237064462834,69.3872768,1.08,0.0298147053025823,0.5317533364012885,0.1988034974689369,1.071555713777145,3.111427554289783,0.1726593093627625,0.8612303290414879,0.066444866920152,0.5161544147452252,1.066775083776858,0.1779456414422684,0.8405893536121672,1.462314939434724,0.1036266959154963,1.5197908887229277,7.448275862068965,0.1860905491478739,0.0041844317252025,0.0445327297085046,35.9723453288424,,0.042674956103489814,0.33409058829058336,0.0,0.0,0.0,0.0,-0.040847690969156025,cyclical,2026-10-02,2026-10-02,False,False,False,False,False,False,False,True,False,False,False,,0.022530302169518394,Ridge,0.026909777954142705,0.051177163,0.029456313245028697,0.04233634742941825,0.02662113423644333,0.022530302169518394,0.026676959934790082,0.03198235406330005,94,29
TRV,mixed,Financial Services,361.6400146484375,361.6400146484375,2026-02-12,2026-02-12,25.806049822064058,5.139978925353925,1.9426101416671733,0.1866557309325582,21.39166459627329,10.58,0.0758800997142336,0.5308880308880309,0.2495978120978121,12.187925556059918,29.768497503404447,0.0,1.0,0.0,0.7711052968519498,3.36882106159178,0.1450229794208213,0.0,0.835540022850998,0.0865087538619979,1.640506329113924,26.75,6.668269230769231,0.0037871545289563,0.0239861389355135,146.84821428571428,,0.16406481040472998,0.3086777688660256,0.0,0.0,0.0,0.0,0.08689536818822358,cyclical,2026-10-02,2026-10-02,False,False,False,False,False,True,False,False,False,False,False,,0.02248212888657277,Ridge,0.024765026226363604,0.025487212,0.028238599476116313,0.012262737968179695,0.022347152221733103,0.02248212888657277,0.02428533814476723,0.022823312840384566,95,71
ETN,mixed,Industrials,437.2799987792969,437.2799987792969,2026-02-26,2026-02-26,109.07876712328768,17.52595067328136,6.365280926640926,2.2167262880626653,82.42787592137591,2.92,0.0583268983268983,0.3682494684620836,0.1951807228915662,5.520350334878929,2.068521380731582,0.4585265327150953,1.09058524173028,0.2097118463180363,0.5280356839834186,1.1213384813384812,0.0851789431505931,1.3185699039487726,1.309634304807871,0.1710261569416499,1.069337811900192,19.67142857142857,1.207953603976802,0.003267403440262,0.0637223395464144,49.87163029525032,,0.15866454366533356,0.371385557232945,0.0,0.0,0.0,0.0,0.06581815435709731,cyclical,2026-10-02,2026-10-02,False,False,False,False,False,False,False,True,False,False,False,,0.022439166348815487,Ridge,0.02008796506414851,-0.015474756,0.024329916995252436,-0.006709823369972466,0.02427628953908019,0.022439166348815487,0.022600106161368462,0.013454485418698196,96,129
LMT,mixed,Industrials,505.5,505.5,2026-01-29,2026-01-29,83.10481099656357,5.493330201672405,16.616486088379705,-1.2500035806329537,56.59299605954466,5.82,0.199970242523434,0.1142154451549434,0.1146581406787998,11.935902988306626,17.847553053269813,2.0051970550021654,0.8561665113389252,0.1379472894793229,0.8876838235294118,7.903436988543372,0.1943061962822276,1.0868652239125778,1.2028162347651166,0.3397393048128342,4.95840220385675,8.037931034482758,1.4382716049382716,0.0071544078723271,0.0340179596754457,28.98231996550237,,-0.2529924634254471,0.05572031243473541,0.0,0.0,0.0,0.0,-0.26656497501143467,cyclical,2026-10-02,2026-10-02,False,False,False,False,False,False,False,True,False,False,False,,0.022311734442178894,Ridge,0.020391583133785265,0.042602137,0.02883984858499835,0.017269009070890563,0.03025719779470564,0.022311734442178894,0.02463534292840466,0.026453530083209085,97,50
WRB,mixed,Financial Services,68.9000015258789,68.9000015258789,2026-02-27,2026-02-27,62.05309734513276,7.479549373273602,2.86749992010983,-1.2473294710668916,46.739091212841046,1.13,0.0463374325752735,0.2058193314649536,0.1630792718750596,2.2591912923139748,72.5424482048464,0.2930550759124492,0.8851775911758489,0.0381489370456293,0.7796310872499559,3.541884509120777,0.1020856065787494,1.3899351995489468,0.5144161084965195,0.084388396188511,4.796554294465078,19.176842571220792,15.31469946564644,0.0148075851331425,0.013082705677147,24.304603705513173,,-0.05925721564884068,-0.08341091491447516,0.0,0.0,0.0,0.0,-0.038404486920221886,cyclical,2026-10-02,2026-10-02,False,False,False,False,False,True,False,False,False,False,False,,0.022112026159994906,Ridge,0.024523019083606563,0.028239958,0.018319560703310322,0.03490961286376942,0.022784228329892676,0.022112026159994906,0.02432578199657168,0.024975657409812932,98,56
NKE,mixed,Consumer Cyclical,35.150001525878906,35.150001525878906,2026-04-01,2026-04-01,150.9142857142857,8.153027928007802,6.526472817601136,-1.256511160931174,192.18327091633464,0.35,0.0369056068133427,0.4016313502970121,0.0490291692525933,0.1920346203259179,5.447968084387044,0.0987220231252958,0.6604651162790698,0.0396752168296733,0.6198467515648608,1.6305180979418028,0.121555490081222,2.1391400627422037,2.1007636431365246,0.3043114612562055,2.3369113573407203,2.835897435897436,0.2205097806757557,0.0066225884290091,0.0226342822320884,9.517697919481222,,-0.22658667220592887,-0.4637989252113081,0.0,0.0,0.0,0.0,-0.11063694090310185,cyclical,2026-10-02,2026-10-02,False,False,True,False,False,False,False,False,False,False,False,,0.021794221777195547,Ridge,0.013073705368419558,0.02951289,-0.02721804226642051,0.00023882171345153348,0.01701764874707016,0.021794221777195547,0.016917938463197495,0.010157627519355027,99,140
LHX,mixed,Industrials,238.39999389648438,238.39999389648438,2026-02-12,2026-02-12,215.71875,10.081048158640227,2.899809523809524,-1.3470906819923374,100.93114155251142,1.6,0.0152788388082505,0.2560198300283286,0.0695821529745042,9.647058823529411,5.716577540106952,0.8449197860962567,0.9194699286442406,0.271519512870191,0.5233644859813084,1.0980392156862746,0.1834107980363119,1.1891779684472736,4.11962071480671,0.1371040174778492,1.7074360016253556,2.7482517482517483,4.020979020979021,0.0039516833819946,0.0200371057513914,104.33049946865036,,-0.22312496505981838,-0.019575613190967345,0.0,0.0,0.0,0.0,-0.21823106176207654,cyclical,2026-10-02,2026-10-02,False,False,False,False,False,False,False,True,False,False,False,,0.021691713057103396,Ridge,0.0127413191626898,0.03114182,0.021134005062080127,-0.00726484138902545,0.017993907746874493,0.021691713057103396,0.017067650107097432,0.01626926615702893,100,118
CPRT,mixed,Consumer Cyclical,27.290000915527344,27.290000915527344,2026-03-03,2026-03-03,92.22222222222224,34.99978601625784,4.010437175434376,-1.9588207652851743,77.1287916378629,0.36,0.0358290313304311,0.4393540369126859,0.3465445396790867,0.059830623579356,5.2735761000009305,0.071961721301054,0.4539764705882353,0.2076976833970544,0.17159221306224293,0.0804703625328109,0.000425183432531,10.06100610386839,1.3018047189628958,0.1058686194438451,1.145111449803431,0.0,21.148753894081,0.0,0.31358596093688235,10.028783059026017,,-0.17875411027603527,-0.43708743986123466,0.0,0.0,0.0,0.0,-0.0694822503107266,cyclical,2026-10-02,2026-10-02,False,False,True,False,False,False,False,False,False,False,False,,0.02149347323968101,Ridge,0.029638217405355362,-0.013482911,-0.019760773788265587,-0.018737197254783254,0.008009642425896654,0.02149347323968101,0.022229696542160757,0.004580637057187046,101,162
DOV,mixed,Industrials,188.05999755859375,188.05999755859375,2026-02-13,2026-02-13,94.77669902912622,12.764625171325138,3.618259456928005,-3.731701586963949,61.74636873370657,2.06,0.0380914453966574,0.391034830037364,0.1645016695417371,3.5273397650762197,12.218426651898918,0.4152627590428167,0.8946729332966158,0.214837944497673,0.4482958851766183,0.8125657814245816,0.1335863548669234,1.7895412685939862,1.530663899567726,0.1563859967756939,1.4597443352465176,12.27347693182626,0.5080518542190604,0.0026060354182912,0.0633831221310449,53.64963884401104,,-0.16934630053624666,0.06803724192749727,0.0,0.0,0.0,0.0,-0.18635561101812098,cyclical,2026-10-02,2026-10-02,False,False,False,False,False,False,False,True,False,False,False,,0.021449066708092605,Ridge,0.01453423016619209,0.019610673,0.019637236060706977,0.020948166418677285,0.028615537777276913,0.021449066708092605,0.02129789465823683,0.020898152549833945,102,86
WAB,mixed,Industrials,287.8399963378906,287.8399963378906,2026-02-13,2026-02-13,179.36974789915965,12.25987689713322,3.2484839142091158,-1.3133677010140528,82.14054027504912,1.19,0.0180518319928507,0.2998313659359191,0.1258010118043845,5.108631826189078,4.63300058719906,0.7163828537874339,0.8770161290322581,0.1926213592233009,0.4929539172595042,0.9722073279714032,0.1610980416106668,1.105631067961165,1.562994201370585,0.1343513525760116,1.4807417974322397,5.485294117647059,0.3201820940819423,0.0011829261935209,0.0310690320801544,65.43859649122807,,0.09166760093256943,0.42685766290532223,0.0,0.0,0.0,0.0,-0.015046814793761132,cyclical,2026-10-02,2026-10-02,False,False,False,False,False,False,False,True,False,False,False,,0.021419897910385066,Ridge,0.02539176478032061,0.01674382,0.013814479899288114,0.01327665883109595,0.02606075616088358,0.021419897910385066,0.025821941402595763,0.020449605217953203,103,90
ODFL,mixed,Industrials,178.10000610351562,178.10000610351562,2026-02-24,2026-02-24,143.85321100917432,25.17479499669547,7.634069510099263,-2.3126700849784294,82.468758603366,1.09,0.0532282454163793,0.3007528516877585,0.2327330612194942,1.2602588962842618,0.5721588824675665,0.2180941536321233,0.8524749188670063,0.6412257752538716,0.2118956301095397,0.2688674726407004,0.0012152505493862,1.4358842419808806,1.670777022829494,0.2389867938049344,0.0,367.2,15.89543482547821,0.0017754599350352,0.2779209440403484,20.53950383770624,,-0.1427195855426444,0.11312503814697261,0.0,0.0,0.0,0.0,-0.17100084507938756,cyclical,2026-10-02,2026-10-02,False,False,False,False,False,False,False,True,False,False,False,,0.021260888227689945,Ridge,0.021986534660204303,0.049931224,0.05114885216100857,0.047350264454710085,0.03104116685333123,0.021260888227689945,0.025725813835963198,0.03521009715213778,104,21
YUM,mixed,Consumer Cyclical,136.69000244140625,136.69000244140625,2026-02-20,2026-02-20,78.79166666666667,16.72865552903739,-5.741411604095563,0.5735251878695402,65.99360594795539,1.92,-0.073037542662116,0.4451073985680191,0.2935560859188544,1.733812949640288,2.550359712230216,0.4856115107913669,0.7811993517017828,0.4069920844327176,1.379180261464187,-2.1189078498293514,0.2831949141902765,1.345646437994723,2.9892984542211654,0.3066975722825424,0.9734822051639916,5.548872180451128,4.298245614035087,0.0046842483707375,0.0387861606855228,-26.348920863309356,,-0.16099924845687297,-0.05489869016520599,0.0,0.0,0.0,0.0,-0.14727457591557147,cyclical,2026-10-02,2026-10-02,False,False,True,False,False,False,False,False,False,False,False,,0.021186888088156657,Ridge,0.020891888374187987,0.028206725,0.0272379677405094,0.0285493136955459,0.015872695198124617,0.021186888088156657,0.020428372558858765,0.02310134273920357,105,68
BBY,mixed,Consumer Cyclical,87.69999694824219,87.69999694824219,2026-03-18,2026-03-18,25.078125,0.994360793398002,4.634311740890688,0.0220493870999124,17.015928270042192,2.56,0.182523616734143,0.2086289271753293,0.0225133922108006,5.227488151658768,8.236966824644549,0.8293838862559242,0.8630672926447575,0.1664279203021226,0.7979550102249489,3.949392712550608,0.1309687611476329,1.1074358640447974,13.244487056567593,0.8272078788040532,2.303898840885142,23.923076923076923,1.1823802163833077,0.0144873726894824,0.0642405603963779,13.974540311173977,,0.19764642051798353,0.17781355020470313,0.0,0.0,0.0,0.0,0.15319303296680775,cyclical,2026-10-02,2026-10-02,False,False,True,False,False,False,False,False,False,False,False,,0.020972548130410485,Ridge,0.020495137323760432,0.008161426,-0.01605881601626607,-0.024352888338161165,0.018681276269313617,0.020972548130410485,0.021128711699259804,0.007201510461582078,106,153
FAST,mixed,Industrials,50.22999954223633,50.22999954223633,2026-04-13,2026-04-13,154.66666666666666,24.19788345369487,13.354174708610104,2.547801059446735,119.3328418230563,0.3,0.0851735806492041,0.4464277603669891,0.2032974519689331,0.2782616268942693,0.2687685072287058,0.0512976833304302,0.8443446088794926,0.4591675767503944,0.2342316403700718,0.3058779295651084,0.0023462511036765,4.392428103385512,1.5234569609742596,0.4226073937579178,3.355726872246696,-13.650862068965514,14.008264462809915,0.0051730144333859,0.2784561173481931,3.466417586236858,,0.1481162696930931,0.021142499333936415,0.0,0.0,0.0,0.0,0.142830644859609,cyclical,2026-10-02,2026-10-02,False,False,False,False,False,False,False,True,False,False,False,,0.020693512155411552,Ridge,0.008976478215241591,-0.046643745,0.042163783765611,0.03350422047691236,0.028137574012695656,0.020693512155411552,0.01846662046669715,0.015615790488461755,107,123
AFL,mixed,Financial Services,111.18000030517578,111.18000030517578,2026-02-25,2026-02-25,42.411538461538456,11.938033803104576,1.9819807900983384,-0.6682090531256015,32.72819303455724,2.6,0.0467616141064767,0.5990604575163399,0.3272058823529412,0.5942835581548911,11.781907367229506,0.0,1.0,0.0,0.7468017515239976,2.949474398101051,0.1438699653670997,0.0,5.863473053892216,0.0420365759423027,0.0,26.262295081967213,27.19672131147541,0.0049958413470321,0.0187284433203035,55.43076792947567,,-0.019144240801272305,0.07109826883599024,0.0,0.0,0.0,0.0,-0.036918808010269866,cyclical,2026-10-02,2026-10-02,False,False,False,False,False,True,False,False,False,False,False,,0.02064569909591025,Ridge,0.01751873846593489,0.022508236,0.007036925065008938,0.007844942370696648,0.0186641247006905,0.02064569909591025,0.019682884011564424,0.016270296991925247,108,117
MS,mixed,Financial Services,188.00999450683594,188.00999450683594,2026-02-19,2026-02-19,65.50922509225093,9.663547001143412,2.4983842446610294,-3.7396991931051407,93.18130327631198,2.71,0.039388347427261,0.5801600776133883,0.1995772842243858,-0.1406747294716741,343.7116486314449,1.3933800127307447,0.091701244813278,-0.004306863102514,0.9206826870947074,11.71364841622474,1.6901528338348817,1.1699852744597656,0.2515777545327755,0.0203207840762671,0.029160840675486,0.4760724026779073,0.0356200527704485,0.006052356541312,0.0042328875864357,70.0765850596359,,0.12580835034033488,0.4642522936669464,0.0,0.0,0.0,0.0,0.009745276923598278,cyclical,2026-10-02,2026-10-02,False,False,False,False,False,True,False,False,False,False,False,,0.02063641110816134,Ridge,0.03054180874554667,0.0089967,0.03030237316615703,0.010590555066041427,0.029212164274411947,0.02063641110816134,0.02938386745495207,0.02297466762824549,109,70
ERIE,mixed,Financial Services,222.11000061035156,222.11000061035156,2026-02-23,2026-02-23,210.7720588235294,14.034280019953762,5.846345417220306,-0.8052091910008404,128.11475108818806,1.36,0.027757169872303,0.1458580170921121,0.1658307041954417,3.023167655271192,8.228667685998893,0.6606562912829659,0.8206601887419341,0.1814291017114237,0.3195091851212985,0.469527550020277,0.0,1.268178390777369,1.2931120503433302,0.2834761990903837,4.048106387113168,0.0,0.0,0.00476193932003,0.0769792567346356,43.33715370427088,,-0.1673477015544459,-0.3824960365582819,0.0,0.0,0.0,0.0,-0.07172369241487542,cyclical,2026-10-02,2026-10-02,False,False,False,False,False,True,False,False,False,False,False,,0.02060638230142054,Ridge,0.01820550014389195,0.053121198,0.008211001390043791,0.030354107554740103,0.006601707504810678,0.02060638230142054,0.016232777434944327,0.02155922498377847,110,81
ICE,mixed,Financial Services,151.47000122070312,151.47000122070312,2026-02-05,2026-02-05,108.6979865771812,29.459231414777072,3.1991003507660385,6.561400838225772,69.66022815332919,1.49,0.0290506657444233,0.7974522292993631,0.3834394904458599,1.941727378184446,6.331186834549104,0.2906462982674644,0.8698039215686274,0.0151576394502829,0.7882121750056617,3.731488846619402,0.212363006601588,1.0197584288363688,0.9781931464174456,0.0229386282115905,0.5899814471243042,6.615384615384615,1.1405094494658998,0.0029620985445344,0.0113905983539704,50.6267332192996,,-0.08077435841301661,-0.15999333839450347,0.0,0.0,0.0,0.0,-0.040776023814390744,cyclical,2026-10-02,2026-10-02,False,False,False,False,False,True,False,False,False,False,False,,0.02053076890611851,Ridge,0.01943627175331651,-0.018028475,0.005001401428636091,0.007438307955752977,0.013263241560379647,0.02053076890611851,0.018933471559947276,0.009866447628164635,111,141
USB,mixed,Financial Services,57.36000061035156,57.36000061035156,2026-02-23,2026-02-23,42.34920634920635,7.559657434402332,1.272756277514457,3.0847530472939995,42.87732230161715,1.26,0.0314604328685595,0.6684584548104956,0.2307762390670553,1.8237942122186492,88.57299035369775,0.0,1.0,0.0052579081831294,0.9051758877438272,9.612903225806452,0.9391526101900818,0.2553515345453467,1.670777022829494,0.0158533679018408,0.0,0.6960703489969772,0.1046584298831787,0.0109671852176805,0.0034737846540735,41.89781491002571,,0.049972553731494784,0.31499313641337845,0.0,0.0,0.0,0.0,-0.028775730371849828,cyclical,2026-10-02,2026-10-02,False,False,False,False,False,True,False,False,False,False,False,,0.020395150175667946,Ridge,0.015815745554832356,0.019833365,0.016291232438744033,0.015218925724672927,0.019458606076719526,0.020395150175667946,0.019112036642315696,0.018020245958927036,112,106
MRSH,mixed,Financial Services,171.85000610351562,171.85000610351562,2026-02-09,2026-02-09,109.77514792899407,13.699505686125852,5.983327152317881,2.459864670058039,72.49849833887043,1.69,0.0543708609271523,0.4028809704321455,0.1848369977255496,4.2217659137577,5.517453798767967,0.2156057494866529,0.951411383618695,0.1026115859449192,0.7391415431783341,2.873841059602649,0.2167944832129546,1.1016144349477683,0.8598435462842242,0.1123318003747232,1.0783132530120485,5.187234042553191,0.8541944074567244,0.0049143181981187,0.0241732918539002,30.816326530612244,,-0.07820626453083934,0.08978806040482157,0.0,0.0,0.0,0.0,-0.10065327963204473,cyclical,2026-10-02,2026-10-02,False,False,False,False,False,True,False,False,False,False,False,,0.020241664403673653,Ridge,0.023641323092890534,0.023634845,0.031183410212899866,0.0376834444172582,0.014304557251756637,0.020241664403673653,0.02133992731446012,0.024505909120853868,113,59
CME,mixed,Financial Services,265.1000061035156,265.1000061035156,2026-02-26,2026-02-26,84.02461538461537,59.56728309577242,3.4185427433671443,0.6887035961821831,61.34740857861635,3.25,0.0406569155046261,0.8537635712985989,0.6184266391702553,3.0625665609107062,12.647337702602377,0.0903699048752478,0.971337860481524,1.3113556008644347,0.8553088314990199,5.911271851351634,0.035415439391849,14.923628817186406,2.579317897371715,0.00978028479896449,3.357938718662953,0.0,21.13978494623656,0.0046329964415316,0.0070339099824402,79.74894026921464,,-0.18795562671225985,-0.0880946437910094,0.0,0.0,0.0,0.0,-0.1659319657645075,cyclical,2026-10-02,2026-10-02,False,False,False,False,False,True,False,False,False,False,False,,0.020063915981925817,Ridge,-0.004348800856337791,0.030140473,0.024992908657798005,0.03640373473559393,-0.00463908752255863,0.020063915981925817,0.0016723067862215784,0.01463561689888836,114,126
JCI,mixed,Industrials,151.77000427246094,151.77000427246094,2026-02-04,2026-02-04,140.88235294117646,13.030584785233742,5.720864889427446,-0.5277881470821341,90.35800214822773,0.85,0.0396849439563768,0.3577712609970674,0.1471450750388132,0.735573874445149,0.8750792644261256,0.1268230818008877,0.8529411764705882,0.0518045900390439,0.6516072980017377,1.874431990305968,0.1209585071414103,0.8260165698504904,0.9365105008077544,0.1526209093541847,1.0301604869950194,17.408163265306122,1.6061855670103091,0.0032433877913588,0.0277979797979797,20.846226712977582,,0.04337965263619492,0.5118040070969314,0.0,0.0,0.0,0.0,-0.08457134913803793,cyclical,2026-10-02,2026-10-02,False,False,False,False,False,False,False,True,False,False,False,,0.020004022445052838,Ridge,0.02720305297141174,0.04393769,0.02295682941555951,0.03431672496697988,0.02551538151149618,0.020004022445052838,0.026622447617204708,0.028456126215681186,115,39
AXP,mixed,Financial Services,302.0899963378906,302.0899963378906,2026-02-06,2026-02-06,104.80169971671388,12.079067059550402,7.592628607277289,-1.7515487724893797,74.38250281531532,3.53,0.0735496206010635,0.834893778812794,0.1468561380162539,3.4148471615720526,70.646288209607,1.049490538573508,0.7649168568633844,0.0179560436986991,0.8884393371815552,7.963733046543586,0.2272583749367759,0.2841469269229418,1.670777022829494,0.0701245117512964,0.2363265306122449,1.5,0.8522296706499563,0.0022938699179026,0.0109686470751524,48.65406976744186,,-0.017369819673126785,0.022889636467309904,0.0,0.0,0.0,0.0,-0.02309222878995426,cyclical,2026-10-02,2026-10-02,False,False,False,False,False,True,False,False,False,False,False,,0.01999857244088339,Ridge,0.013475174659764819,-0.016488273,-0.007847598975250513,0.0034845502154359003,0.015516190562312262,0.01999857244088339,0.016749086528476086,0.006761448552101417,116,155
BRK.B,mixed,Financial Services,500.5,500.5,2026-03-02,2026-03-02,56.47752808988764,11.507602913553782,1.511507832591554,-0.3747922553633137,68.1319900982901,8.9,0.026761209279375,0.2301023007046438,0.1448021903387384,2.313039004141684,173.04266606716158,2.874843267271889,0.4458541815582559,0.1586707496881025,0.4111298209095907,0.7003898697971478,0.1236655519312389,6.752424293977543,1.1995824528349923,0.0771018249417432,1.2668110146850826,10.512326656394452,0.8242361826295915,0.0,0.0452720842711946,188.93876869410323,,0.0423391715434116,-0.004594180704441064,0.0,0.0,0.0,0.0,0.04348771671952187,cyclical,2026-10-02,2026-10-02,False,False,False,False,False,True,False,False,False,False,False,,0.019977775728390792,Ridge,0.018039481753479532,0.025511434,0.01736201814363064,0.017587895604234374,0.014047971920112897,0.019977775728390792,0.018527572217852215,0.01865440668721093,117,102
NDSN,mixed,Industrials,329.0199890136719,329.0199890136719,2026-02-19,2026-02-19,111.32217573221756,22.877739211096685,4.921347206682548,-2.500248876438325,76.09024630340802,2.39,0.0428590799927766,0.5468907075990984,0.2485656371319614,2.2032121027442684,2.157988133861514,0.3139149294663823,0.8752884040219899,0.3052457455618858,0.4779153292057839,0.9153981258993106,0.1355769345049497,2.720734095715891,1.1712402223299154,0.1123082972734754,2.577046589866449,6.218655405657909,1.9045433862894872,0.00298947080841,0.0596623298942437,55.44757425125162,,0.20132900910497975,0.47741351151177325,0.0,0.0,0.0,0.0,0.08197563122703644,cyclical,2026-10-02,2026-10-02,False,False,False,False,False,False,False,True,False,False,False,,0.019945528130458436,Ridge,0.018691856377564625,-0.034939967,-0.018852776944647532,-0.008641386931681093,0.019702782611670147,0.019945528130458436,0.020625796776497597,0.0029312576405771265,118,166
RJF,mixed,Financial Services,159.75999450683594,159.75999450683594,2026-02-06,2026-02-06,56.34736842105263,7.579571120689655,2.5180818615751788,-2.496863253056109,36.19682554945055,2.85,0.0447891805887032,0.8943965517241379,0.1743295019157088,0.4921359715880263,83.86605783866058,0.2333840690005073,0.6783216783216783,0.0021189266080874,0.8583370887787292,6.060938743038982,0.1449816157055813,0.3146087394609332,0.9388489208633094,0.0470482199188823,0.0724852071005917,1.6507936507936507,0.695920889987639,0.003538448672701,0.0073898091512876,62.41310824230387,,0.034580977249293765,0.09861088231904791,0.0,0.0,0.0,0.0,0.009928256669531788,cyclical,2026-10-02,2026-10-02,False,False,False,False,False,True,False,False,False,False,False,,0.019920802095741784,Ridge,0.01801713843724561,0.027662447,0.016868856403446035,0.030521221862396173,0.019273726399641797,0.019920802095741784,0.020161570642668075,0.021692255654548676,119,79
IBKR,mixed,Financial Services,85.80999755859375,85.80999755859375,2026-02-27,2026-02-27,100.484375,10.419077716202256,5.340675860868917,2.975141961036197,43.66865124051722,0.64,0.0529554353906395,0.9112404510731176,0.6388028945699924,3.5632920511167647,11.143426874412416,0.0493966131849835,0.9863269111249224,0.0102303579035714,0.899271796890376,33.65114542510766,0.0001710132671252,1.1323397572435894,0.15457502312928828,0.0135258807321393,0.0015569167942827,2.175406871609403,2.072888888888889,0.0012568935091809,0.0016906679506259,11.974576146167834,,0.19729311509130376,0.08978806040482157,0.0,0.0,0.0,0.0,0.17484609999009837,cyclical,2026-10-02,2026-10-02,False,False,False,False,False,True,False,False,False,False,False,,0.01964009357960195,Ridge,0.009863055546800384,0.05895715,0.043649236735159136,0.040748665793115604,0.01923685070977159,0.01964009357960195,0.016167527304999377,0.029322070125523438,120,36
ROK,mixed,Industrials,442.45001220703125,442.45001220703125,2026-02-05,2026-02-05,143.56826568265683,20.83049358669834,11.705336091831288,0.2987000026030128,105.00263053097343,2.71,0.0814201815269621,0.4826603325415677,0.1743467933491686,1.5084294587400178,3.9396628216504,0.5678793256433008,0.7264957264957265,0.0677867902665121,0.661620658949243,1.983449012279765,0.0860468832589642,1.0698146002317497,1.1872532430908065,0.1874443455031166,1.4069767441860466,11.46875,0.4350580781414995,0.0035577296020138,0.0515477792732166,33.121131741821394,,0.07351695306813366,0.394509619916261,0.0,0.0,0.0,0.0,-0.025110451910931586,cyclical,2026-10-02,2026-10-02,False,False,False,False,False,False,False,True,False,False,False,,0.01943839804583705,Ridge,0.021317296656346824,0.003867969,0.003905657452498085,0.01372158369127731,0.02344416823272468,0.01943839804583705,0.023118610350797927,0.01573117973339294,121,121
EG,mixed,Financial Services,368.7200012207031,368.7200012207031,2026-02-26,2026-02-26,31.5088207985144,3.177958800870647,0.9089278712534764,0.1025046555185103,26.2442665875402,10.58,0.0288467757583597,0.3287426503844414,0.1406603346901854,-6.374358103790715,377.09808074724015,0.0,1.0,-0.0077616012418561,0.7526953962312442,3.0433995213763665,0.255391510884611,0.7609662017545923,0.3628158844765343,0.0707361551012573,4.623520249221184,24.88,18.84,0.0058350804938807,0.0094784715433331,188.93876869410323,,0.08565203668905319,0.04827429698272345,0.0,0.0,0.0,0.0,0.07358346244337233,cyclical,2026-10-02,2026-10-02,False,False,False,False,False,True,False,False,False,False,False,,0.019429917176776595,Ridge,0.027309820012790934,0.01996438,0.025960785572749626,0.011470818115616477,0.024207174017340172,0.019429917176776595,0.026297718559341068,0.022129497425861535,122,74
MSCI,mixed,Financial Services,545.3900146484375,545.3900146484375,2026-02-06,2026-02-06,155.48238482384824,53.819970955396045,-16.676498779449545,-2.9504950195838338,99.96329582099506,3.69,-0.1072385422709772,0.825682529956427,0.5636525443510738,6.333557977682448,6.678832022187949,0.1612125610751824,0.9751780974996508,0.2738844835228257,1.379180261464187,-3.1481910236801856,0.1401062917721203,0.8989218527714455,0.833604942475616,0.1442409318506279,9.347480279027316,7.290425046781879,6.237227367792053,0.0030526266829077,0.0398529424258636,-26.50744895274255,,-0.049644499462540126,-0.03333921544055751,0.0,0.0,0.0,0.0,-0.04130969560240075,cyclical,2026-10-02,2026-10-02,False,False,False,False,False,True,False,False,False,False,False,,0.019311482027395462,Ridge,0.024793936955583216,-0.0023530787,0.020481825788974926,0.0241007397920472,0.021670976348612574,0.019311482027395462,0.02427412675795773,0.019114093333160307,123,98
CB,mixed,Financial Services,331.29998779296875,331.29998779296875,2026-02-27,2026-02-27,38.53333333333334,8.126310328977608,1.677882506067221,0.6471419959946602,35.40784304047384,8.1,0.0435212928942337,0.4920218005121807,0.2475540087990019,12.007566204287516,6.229508196721311,0.0,1.0,0.0,0.6780885207138794,2.27842781024174,0.1711680394532513,0.0,0.9551555444054188,0.0614496285745413,0.0,18.390243902439025,0.6596029018709431,0.0031028903908817,0.0195596548646236,186.0201765447667,,-0.033434508714643596,0.10459103055035746,0.0,0.0,0.0,0.0,-0.05958226635223296,cyclical,2026-10-02,2026-10-02,False,False,False,False,False,True,False,False,False,False,False,,0.018896689278686082,Ridge,0.02157489063345335,0.050117087,0.028233176516191016,0.022405157326336283,0.01858992732736378,0.018896689278686082,0.02175200517380799,0.025650796583523476,124,53
IP,mixed,Consumer Cyclical,32.52000045776367,32.52000045776367,2026-02-27,2026-02-27,-8.714601769911505,3.462857142857143,1.402705874418291,-0.0187583084762614,-16.35656283566058,-3.7645,-0.1607877520739192,0.3135198135198135,-0.34526752748315304,0.4829545454545454,2.168560606060606,1.231060606060606,0.281767955801105,0.1145714647423724,0.6094457907491307,1.5604640183449112,0.496059221306746,1.2794024560070896,1.3569814731134209,0.1582025076388157,0.6437158469945355,-13.650862068965514,-1.4452621895124196,0.0117319424250117,-0.048993395475977634,28.081439393939394,,-0.24178129032959494,-0.31101693945415954,0.0,0.0,0.0,0.0,-0.16402705546605506,cyclical,2026-10-02,2026-10-02,False,False,True,False,False,False,False,False,False,False,False,,0.018761413215353445,Ridge,0.08670627601601376,0.05130393,0.07872124632823904,0.09432115549002926,0.0435733230650481,0.018761413215353445,0.06155062535459813,0.061965162276237516,125,1
SPGI,mixed,Financial Services,388.1600036621094,388.1600036621094,2026-02-11,2026-02-10,138.98670212765958,40.275194586312566,5.049388890667521,-13.421300161375674,85.85906256306761,3.76,0.0363054266047702,0.7012257405515833,0.4274770173646578,5.63949635520212,5.96752816434725,0.1524188204108681,0.9736842105263158,0.2288856880974204,0.409281045751634,0.8019209220425805,0.0869021251405565,0.8244074898520362,1.1380412670735252,0.0639869281045751,1.9180327868852456,31.0,1.7578125,0.0018387287531563,0.057130309805174,103.3929162528964,,-0.12395051985621242,-0.24422203769133088,0.0,0.0,0.0,0.0,-0.0628950104333797,cyclical,2026-10-02,2026-10-02,False,False,False,False,False,True,False,False,False,False,False,,0.01816625035606663,Ridge,0.018177815435091137,-0.016749926,-0.025595564599020036,-0.007196097881455098,0.0068779525846089104,0.01816625035606663,0.01644990976351697,0.0018030193568739964,126,170
SNA,mixed,Industrials,367.7200012207031,367.7200012207031,2026-02-12,2026-02-12,72.35458167330678,13.593779386521382,3.070620216460433,-11.13503973676636,47.72510655301012,5.02,0.0439495599986513,0.5074259273080081,0.2534517501306068,4.905587668593449,31.30057803468208,0.2601156069364161,0.94964565460649,0.2918889493739793,0.2918940123737734,0.4139552918169864,0.0694179657143108,4.793467610234077,1.5201951440889494,0.159278675292046,2.880838061981668,24.431654676258997,9.983388704318935,0.0184195883400437,0.11435552840562,112.34469696969695,,0.009691554005697434,0.136868144135734,0.0,0.0,0.0,0.0,-0.024525482028236067,cyclical,2026-10-02,2026-10-02,False,False,False,False,False,False,False,True,False,False,False,,0.018117702641806375,Ridge,0.019600771783965302,0.039659474,0.038554607959250156,0.02468256482238566,0.02968125631639346,0.018117702641806375,0.024313965852770562,0.02762533342814884,127,44
HWM,mixed,Industrials,228.3800048828125,228.3800048828125,2026-02-12,2026-02-12,220.4516129032258,38.01570110701107,15.396607509807586,-17.72430967741942,130.34775384615384,0.93,0.0694937418270128,0.3150369003690036,0.2661439114391143,1.318407960199005,1.845771144278607,0.308457711442786,0.8103975535168195,0.3692828910220214,0.521155738438143,1.0883616663553148,0.037006461206794,2.13382269904009,2.7236180904522613,0.193935056802934,1.757396449704142,15.594594594594597,2.5964912280701755,0.000606663298472,0.0763817370408513,13.25,,-0.13854624539695792,0.3227918035494497,0.0,0.0,0.0,0.0,-0.21924419628432035,cyclical,2026-10-02,2026-10-02,False,False,False,False,False,False,False,True,False,False,False,,0.01798455538059678,Ridge,0.013755584025751227,-0.0129509345,0.009691457045199749,-0.016437825239716073,0.014437998781376953,0.01798455538059678,0.016666706519488067,0.006471826574418735,128,157
RTX,mixed,Industrials,185.00999450683594,185.00999450683594,2026-02-06,2026-02-06,151.5702479338843,10.176361911048769,3.7804377346923137,-2.471108646732429,80.81347057118005,1.21,0.0248601425396582,0.1946117666474131,0.0944797425530159,2.375641311621682,5.528292066324634,0.7212432151089301,0.7671068427370948,0.0708526129559063,0.6075614189935644,1.5930875929189976,0.1536723449700889,1.0263336962438758,0.7623690749536062,0.1416772368321068,1.2281220509594213,6.1891891891891895,0.7187656798795785,0.0037055857772968,0.0267555632522296,47.91437174120585,,-0.12796948290518506,0.3459187727836166,0.0,0.0,0.0,0.0,-0.2144491761010892,cyclical,2026-10-02,2026-10-02,False,False,False,False,False,False,False,True,False,False,False,,0.017910972908841794,Ridge,0.015575523785403944,0.0143646225,0.002426572200806348,0.012171360273668292,0.023762739197445485,0.017910972908841794,0.02049283533256213,0.015316530302212533,129,124
MAR,mixed,Consumer Cyclical,354.7900085449219,354.7900085449219,2026-02-10,2026-02-10,186.89156626506025,12.451336322869954,-22.08948289578361,-1.2295797488433573,103.43789038262668,1.66,-0.1180058339962874,0.165321375186846,0.1161434977578475,2.446927374301676,1.3333333333333333,0.6405959031657356,0.7925211097708083,0.098713979518933,1.1369281045751634,-8.30310262529833,0.1945271180694612,0.426768278161467,2.2997593674802337,0.2429193899782135,6.85995085995086,3.735576923076923,0.5857445306986592,0.0021488739900292,0.0198652230845389,-13.997772828507795,,0.07359218248228849,0.358255842214777,0.0,0.0,0.0,0.0,-0.015971778071405762,cyclical,2026-10-02,2026-10-02,False,False,True,False,False,False,False,False,False,False,False,,0.01777740482673526,Ridge,0.022184392714929103,0.011520322,0.011772226378149718,0.012244548087485263,0.020571001529356057,0.01777740482673526,0.022739271104576724,0.017067772558132813,130,112
NDAQ,mixed,Financial Services,91.66999816894531,91.66999816894531,2026-02-12,2026-02-12,106.73626373626372,26.65004375,4.533580682096998,1.162295912388076,78.52322506082724,0.91,0.0424470434284779,0.6692307692307692,0.3028846153846153,0.9391974767828982,1.4753811109164183,0.1559488347643245,0.8576,0.0785077251601557,0.6060928090683669,1.5392982743109511,0.1707675072188779,1.0052757191307624,2.2057264050901377,0.0669822561427237,2.4571428571428573,7.159090909090909,1.466281310211946,0.0027601340169541,0.0361298549492588,21.20901994796184,,0.040640233499208867,0.09130950201125376,0.0,0.0,0.0,0.0,0.017812857996395426,cyclical,2026-10-02,2026-10-02,False,False,False,False,False,True,False,False,False,False,False,,0.017723586998016287,Ridge,0.023014370818012404,0.022848878,0.0192660906890951,0.019582164856616673,0.019076236356776417,0.017723586998016287,0.02267993373925797,0.020571789225016353,131,88
BALL,mixed,Consumer Cyclical,56.5,56.5,2026-02-19,2026-02-19,70.62666666666667,4.2222328443382136,2.606864661501568,-0.4801524058559843,41.26669426501035,0.75,0.0367090942630511,0.1461009859575739,0.1012847325963549,3.901959975861074,4.542915937313757,0.637207680976352,0.8596201486374897,0.2207034809549845,0.722341733251383,2.6015495296070834,0.4961854389283813,1.1140878439948971,1.2843438219493477,0.1714300348289285,0.5228686425173802,4.402597402597403,4.418367346938775,0.0038211656734359,0.025384669928384,20.20394015966368,,-0.1493526046371575,0.0834132310642377,0.0,0.0,0.0,0.0,-0.17020591240321692,cyclical,2026-10-02,2026-10-02,False,False,True,False,False,False,False,False,False,False,False,,0.017099075290097073,Ridge,0.0209074311010446,0.019518785,0.018204992149062328,0.0011843683273025638,0.016253905725960943,0.017099075290097073,0.020796866928848988,0.016286875264329793,132,116
PNC,mixed,Financial Services,220.75,220.75,2026-02-20,2026-02-20,42.77254098360656,9.431149082568806,1.35742543533878,0.8534004741051032,56.91868613138686,4.88,0.0333415862012049,0.6802752293577982,0.2670871559633027,5.7969543147208125,100.79441624365482,0.0,1.0,0.0050053801261864,0.8942835424323363,8.466386069159032,0.694324706266882,0.8080555062468634,0.15457502312928828,0.0152029736458544,0.0063239170178693,0.879199697999245,0.1123701083351757,0.0092291282474311,0.0039381131369215,153.76903553299493,,0.030434579657377725,0.26911578705300676,0.0,0.0,0.0,0.0,-0.036844367105873965,cyclical,2026-10-02,2026-10-02,False,False,False,False,False,True,False,False,False,False,False,,0.016506625236735906,Ridge,0.016711342177875357,0.01780343,0.029942887940702368,0.03312574847697792,0.018347500537251704,0.016506625236735906,0.019431592275005648,0.021663823136294582,133,80
DAL,mixed,Industrials,84.12999725341797,84.12999725341797,2026-04-08,2026-04-08,-151.0909090909091,2.735652832092847,2.128535531998429,0.3040267987113709,46.19897887323943,-0.44,-0.0141833529642716,0.2862999873848871,0.0316008578276775,1.8895705521472392,7.75,1.8404907975460123,0.506578947368421,0.0743753631609529,0.7586668403785339,3.1436493914409107,0.3265773659105246,0.4178415242056332,3.876283618581907,0.1877746325401807,1.895627408276093,3.3178807947019866,0.3275702377276937,0.0029743349479283,0.0054016079931309,31.25153374233129,,0.03519969792074451,0.3762472968005557,0.0,0.0,0.0,0.0,-0.05886212627939441,cyclical,2026-10-02,2026-10-02,False,False,False,False,False,False,False,True,False,False,False,,0.016289602898071385,Ridge,0.014878345732577685,-0.01777517,0.014858886796785825,0.007480023246087081,0.024212767880341293,0.016289602898071385,0.02038792410324973,0.011825789733116368,134,132
WSM,mixed,Consumer Cyclical,233.38999938964844,233.38999938964844,2026-03-26,2026-03-25,59.00647249190939,10.8164133825514,12.242477480830075,0.3133254029141203,54.27460388818079,3.09,0.1767152815358412,0.4687422707878949,0.2027071916725813,4.341582579204513,8.560979500008395,0.6794127029432011,0.8646856519943622,0.3060753378741435,0.6151897887474889,1.5986836387348449,0.0086820977352915,1.388437309697922,18.58626725857705,0.435544591264603,1.962809470442095,0.0,1.6244420752091653,0.0031320990379827,0.1105379934179403,17.21165814028447,,0.228756446191684,0.21582621061496376,0.0,0.0,0.0,0.0,0.17479989353794306,cyclical,2026-10-02,2026-10-02,False,False,True,False,False,False,False,False,False,False,False,,0.01619631714250196,Ridge,0.007144835329739327,-0.044601362,-0.024749548755571536,-0.017847194196963904,0.01294498560706534,0.01619631714250196,0.013061059558607322,-0.004804899153401991,135,184
COIN,mixed,Financial Services,189.2899932861328,189.2899932861328,2026-02-12,2026-02-12,-90.81927710843372,58.77419325467909,4.1009708323999,0.0906601224129285,-72.18275390551074,-2.49,-0.0450706676063867,0.719293809177119,-0.34526752748315304,11.425747482918135,44.41122463814036,0.0,1.0,0.3522642985252058,0.5014444001974667,1.0057943394800453,0.126244299981892,2.3431541467107952,0.5981824782661861,0.0347867296835598,2.4636792653373583,-13.650862068965514,-0.3285154989184667,0.0,-0.0400313224732091,55.14304032922424,,0.021863492151440234,0.08978806040482157,0.0,0.0,0.0,0.0,-0.0005835229497651584,cyclical,2026-10-02,2026-10-02,False,False,False,False,False,True,False,False,False,False,False,,0.015710574606344632,Ridge,0.012207617238870736,-0.016898083,-0.01970150107048367,0.015532821924372057,0.035929430107262274,0.015710574606344632,0.02279289054650773,0.009767754391615771,136,143
AIZ,mixed,Financial Services,266.239990234375,266.239990234375,2026-02-19,2026-02-19,53.64142538975501,3.608550365031041,2.0590788103753663,-0.9597291735574468,32.47234794945284,4.49,0.0383541113154847,0.7859957020057307,0.0846167621776504,12.185846409328896,90.68166234308508,1.1813318490652338,0.911624441132638,0.0280875359989284,0.8382015784136502,5.180530008856189,0.1825379729605808,0.5503691983122363,0.3897581461360384,0.0923239716061902,0.3412335808109651,10.017667844522968,11.501766784452297,0.0036558876273767,0.0097705306068775,116.96980318031724,,0.13996998601744792,0.3036282144365423,0.0,0.0,0.0,0.0,0.06406293240831235,cyclical,2026-10-02,2026-10-02,False,False,False,False,False,True,False,False,False,False,False,,0.015651944004887015,Ridge,0.02363362907953344,0.026286421,0.02234292848444593,0.011715923632623406,0.019199930351171533,0.015651944004887015,0.023144690032670896,0.020222038043795867,137,93
CINF,mixed,Financial Services,162.14999389648438,162.14999389648438,2026-02-23,2026-02-23,38.978520286396176,8.351054530307941,1.61919447086921,-0.2287931704828224,28.17653991731844,4.19,0.0424863302118031,0.5228525121555916,0.2722852512155591,5.939945691019493,124.89734258747713,0.0633932304271023,0.989440337909187,0.0508620226650196,0.6119457587434759,1.5769593363082144,0.0316345106527604,1.2863741339491916,0.7383915749162279,0.0752402321837959,0.0,24.207492795389047,12.244556113902847,0.0051624416157265,0.0286158383484117,100.8649689325626,,-0.0460642787593577,0.06959098876308967,0.0,0.0,0.0,0.0,-0.06346202595013012,cyclical,2026-10-02,2026-10-02,False,False,False,False,False,True,False,False,False,False,False,,0.01554627839134392,Ridge,0.021540226550064115,0.02768858,0.0021342760764667466,0.01308971203974753,0.01703902741994918,0.01554627839134392,0.0214454361182438,0.016859400142555395,138,115
HUBB,mixed,Industrials,466.9800109863281,466.9800109863281,2026-02-12,2026-02-12,105.4893111638955,15.836759690493736,6.127564527333524,-2.1445317761078937,70.55183786966046,4.21,0.0581145182612302,0.3536544516647685,0.2109600053594158,7.30428901538635,9.353923613068064,1.1027823179094105,0.8688268156424581,0.2966129780605819,0.5311710092031853,1.132973897716374,0.1052178226382162,1.7193610393053622,1.741976893453145,0.1813994750366274,1.6960560911481155,14.184684684684685,0.8775568181818182,0.0031938027617035,0.0653641126541444,72.02412067806736,,-0.09671551900203468,0.2245765222277447,0.0,0.0,0.0,0.0,-0.15285964955897086,cyclical,2026-10-02,2026-10-02,False,False,False,False,False,False,False,True,False,False,False,,0.015458570100155996,Ridge,0.021995789642713474,0.03305406,0.031017621732119666,0.04412730724302455,0.028175235529114873,0.015458570100155996,0.025172311753977862,0.02828870529398391,139,41
AZO,mixed,Consumer Cyclical,2819.030029296875,2819.030029296875,2026-03-20,2026-03-20,119.39837398373984,14.63184001864253,-21.49978106209841,-2.9611752404082834,87.41839694835241,10.58,-0.1611884060960474,0.5248728503651531,0.1634160002882479,2.1393826567379293,18.855272639923133,6.505508236846493,0.095399660979731,0.0377716421326838,1.142317512529604,-8.026542146680555,0.1476890704351518,0.8933477004126136,6.120052808229378,0.2091189731975216,0.2457682748658328,6.515143883214402,1.6769916574990833,0.0,0.0267482004928607,-26.50744895274255,,-0.0668398765217163,-0.3255650863916143,0.0,0.0,0.0,0.0,0.014551395076187273,cyclical,2026-10-02,2026-10-02,False,False,True,False,False,False,False,False,False,False,False,,0.015305009036311297,Ridge,0.02914594985185893,0.049417183,0.05789184131046955,0.06133230025762797,0.02518460158069085,0.015305009036311297,0.027748566810996578,0.037676181565854075,140,18
CSX,mixed,Industrials,46.540000915527344,46.540000915527344,2026-02-12,2026-02-12,92.94871794871794,19.26168757126568,5.1344984802431615,4.340434027777769,56.11711125569291,0.39,0.0547112462006079,0.3164196123147092,0.3164196123147092,0.3803648068669528,0.3621244635193133,0.3631974248927038,0.5115440115440115,0.4423874880306415,0.6987317430520581,2.3193009118541035,0.2793103448275862,0.8139163740823492,2.7026194144838214,0.0803076782198617,2.0870322019147083,5.211267605633803,1.4516829533116178,0.0035814710670415,0.0368258960749623,7.060085836909871,,0.07806349120980638,0.4897567514573413,0.0,0.0,0.0,0.0,-0.04437569665452895,cyclical,2026-10-02,2026-10-02,False,False,False,False,False,False,False,True,False,False,False,,0.014694702677460668,Ridge,0.026243983084735443,0.024556434,0.04025351123134673,0.025535337239553722,0.025414285896422358,0.014694702677460668,0.026433502642490947,0.026107757969033512,141,51
KEY,mixed,Financial Services,20.049999237060547,20.049999237060547,2026-02-23,2026-02-23,48.0,7.903611692307693,1.1090883391393944,2.271513497647057,49.87396518518519,0.43,0.025023306020313,0.6604895104895104,0.2265734265734265,0.6145159066483682,10.454988307761983,0.0410894736986278,0.9373259052924792,0.0046598261975688,0.88946258020078,8.046710171237917,0.486676679757327,0.7703770046014161,0.15457502312928828,0.0155113596303306,0.0065293552009575,0.7508690614136733,0.2619414483821263,0.011590699945134,0.0031097560975609,18.609879187816333,,-0.04112868306740569,0.26898729348484474,0.0,0.0,0.0,0.0,-0.10837550643861688,cyclical,2026-10-02,2026-10-02,False,False,False,False,False,True,False,False,False,False,False,,0.01469119805635501,Ridge,0.019198047177974523,0.042231712,0.0321109583367538,0.030683141107539967,0.015793488040244094,0.01469119805635501,0.019955926856369675,0.02468816790496634,142,57
TJX,mixed,Consumer Cyclical,133.58999633789062,133.58999633789062,2026-03-31,2026-03-31,101.0759493670886,9.49874598433185,16.539376840039253,1.0139424703891708,77.27583682008368,1.58,0.1739941118743866,0.3086287550019726,0.1326720396776193,2.336,5.5377777777777775,0.416,0.8488372093023255,0.231719182695906,0.7151005116448123,2.510009813542689,0.0800361939938737,1.1377890876431405,1.670777022829494,0.4960717980261134,2.681311475409836,0.0,0.6506422018348624,0.0027946510023807,0.0693200922703991,9.057777777777778,,-0.12267432451213978,-0.035938541257915624,0.0,0.0,0.0,0.0,-0.11368968919766087,cyclical,2026-10-02,2026-10-02,False,False,True,False,False,False,False,False,False,False,False,,0.014181792581645838,Ridge,0.020782583383280765,-0.023484122,-0.022943795651512763,-0.012977559102925581,0.015133275192752305,0.014181792581645838,0.020555683848312897,0.0020450257990896987,143,169
L,mixed,Financial Services,105.05000305175781,105.05000305175781,2026-02-19,2026-02-19,54.28350515463918,4.672411070585711,1.1654772556994542,-0.6716519753274441,47.05215290519877,1.94,0.0215134325163223,0.4368161338768505,0.1160695129800472,2.0599613152804643,41.39748549323017,0.923597678916828,0.6904376012965965,0.015304097628733,0.7725367119099458,3.569891897677405,0.4357127809266076,0.484695902371267,0.4244990892531876,0.0539792467688886,15.251229983516517,4.787610619469026,0.4643776824034334,0.0005969297241064,0.0060263540557962,89.36394069823051,,-0.06364200863037872,0.17151782147605443,0.0,0.0,0.0,0.0,-0.10652146399939233,cyclical,2026-10-02,2026-10-02,False,False,False,False,False,True,False,False,False,False,False,,0.014113564179797242,Ridge,0.016286252184601804,-0.03239871,-0.030300390257153528,-0.017208246196173473,0.016595325474458945,0.014113564179797242,0.01881384911211082,-0.0014897901942718035,144,176
ORLY,mixed,Consumer Cyclical,85.02999877929688,85.02999877929688,2026-02-27,2026-02-27,126.68055555555556,17.443942408718545,-79.28366670979464,-1.9538701182437164,88.23755575830361,0.72,-0.7928622706169631,0.517899723490445,0.1877095738998177,0.431702397070024,0.2295475570306512,0.3186680548991458,0.5753190253389151,0.0721860666939309,1.046156749446269,-22.665303817897904,0.0781385262619788,0.7685066730508747,8.030507938067249,0.2669153749189832,0.2995828643278614,13.67409277687014,13.222354241959174,0.0,0.0428074736418962,-0.8997336224982909,,-0.10522994023680021,-0.06949005494312888,0.0,0.0,0.0,0.0,-0.087857426501018,cyclical,2026-10-02,2026-10-02,False,False,True,False,False,False,False,False,False,False,False,,0.014040161749503084,Ridge,0.02937214378305357,0.02206137,0.023063934119005588,0.009815883675533604,0.022720950002777504,0.014040161749503084,0.027160185737843866,0.021176225065355034,145,83
IEX,mixed,Industrials,229.85000610351562,229.85000610351562,2026-02-19,2026-02-19,103.45348837209302,14.803594705816929,3.304757790192427,19.63339093318991,61.29196293176074,1.72,0.0318559900682805,0.4305416527638749,0.2068735402068735,2.537433155080214,7.754010695187166,0.2633689839572192,0.9059665871121718,0.3640945429266597,0.4187671430633752,0.7202482929857231,0.1368003034129752,2.8557525199860967,1.7234042553191489,0.1297964486790818,2.2785936804628397,11.48148148148148,11.715976331360949,0.0039970211673826,0.0626723662437948,53.843582887700535,,0.08655576299288859,0.2828598878356625,0.0,0.0,0.0,0.0,0.015840791033972956,cyclical,2026-10-02,2026-10-02,False,False,False,False,False,False,False,True,False,False,False,,0.013892602515546582,Ridge,0.022854020392273397,0.0069735595,0.012647201645457944,0.023491614592463166,0.02710176489560119,0.013892602515546582,0.025348368253784268,0.019031547982688905,146,100
FITB,mixed,Financial Services,50.40999984741211,50.40999984741211,2026-02-24,2026-02-24,44.58095238095238,9.484542555657212,1.4315878770023938,0.6913433575923387,46.17962175438596,1.05,0.0336494199963174,0.7136322049405307,0.2781335773101555,1.134885849147481,33.6778128311338,0.2634018880647336,0.8116254036598493,0.0053137941290868,0.8986640295555473,8.86816424231265,0.4667230329611632,0.8208410552085478,0.15457502312928828,0.0152955554726275,0.0054650533410158,0.9712460063897764,0.3919571045576407,0.0095498960240761,0.003794406494612,32.46492207312827,,0.011436594049199611,0.32379201279968783,0.0,0.0,0.0,0.0,-0.06951140915072235,cyclical,2026-10-02,2026-10-02,False,False,False,False,False,True,False,False,False,False,False,,0.01367450074935227,Ridge,0.018274672191060617,0.018751442,0.015109139163574873,0.027645095149897245,0.016291074160064246,0.01367450074935227,0.019719354408538285,0.018460418725658737,147,103
GD,mixed,Industrials,332.7200012207031,332.7200012207031,2026-01-30,2026-01-30,79.5886524822695,6.319252660129355,3.5463482163765514,2.7001407665852097,64.64203418803419,4.23,0.0446101006947154,0.148897698031852,0.1009805967035259,3.52723230826232,8.643942200815117,2.2563912560207484,0.6098654708520179,0.0929387949511788,0.5524463309402784,1.23436890172508,0.0881862223604206,1.4436770659680875,1.3331170035230857,0.2511659592307289,4.569828230022405,23.047619047619047,1.1833489242282509,0.0044571845820504,0.0363929553862206,93.5450894487039,,-0.08788858703683544,0.20677523927569963,0.0,0.0,0.0,0.0,-0.13958239685576035,cyclical,2026-10-02,2026-10-02,False,False,False,False,False,False,False,True,False,False,False,,0.013424374601992983,Ridge,0.02000054369494626,0.013857046,0.010796002698174864,0.029051071279236937,0.025978402837012634,0.013424374601992983,0.023623664544095188,0.01958295577028243,148,96
V,mixed,Financial Services,359.8500061035156,359.8500061035156,2026-01-30,2026-01-29,115.74587458745874,61.560077076415006,17.305784362121873,1.8316581121107376,93.49812313138284,3.03,0.1509399902003765,0.8168057976332447,0.6180166957159894,3.3457872712705994,8.569333628088726,0.1975488267010757,0.9442477876106194,0.215299609412213,0.5994690850496829,1.4966861799520337,0.0315572348628585,1.1113333968435426,3.3738780563293096,0.1125973516226992,4.612009237875289,34.72680412371134,3.574312955692653,0.0019267839957348,0.1064665644330341,20.06052767718572,,0.12274189917168155,-0.014973157496124934,0.0,0.0,0.0,0.0,0.12648518854571278,cyclical,2026-10-02,2026-10-02,False,False,False,False,False,True,False,False,False,False,False,,0.013190967284774906,Ridge,0.01806128540986646,0.02295267,0.044663581252929276,0.026677407853580186,0.019013393405616155,0.013190967284774906,0.020498401599242624,0.023483646885230285,149,67
PWR,mixed,Industrials,662.5999755859375,662.5999755859375,2026-02-19,2026-02-19,202.91346153846152,8.165713901214286,7.162386837234004,-5.783033642115124,101.08129090612846,2.08,0.0352977412018841,0.1256377551020408,0.0618622448979591,6.157399949099005,2.897548785592492,1.2763090992609756,0.8283079024269111,0.1293643168730219,0.6378260578801994,1.7787630440816764,0.0185560902969259,1.1362083559827347,1.1450118013620674,0.314519642854922,0.0,6.402809315097429,0.5411274151671396,0.0002347577087447,0.0277060979895184,58.927283542673415,,0.157056500516777,0.9176337093333069,0.0,0.0,0.0,0.0,-0.07235192681654973,cyclical,2026-10-02,2026-10-02,False,False,False,False,False,False,False,True,False,False,False,,0.012888915729115227,Ridge,0.018427016217332698,0.06401367,0.060781419643901484,0.058965841725951026,0.025370198823518673,0.012888915729115227,0.022692483038395994,0.03709180725038896,150,19
DHI,mixed,Consumer Cyclical,137.05999755859375,137.05999755859375,2026-01-22,2026-01-22,70.95073891625617,6.113050719481915,1.7544943426892543,-0.5256964286763601,59.60777631057705,2.03,0.0247879810797857,0.2315555620090316,0.1059402633986263,2.827916524119056,8.574409852890865,0.0937393089291823,0.9679156908665104,0.188234256871432,0.2911176803427291,0.4202537975870475,0.1317649426297677,6.617095373492914,1.670777022829494,0.1988158061871384,5.158089668615984,23.309904153354637,17.69968051118211,0.0031235177394073,0.061730231451181,81.81213774292533,,-0.11230571529408195,0.17255537307377655,0.0,0.0,0.0,0.0,-0.1554445585625261,cyclical,2026-10-02,2026-10-02,False,False,True,False,False,False,False,False,False,False,False,,0.012652242406853375,Ridge,0.02355335316676566,-0.0069944654,0.008737953722425243,0.04022354807324014,0.017276433670878312,0.012652242406853375,0.02267801897627531,0.017080798728428596,151,111
ROL,mixed,Consumer Cyclical,30.56999969482422,30.56999969482422,2026-02-12,2026-02-12,250.08333333333331,31.73789261408261,21.082363407093396,-2.1150492134213894,156.72048008219306,0.24,0.0847262029758695,0.4751657605927399,0.1765228450027549,0.3294084990201724,0.2071599915482104,0.0118615066557842,0.9652430437527316,0.2097247064065434,0.562391041237399,1.2851451735074992,0.0358254758491766,0.6017402374208332,3.6924013412015,0.2906882070279377,10.800658235837783,21.65994623655914,0.575162084362071,0.003052778324127,0.0838001542292444,2.846675821956539,,-0.29651158279188033,-0.4637989252113081,0.0,0.0,0.0,0.0,-0.1805618514890533,cyclical,2026-10-02,2026-10-02,False,False,True,False,False,False,False,False,False,False,False,,0.012221286492098412,Ridge,-0.011212194390632518,0.013043191,-0.020506159700688177,-0.01878104354056088,0.006731110063642247,0.012221286492098412,0.0023406664458760842,-0.0023227956266614344,152,178
BK,mixed,Financial Services,115.58,119.47,2026-02-25,2026-02-25,57.47029702970297,8.126841991655905,1.8462509496084671,2.216583174010382,-6.603288139340843,2.02,0.032970008801029,0.5097844442237012,0.1832720770835403,6.738684076471081,270.57611562895096,0.6186705111268459,0.9159112825458052,0.0134027120782087,0.9051280965488038,9.647101302100964,0.4140666375370942,0.7043596941545047,0.15457502312928828,0.0213148422612746,0.225630943672275,0.371900826446281,0.2902067777139575,0.0050847715555387,0.004708860048843,62.878776054045694,,0.0,0.34266127219599896,0.0,0.0,0.0,0.0,-0.08566531804899974,cyclical,2026-10-02,2026-10-02,False,False,False,False,False,True,False,False,False,False,False,,0.011670630543012046,Ridge,0.023175328544881926,0.012741416,0.02334079065110419,0.02867860910824127,0.016999644552171324,0.011670630543012046,0.02246357501100517,0.019883988309163114,153,94
EBAY,mixed,Consumer Cyclical,105.88999938964844,105.88999938964844,2026-02-19,2026-02-19,74.44444444444444,13.248600337268128,8.511830985915493,-1.1751489109848483,64.91463768115942,1.17,0.1144095341278439,0.7136593591905565,0.2026981450252951,1.033259423503326,6.472283813747229,0.2594235033259423,0.7993138936535163,0.1257278412766875,0.7379329926178307,2.815817984832069,0.1797510825541404,1.096829846883761,2.31640625,0.1683702441794435,0.5578186596583443,9.852459016393444,0.7299630086313194,0.0033348522609534,0.041092727972297,10.032608695652174,,0.19272357951845498,0.4207701514779074,0.0,0.0,0.0,0.0,0.08753104164897813,cyclical,2026-10-02,2026-10-02,False,False,True,False,False,False,False,False,False,False,False,,0.01133283821814468,Ridge,0.017157968160312457,-0.0149845695,-0.001494791675673979,-0.009004221340051225,0.017828868127046763,0.01133283821814468,0.019792886874024942,0.0061251162713121384,154,159
COF,mixed,Financial Services,194.47999572753906,194.47999572753906,2026-02-19,2026-02-19,56.101851851851855,6.645572899234241,1.1533943458667792,-1.454599457543918,33.64202267818575,4.32,0.0187737642585551,0.5758912723768954,0.1064455601196815,14.627581371698614,114.1261327908267,2.0972813020159053,1.1448090920699785,0.0163930651326559,0.8301726882597992,4.888334389522602,0.3890142224845123,0.1462397059254514,5.646907216494846,0.0294749397990161,9.908767772511847,0.111052325273795,0.1863117870722433,0.0090580227174294,0.0067303693060589,188.93876869410323,,0.0008233621219588816,0.015773507403839204,0.0,0.0,0.0,0.0,-0.0031200147290009195,cyclical,2026-10-02,2026-10-02,False,False,False,False,False,True,False,False,False,False,False,,0.011322999752004697,Ridge,0.016791015130437393,0.025277324,0.00808556448201844,0.015205862351881554,0.015371382612107869,0.011322999752004697,0.018841518199398506,0.01575134122580524,155,120
RF,mixed,Financial Services,26.959999084472656,26.959999084472656,2026-02-24,2026-02-24,45.93220338983051,9.847383720930232,1.2452082129916504,-2.2942805867665386,24.23219178082192,0.59,0.0280418001365331,0.7977574750830565,0.2940199335548172,-0.3702857142857143,43.96228571428571,0.0057142857142857,1.0156739811912223,-0.0024189023188098,0.8802717592273414,7.375413537782912,0.2059673168160253,0.2998908081711885,4.217162872154115,0.0150921637324274,0.0,1.4537987679671458,0.4494745351657235,0.0107538218239325,0.0039587041651833,21.639772727272728,,-0.03611015071602941,0.27711980504370715,0.0,0.0,0.0,0.0,-0.1053901019769562,cyclical,2026-10-02,2026-10-02,False,False,False,False,False,True,False,False,False,False,False,,0.011244529179794713,Ridge,0.01258050177627975,0.03164238,0.0037150639456539737,-0.005406132205948068,0.012774333750173722,0.011244529179794713,0.015965353919168965,0.011645476650125334,156,133
UAL,mixed,Industrials,111.77999877929688,111.77999877929688,2026-02-12,2026-02-12,35.05329153605015,2.374822367993765,2.3926933647428346,0.9867361129531388,28.89369259606373,3.19,0.0683156654888103,0.6413587062414756,0.0900175358836136,-1.847094801223241,37.43119266055046,5.779816513761468,-0.4696734059097978,0.0492098113496345,0.8001124947676852,4.002552021986651,0.6807576834110303,0.645046492939961,6.439565035549979,0.2014048765173713,1.209108824173418,4.277777777777778,0.3981521272024065,0.0,0.0292968430689751,46.73394495412844,,0.08303457784417101,0.3760925616065107,0.0,0.0,0.0,0.0,-0.010988562557456671,cyclical,2026-10-02,2026-10-02,False,False,False,False,False,False,False,True,False,False,False,,0.011179561886568889,Ridge,0.022291338287142866,-0.026321467,-0.02591749020445721,0.005995240937108799,0.011550148533676707,0.011179561886568889,0.020347123410269882,0.0031567606040990683,157,165
UNP,mixed,Industrials,272.4200134277344,272.4200134277344,2026-02-06,2026-02-06,74.14102564102564,22.52376335250616,7.4217306546813235,5.599464853896112,49.92436699434018,3.12,0.1000703958412303,0.4488085456039441,0.3922760887428101,2.069198312236287,2.573839662447257,1.6860759493670887,0.5510112359550562,0.4437574790586358,0.7350426124135556,2.774191801592029,0.2321222322666976,0.9084563222975668,3.271505376344086,0.0873052311400614,4.1716417910447765,7.344615384615385,1.5159891598915989,0.0059683153955541,0.0482520349007436,31.11541701769166,,0.020414329054704083,0.24455211945604827,0.0,0.0,0.0,0.0,-0.04072370080930798,cyclical,2026-10-02,2026-10-02,False,False,False,False,False,False,False,True,False,False,False,,0.010982270645261073,Ridge,0.018504743650139866,0.019342687,0.014718639400212721,0.0067177331544941935,0.026038584866699025,0.010982270645261073,0.023053030464588408,0.01705642103576262,158,114
GS,mixed,Financial Services,896.6699829101562,896.6699829101562,2026-04-13,2026-04-13,47.68827508455468,14.919124746038197,91.74316280521498,0.4594137459205293,36.4158415308292,10.58,0.0457723577235772,0.9817147501015848,0.376502002670227,0.0,0.5892034233048058,0.0,0.0,0.0,0.9403491755577108,15.764227642276422,0.0003151606734636,2.2098765432098766,1.670777022829494,0.8272078788040532,0.0,0.3796979276431331,0.3611839422012469,0.0053192118110143,0.31358596093688235,188.93876869410323,,-0.012695460349971155,0.22688647863468048,0.0,0.0,0.0,0.0,-0.06941708000864127,cyclical,2026-10-02,2026-10-02,False,False,False,False,False,True,False,False,False,False,False,,0.010652476080549533,Ridge,0.010259530714942218,-0.04723593,0.03555223099044026,-0.01359352563519507,0.01684037438602135,0.010652476080549533,0.016139287746251542,0.004643277703086002,159,161
GM,mixed,Consumer Cyclical,79.30999755859375,79.30999755859375,2026-01-27,2026-01-27,-22.588888888888885,1.6510441655257695,1.2233378504229453,0.0155667821019166,215.5751593442623,-3.6,-0.0541566452330699,0.019323034352334116,-0.0805326149361833,6.173296035430107,30.0931867519936,1.217039863221686,0.8353200883002208,0.0727968117246255,0.7754262595810639,3.5686938595199527,1.7423889015002636,1.165252512266718,3.469128236555845,0.160997426088935,1.9401730841590368,-13.650862068965514,0.0514022603599832,0.0018456801155003,0.0054604222543153,66.47386899038985,,0.01993309617533101,0.6630320310042725,0.0,0.0,0.0,0.0,-0.14582491157573713,cyclical,2026-10-02,2026-10-02,False,False,True,False,False,False,False,False,False,False,False,,0.010325343143406818,Ridge,0.0509268311902854,0.055035923,0.07965530959681064,0.045076002679510736,0.0439611013902289,0.010325343143406818,0.044622685038757645,0.04680334992615933,160,8
IVZ,mixed,Financial Services,30.420000076293945,30.420000076293945,2026-02-24,2026-02-24,-9.988593155893536,7.005333333333334,0.9690968849644346,0.0056698780853488,86.42101987899741,-2.63,-0.0867549668874172,0.6695626477541371,-0.34526752748315304,1.130540780141844,4.387854609929078,0.052304964539007,1.119131197893813,1.3113556008644347,0.52000811987894,1.1519172594227782,0.8254855469794037,14.923628817186406,1.9125127161749744,0.062449250756625,0.0,-13.650862068965514,6.483258928571429,0.0117269652031414,0.0527003144274652,26.952401939180252,,0.1641791073973955,1.0930483982474672,0.0,0.0,0.0,0.0,-0.10908299216447132,cyclical,2026-10-02,2026-10-02,False,False,False,False,False,True,False,False,False,False,False,,0.010245395047590821,Ridge,0.051235386520348175,-0.063840866,0.012529626655119069,0.018789519282010395,-0.00019964843155812338,0.010245395047590821,0.030906260855873884,0.009267978002194973,161,145
AME,mixed,Industrials,249.08999633789062,249.08999633789062,2026-02-17,2026-02-17,117.99425287356324,23.58686485712913,4.43485482725873,3.661400356834576,98.54123870687278,1.74,0.0375020251607286,0.3692690527849611,0.2617195944052585,2.29655908358378,1.9946469793980572,0.2482555860446883,0.9024464967891228,0.2055276014228466,0.3384933838359729,0.5117006777631989,0.0484397192599975,1.062295268809942,1.7855130680442473,0.1243779462734283,0.7715147171247974,22.849847094801223,0.3421568110141939,0.0015057134511703,0.0732889886420739,46.1416968018372,,0.03159942159318563,0.4127154964717028,0.0,0.0,0.0,0.0,-0.07157945252474007,cyclical,2026-10-02,2026-10-02,False,False,False,False,False,False,False,True,False,False,False,,0.009443125986568934,Ridge,0.022596340984638343,0.019203087,0.023613083851102088,0.02452650520615862,0.023832690026147095,0.009443125986568934,0.024457513999846983,0.021070448728057623,162,84
STT,mixed,Financial Services,174.6199951171875,174.6199951171875,2026-02-19,2026-02-19,52.65714285714285,6.563409699624531,1.3185284454581372,-0.9149483528279788,56.02991917870036,2.45,0.0268309327969541,0.6504559270516718,0.1641337386018237,4.189144072115131,176.79101723804672,0.9383401570929027,0.8169979437971213,0.0052291657706478,0.9239414610692068,12.147767680758593,0.8085994809503961,0.1960489154588333,0.15457502312928828,0.0152794586487527,0.0,0.4714946070878274,0.1417763655621122,0.008063384643106,0.0027705008190274,96.3293070697774,,0.34883357884433397,0.8146107774829834,0.0,0.0,0.0,0.0,0.14518088447358812,cyclical,2026-10-02,2026-10-02,False,False,False,False,False,True,False,False,False,False,False,,0.009244999331559298,Ridge,0.003506573495712803,-0.00087065133,-0.024282774122886312,-0.013638869016129753,0.012598846764583055,0.009244999331559298,0.011578031714540412,-0.00010880503475321529,163,172
LUV,mixed,Industrials,41.84000015258789,41.84000015258789,2026-02-05,2026-02-05,65.6031746031746,2.8656651437785543,2.6721313118656806,0.0311441672994917,29.760543881334986,0.63,0.040471118907405,0.2030368180596614,0.0525396398817522,-1.0930232558139534,6.261627906976744,1.6647286821705427,-1.911864406779661,0.0270121783719439,0.7253707718247824,2.641273023430648,0.2298103560489686,0.5168940573207582,6.476936466492602,0.2560820343415574,15.246786632390746,12.612903225806452,2.0422535211267605,0.0043551899346721,0.0329222011385199,15.318618042226488,,-0.13320902936424517,0.2636665706006611,0.0,0.0,0.0,0.0,-0.19912567201441045,cyclical,2026-10-02,2026-10-02,False,False,False,False,False,False,False,True,False,False,False,,0.008603072937312248,Ridge,0.011063116700427892,0.0382559,0.04281856249747614,0.041936536884200654,0.0127271240829473,0.008603072937312248,0.01536215711580383,0.024084305178591864,164,62
LVS,mixed,Consumer Cyclical,36.689998626708984,36.689998626708984,2026-02-06,2026-02-06,110.3220338983051,12.040490545354892,27.63254716981132,-8.481268196202523,50.56901978417266,0.59,0.2484276729559748,0.2044395724856125,0.2397917237599342,1.3777777777777778,5.6903703703703705,0.4059259259259259,0.7724252491694352,0.2851729038370441,0.9117700729927009,12.569811320754717,0.3603443664897037,1.1444812884888678,4.917789757412399,0.1664689781021897,15.251229983516517,4.5811518324607325,0.7535474234503361,0.0151129774727869,0.0382767937556289,2.345132743362832,,-0.29651158279188033,-0.1075164527679644,0.0,0.0,0.0,0.0,-0.26656497501143467,cyclical,2026-10-02,2026-10-02,False,False,True,False,False,False,False,False,False,False,False,,0.008033501921273143,Ridge,-0.016866222230030883,0.059933823,0.02658387337235916,0.01682799474683452,-0.020240449908546888,0.008033501921273143,-0.008657956739552119,0.008718103853633424,165,146
CVNA,mixed,Consumer Cyclical,63.040000915527344,63.040000915527344,2026-02-18,2026-02-18,44.4699683877766,10.676586289487776,17.38474657948271,0.0224099033414407,-55.1495695265069,9.49,0.2490555071200232,0.1875780831697305,0.0756737462073889,2.6737402027527533,16.416341561492498,0.359790897995753,0.8813953488372093,0.2830809743252139,0.6816150291644573,2.6149375181633245,0.0067687479935454,4.311389071757735,22.86938775510204,0.4244375426104083,0.0,4.326530612244898,3.44,0.0,0.1029117581684818,15.257934924308936,,-0.29651158279188033,0.08978806040482157,0.0,0.0,0.0,0.0,-0.26656497501143467,cyclical,2026-10-02,2026-10-02,False,False,True,False,False,False,False,False,False,False,False,,0.007525820073545662,Ridge,-0.0453151618831028,-0.051066224,-0.07819733858927982,-0.0646200212177623,-0.008900426905674405,0.007525820073545662,-0.019017954528926066,-0.03657183621324184,166,194
PH,mixed,Industrials,965.8800048828125,965.8800048828125,2026-01-30,2026-01-30,131.3841554559043,21.4388774642443,7.751013346376913,6.990228454437869,85.79312330719885,6.69,0.059045489483614,0.3732122149207576,0.2114418245071511,6.085578446909667,3.38351822503962,0.7448494453248812,0.8909512761020881,0.1416365428853105,0.5306610730556193,1.1313674795611768,0.0889792388266957,1.1818928688793953,1.5964208577599506,0.1695781849169152,1.5788704965920155,10.320754716981131,0.4751203852327448,0.002055447462258,0.0665801988759187,111.71740827478531,,-0.04501635846707808,0.4627896484670795,0.0,0.0,0.0,0.0,-0.16071377058384795,cyclical,2026-10-02,2026-10-02,False,False,False,False,False,False,False,True,False,False,False,,0.006415833843849302,Ridge,0.02610807867627267,0.068016894,0.05422689803495806,0.027905561588313883,0.02528647182817421,0.006415833843849302,0.026815029572661127,0.03303487617913059,167,26
EXPE,mixed,Consumer Cyclical,262.6700134277344,262.6700134277344,2026-02-13,2026-02-12,169.64670658682635,9.80386786862137,27.0828032165109,-0.5403674916912973,51.36709289120715,1.67,0.1596573208722741,0.8404285311530871,0.1271497039751903,0.96950538930937,59.44127160000978,1.5072142606910377,0.3914473684210526,0.0182505853394969,0.895836741370849,17.059968847352025,0.1844752139969492,0.7323647715675091,0.8437202664129401,0.1450597088172746,0.1719841993315101,3.727272727272727,0.3469387755102041,0.0014090858122915,0.019401963022141,10.012554683052738,,0.23180460245607937,0.5712748305780606,0.0,0.0,0.0,0.0,0.08898589481156421,cyclical,2026-10-02,2026-10-02,False,False,True,False,False,False,False,False,False,False,False,,0.006358644061311387,Ridge,0.010001092506901024,-0.06015693,-0.077575586440377,-0.06783405253893839,0.011372058286582734,0.006358644061311387,0.014548020614770736,-0.02251557440827394,168,193
NTRS,mixed,Financial Services,169.1999969482422,169.1999969482422,2026-02-24,2026-02-24,55.97950819672131,7.099303201130789,1.976786044034913,2.25760616661557,-20.590143618513324,2.44,0.0359626173994242,0.5884260414068346,0.1734430863889581,0.8451890877290276,340.11048781008043,1.2259241089520725,0.4080844490216272,0.002493887279377,0.9268463699813756,12.669861628813312,0.6413235464475117,0.4095368715198586,1.670777022829494,0.0203694744109924,0.0,0.4214141414141414,0.0526126101149839,0.0060238151402739,0.0046724588670124,68.71228431133406,,0.1650485226760463,0.5915717895611154,0.0,0.0,0.0,0.0,0.017155575285767444,cyclical,2026-10-02,2026-10-02,False,False,False,False,False,True,False,False,False,False,False,,0.006348384285922996,Ridge,0.019215000459816323,0.0050242874,0.016549239444399393,0.011323588515185867,0.016786038612474217,0.006348384285922996,0.020768138225168535,0.013793999482606342,169,128
LULU,mixed,Consumer Cyclical,95.86000061035156,95.86000061035156,2026-03-17,2026-03-17,30.80482897384306,5.852315872248991,4.294196806023572,0.0987745060568977,22.19559105271495,4.97,0.1182768892185157,0.5487495746128394,0.2206885243109964,8.065749993696473,15.188996562476362,1.5397416394214205,0.8397019436139337,0.6054791719203962,0.4132682050288154,0.7043562468761588,0.0140199161280449,2.258327205453848,19.09607829767593,0.4305204734257621,4.957178332091207,0.0,2.4543792932606685,0.0,0.2064137402382841,41.67232169852521,,-0.29651158279188033,-0.4637989252113081,0.0,0.0,0.0,0.0,-0.1805618514890533,cyclical,2026-10-02,2026-10-02,False,False,True,False,False,False,False,False,False,False,False,,0.006043898770996373,Ridge,-0.04855024342123507,-0.017720165,-0.09380400784463791,-0.11723921863686224,0.006696717814534042,0.006043898770996373,-0.015617509417723077,-0.03970584769489126,170,195
MTB,mixed,Financial Services,217.35000610351562,217.35000610351562,2026-02-18,2026-02-18,43.42241379310345,9.871371449144917,1.1276444130650851,-2.5028422900432927,28.004408898043256,4.64,0.0260136408815162,0.7050705070507051,0.2913291329132913,2.859802324584502,339.3672916998371,0.3429313280015676,0.892925430210325,0.0030157650125128,0.8633459791110487,6.317750282756967,0.3969450303203148,0.3195557657044666,1.670777022829494,0.0156105100463678,0.0,1.1317016317016315,0.252411040904556,0.0079632157690599,0.0041175481329984,186.37138860322065,,-0.009794960804029085,0.20723176018393485,0.0,0.0,0.0,0.0,-0.0616029008500128,cyclical,2026-10-02,2026-10-02,False,False,False,False,False,True,False,False,False,False,False,,0.006042374774058931,Ridge,0.01830173177298388,0.011909511,0.02140718689174765,0.016548753305548565,0.015436555247119774,0.006042374774058931,0.019914371911892364,0.015647272162499642,171,122
PFG,mixed,Financial Services,112.23999786376953,112.23999786376953,2026-02-18,2026-02-18,38.02155172413793,4.286550754910744,1.650826482888614,0.0657828855341738,30.508428005034613,2.32,0.0435042368246114,0.4693337994624948,0.1388773570476544,7.685563209294797,19.923202820093163,0.1546734770957357,0.9802718357515628,0.925481662332148,0.9637019537080028,27.683268960526423,0.2091266330877539,2.3517859986200307,1.1751701116959816,0.0134066053170033,0.0,0.0,1.1860885275519422,0.0087877328452796,0.0015714992650125,53.43480215827338,,0.17124071651643047,0.4582304516534952,0.0,0.0,0.0,0.0,0.05668310360305667,cyclical,2026-10-02,2026-10-02,False,False,False,False,False,True,False,False,False,False,False,,0.005980929005682943,Ridge,0.019674833296312217,0.024574373,0.024781041948083036,0.01634498461695868,0.022716976883052086,0.005980929005682943,0.022878448036391292,0.019470433000334714,172,97
CBOE,mixed,Financial Services,277.19000244140625,277.19000244140625,2026-02-20,2026-02-20,84.22818791946308,21.82699335548173,5.11447365860304,4.994679824561388,55.961530102151706,2.98,0.0610123970963159,0.5313953488372093,0.3561461794019933,3.4173829990448903,21.514804202483287,0.1910219675262655,0.9470619375330864,0.1599288828683909,0.4478093129721771,0.8109686082945722,0.0595060065373653,1.8716505100960927,3.076136944302504,0.1293886279862014,0.8213713786577377,0.0,0.0,0.002884355605277,0.0827453803695704,48.93619047619048,,-0.06823757961139454,0.19943748351971546,0.0,0.0,0.0,0.0,-0.1180969504913234,cyclical,2026-10-02,2026-10-02,False,False,False,False,False,True,False,False,False,False,False,,0.005828533344704203,Ridge,0.01836120337618963,0.00242027,0.013961745985837016,-0.01794530178226587,0.011246074285159233,0.005828533344704203,0.018639772705843553,0.007613594553663958,173,151
JBHT,mixed,Industrials,227.1999969482422,227.1999969482422,2026-02-24,2026-02-24,102.2842105263158,5.993762792148616,5.206170876711214,2.786833869325402,47.99994996029714,1.9,0.0507898128656119,0.1099157599270948,0.0795888815762704,2.631003612376315,0.1809748180723522,1.4064603947437306,0.6516475707861555,0.1992401346944702,0.5621034843325836,1.2836445694843182,0.0926969857619282,0.8288918295103245,2.276699864278477,0.3803560744624963,4.204150676322902,18.666742407028707,0.4676296105236007,0.0022570044763535,0.0787262291693161,37.328778597979166,,-0.020985060765104535,0.6626417632509489,0.0,0.0,0.0,0.0,-0.18664550157784177,cyclical,2026-10-02,2026-10-02,False,False,False,False,False,False,False,True,False,False,False,,0.005195996156446076,Ridge,0.0156308164846898,0.002655186,0.016411377227969086,-0.005989071434464733,0.018472527113565115,0.005195996156446076,0.019608102261282793,0.010392660418140208,174,139
HAS,mixed,Consumer Cyclical,89.9800033569336,89.9800033569336,2026-02-25,2026-02-25,57.34265734265735,8.04869977176845,21.611169916434537,-1.041582605460663,40.23163610719323,1.43,0.3743732590529248,0.689535929179058,0.2230444705719621,2.772241992882562,6.277580071174377,0.097508896797153,0.9660218253968254,0.2154882154882154,0.8981448126801153,9.259981429897865,0.283176578706204,1.380845491956603,1.364314021513493,0.260428674351585,1.33840190816935,7.982673267326732,0.5047535211267605,0.0084467478946502,0.0490925498846886,3.776297335203366,,-0.09156988029345181,0.37269265227968873,0.0,0.0,0.0,0.0,-0.184743043363374,cyclical,2026-10-02,2026-10-02,False,False,True,False,False,False,False,False,False,False,False,,0.005000077804204351,Ridge,0.023621248960494376,0.026416397,0.052972809156977246,0.04892635840560882,0.018395976014929084,0.005000077804204351,0.0235143687960174,0.028222345241627176,175,42
ROST,mixed,Consumer Cyclical,234.10000610351562,234.10000610351562,2026-03-03,2026-03-03,107.24257425742574,9.090215744458964,9.748459205232274,0.8633246014189555,64.20294871559295,2.02,0.104383183812764,0.2801910145294469,0.1226910145294469,2.8799117199339,14.369367987031566,0.6283606955842089,0.8208917036189132,0.2323754241606901,0.6020613764320536,1.512950341522338,0.0372270246378292,1.5827246964065975,36.59930171372469,0.4267542759260768,2.001445398501017,0.0,0.6082773025045658,0.0021700142842129,0.0834142160261177,19.16017433983882,,0.04883430695941038,0.5477686353951445,0.0,0.0,0.0,0.0,-0.08810785188937575,cyclical,2026-10-02,2026-10-02,False,False,True,False,False,False,False,False,False,False,False,,0.00495888708524787,Ridge,0.018414587018577254,-0.0037991267,0.006237809811209722,-0.018039815384071886,0.01642569616949441,0.00495888708524787,0.020344353655980266,0.006553957830421259,176,156
FDX,mixed,Industrials,287.07000732421875,287.07000732421875,2026-03-19,2026-03-19,81.88045977011495,3.918375,3.155314722855993,2.083226968344157,52.05487804878049,4.35,0.0354314857066165,0.2597916666666666,0.0561666666666666,4.271604938271605,32.95473251028807,3.9300411522633754,0.520822880080281,0.1152889454503384,0.6853894630171112,2.178533082807677,0.2685318105932519,1.473766414068375,2.032692470568307,0.2533436078240951,4.276600866634569,0.0,0.9302229562345168,0.0036260779872608,0.0333903186557624,122.65020576131688,,-0.1453842741564466,0.2805335325373304,0.0,0.0,0.0,0.0,-0.2155176572907792,cyclical,2026-10-02,2026-10-02,False,False,False,False,False,False,False,True,False,False,False,,0.0048771021437693345,Ridge,0.007945356472282351,0.009524759,-0.0017466407183111265,-0.029775585382203783,0.02154197088023386,0.0048771021437693345,0.01682194422564732,0.00424984544023492,177,164
URI,mixed,Industrials,1034.1099853515625,1034.1099853515625,2026-01-28,2026-01-28,78.80428432327167,12.193652091254751,5.721553077609278,-3.253213640076107,36.15944575725027,10.27,0.072814451382694,0.3524239543726236,0.25,9.100946372239749,7.239747634069401,6.505508236846493,0.4593949044585987,0.3288819062581827,0.6997254403000067,2.33028545941124,0.2992152464794606,0.9447499345378372,1.6764940239043824,0.1408960021429049,3.51159793814433,5.748633879781421,0.9323863636363636,0.0022217506740479,0.0697674418604651,141.0062893081761,,0.2602183642686422,0.49621642964850254,0.0,0.0,0.0,0.0,0.13616425685651656,cyclical,2026-10-02,2026-10-02,False,False,False,False,False,False,False,True,False,False,False,,0.004359106582217456,Ridge,0.013943886552217503,-0.04590363,0.011161389393109481,-0.012669395412913719,0.004224670561621183,0.004359106582217456,0.014354383675499386,-0.0009984901175523636,178,175
DECK,mixed,Consumer Cyclical,79.56999969482422,79.56999969482422,2026-02-03,2026-02-03,31.038922155688624,7.781225108541344,5.83728604911219,0.0947659788882167,22.898298160940225,3.34,0.1843853158553475,0.5983809345257769,0.3138445065742926,6.94404780540261,14.202410688155505,0.1469961682173022,0.9792701654701116,0.9064216320426502,0.3638813792767207,0.5720338430951456,0.0,2.855635294660109,5.561076563383323,0.4772007361993101,1.3136055819828671,328.5379679144385,204.70636025441297,0.0,0.2957152695525412,17.727028165378186,,-0.29651158279188033,-0.2422626445593351,0.0,0.0,0.0,0.0,-0.23594592165204656,cyclical,2026-10-02,2026-10-02,False,False,True,False,False,False,False,False,False,False,False,,0.0028964644696349746,Ridge,-0.04148978635305818,-0.07457793,-0.1127345930179007,-0.14560048242267115,-0.047637057338254206,0.0028964644696349746,-0.029037363926739237,-0.06332048282867381,179,197
RL,mixed,Consumer Cyclical,362.6600036621094,362.6600036621094,2026-02-05,2026-02-05,59.73141891891892,9.094148379052369,7.575308475280432,0.2041021699194058,44.44955476900149,5.92,0.1251904168397729,0.6989609305901912,0.2091022443890274,11.522094926350244,36.87234042553192,1.237315875613748,0.9030271934325296,0.3906594507917418,0.6303463103739537,1.7052347320315746,0.1206689731016916,2.09926839045901,3.847137831787656,0.3079167626506949,1.332168475262093,37.82706766917293,1.6715384615384616,0.0025273621226843,0.0855362001055751,46.28846153846154,,0.02408720995710434,0.31431886225531613,0.0,0.0,0.0,0.0,-0.054492505606724695,cyclical,2026-10-02,2026-10-02,False,False,True,False,False,False,False,False,False,False,False,,0.002536078025837267,Ridge,0.014744184900216227,0.04453974,0.01833273537271267,0.0337820721227503,0.01596627034905006,0.002536078025837267,0.01854286133386794,0.02086645118956009,180,87
CFG,mixed,Financial Services,63.70000076293945,63.70000076293945,2026-02-12,2026-02-12,51.690265486725664,11.681067173073714,0.957406311217844,1.8065358229071464,35.08280929441654,1.13,0.0200630770984534,1.0,0.3138618451553083,-0.5795548551359521,114.48526608355596,0.2132761866900303,1.5822784810126582,-0.0008616411537265,0.8837336702731599,7.600942356651594,0.4477683873065441,1.0434147166127687,0.15457502312928828,0.00978028479896449,0.0,0.7447744774477447,0.546018614270941,0.0092474768872916,0.002639551276283,60.43322842426161,,0.042723862546070634,0.5901148468032813,0.0,0.0,0.0,0.0,-0.10480484915474969,cyclical,2026-10-02,2026-10-02,False,False,False,False,False,True,False,False,False,False,False,,0.0023143981908669564,Ridge,0.01629704499540569,0.02861044,0.014388208181687432,0.028526969858138154,0.01287931170591354,0.0023143981908669564,0.018347784528397738,0.017145035214279444,181,110
CASY,mixed,Consumer Cyclical,619.5,619.5,2026-03-09,2026-03-09,207.3675213675214,5.735569318271192,5.828813799846113,-1.170867192146886,58.84677052619883,3.51,0.0337546402801619,0.2570270869316969,0.0788819171570314,2.046918407082404,12.556472452616577,4.961305098283865,0.2920737909564467,0.2355860741856866,0.5511766589989227,1.2280481174832651,0.1083287606086795,1.042033412151276,19.023185547529643,0.4561199662231022,4.82239905062924,0.0,3.7614903159036026,0.0009427348547688,0.0515941097973169,103.47415943331546,,0.0,0.0,0.0,0.0,0.0,0.0,0.0,cyclical,2026-10-02,2026-10-02,False,False,True,False,False,False,False,False,False,False,False,,0.002262640910428805,Ridge,0.012232621639009062,-0.00953096,-0.0389253707205447,-0.017860749299110593,0.015002972599342482,0.002262640910428805,0.01702463480882058,-0.0025713846624099237,182,180
ULTA,mixed,Consumer Cyclical,537.72998046875,537.72998046875,2026-03-26,2026-03-26,65.01368159203982,7.446441496823922,10.354708222116242,0.3645465166897035,54.75241444806061,8.04,0.1272278345510586,0.380581480268246,0.1232576972732899,14.627581371698614,11.021876811917398,6.218299808215512,0.7649365177447677,0.5332979370978024,0.5994666033459947,1.4966707104921757,0.0127100159635579,1.4135173458038377,13.160490451257017,0.5569648881730072,3.520575546700841,183.1185213414634,1.201070019538083,0.0,0.1044996202193456,62.31137338578827,,0.0020311204322265297,0.00978363341987154,0.0,0.0,0.0,0.0,-0.00041478792274135534,cyclical,2026-10-02,2026-10-02,False,False,True,False,False,False,False,False,False,False,False,,0.0019268197470777154,Ridge,0.015268480975405525,0.05535574,0.03401154797076694,0.019838180605035952,0.020938303011299203,0.0019268197470777154,0.020397822277478037,0.023538791758260475,183,65
CAT,mixed,Industrials,826.3499755859375,826.3499755859375,2026-02-13,2026-02-13,111.23689320388348,13.96769220718131,12.536066000562904,5.233486251521796,73.27982813261823,5.15,0.1126278262501172,0.2861548110594261,0.1390268123138033,6.745980707395498,21.39335476956056,0.9517684887459807,0.8763575605680869,0.0982274741506647,0.7837602069280316,3.624495731306877,0.1621365625039348,1.4356638765796816,0.8870601325977097,0.1940761779175331,1.522970561998216,5.564853556485356,0.2585417937766931,0.0026417819784855,0.0388134649979939,45.45415778251599,,0.09840224317569302,1.0930483982474672,0.0,0.0,0.0,0.0,-0.1748598563861738,cyclical,2026-10-02,2026-10-02,False,False,False,False,False,False,False,True,False,False,False,,0.0017972176658927093,Ridge,-0.006429977565797697,-0.025977792,0.0010589785522960766,0.023809226880233694,-0.008689957897447432,0.0017972176658927093,0.00045657244700427445,-0.0018116510418166752,184,177
ABNB,mixed,Consumer Cyclical,160.47000122070312,160.47000122070312,2026-02-12,2026-02-12,242.35714285714283,29.94829373650108,10.147135016465423,-0.8120556056846381,392.80539677707253,0.56,0.0415904378582753,0.8246940244780417,0.0968322534197264,0.8694942903752039,17.9673735725938,0.0114192495921696,1.0133079847908746,0.0385376218037951,0.6308087175792507,1.70862300280522,0.0240274935105333,1.3771704886804894,0.3888033589923023,0.1250900576368876,2.0991379310344827,0.0,-0.008504252126063,0.0,0.0195588550217717,13.16051364365971,,0.20418731217697084,0.23800340395543218,0.0,0.0,0.0,0.0,0.1446864611881128,cyclical,2026-10-02,2026-10-02,False,False,True,False,False,False,False,False,False,False,False,,0.0016076108610639482,Ridge,0.0029398373835914167,0.011468696,-0.0358699610402111,-0.05789515675080383,-0.0014114332010436248,0.0016076108610639482,0.007349450342027688,-0.01023789807880894,185,186
PKG,mixed,Consumer Cyclical,229.7100067138672,229.7100067138672,2026-02-26,2026-02-26,182.50442477876103,7.85621475715011,4.03848394954328,-0.8324572149520738,57.448331282051285,1.13,0.0219878207916485,0.1893298358436283,0.1193941445253004,1.4171479342514437,6.67258996001777,3.542869835628609,0.2857142857142857,0.4399566545167964,0.5791150248064002,1.375946063505872,0.2191507961042836,3.165894985715693,1.840953345276112,0.2163557475788587,4.551306413301663,8.349112426035504,2.6284032450331125,0.0060585011455575,0.0510068599247621,51.316964285714285,,-0.006487579629483209,0.19478834242102994,0.0,0.0,0.0,0.0,-0.05518466523474069,cyclical,2026-10-02,2026-10-02,False,False,True,False,False,False,False,False,False,False,False,,-5.019692791599292e-05,Ridge,0.016955116944150375,-0.0012198578,0.008183713915634131,-0.025866739670426582,0.013745677390910425,-5.019692791599292e-05,0.019082155709606745,0.004542269389958397,186,163
NVR,mixed,Consumer Cyclical,6126.3798828125,6126.3798828125,2026-02-11,2026-02-11,56.744242141300965,7.611063548437518,5.34192281032035,1.789610939025804,41.782039749041886,10.58,0.0941338503323139,0.2270740925338272,0.1649243090044709,14.627581371698614,377.09808074724015,1.3069586718474038,0.9915857075282902,0.4682101604824696,0.3401203360805063,0.515427819157648,0.0509978482160331,3.953694120753688,37.49511472686394,0.463145026489987,6.698931567949595,62.014832270584975,51.43179927917937,0.0,0.1826324595481764,188.93876869410323,,-0.17386914569497358,-0.13019689570641213,0.0,0.0,0.0,0.0,-0.14131992176837055,cyclical,2026-10-02,2026-10-02,False,False,True,False,False,False,False,False,False,False,False,,-0.00038516245826173204,Ridge,0.010289250499195273,-0.009480205,-0.050600135083926696,0.023815937790110275,0.009078216879442878,-0.00038516245826173204,0.014366548867823133,-0.00023110453164354233,187,173
NSC,mixed,Industrials,310.260009765625,310.260009765625,2026-02-09,2026-02-09,100.5993031358885,21.823892400807,4.174712549044832,-2.745468100235595,61.28046915460777,2.87,0.0414227825303917,0.7051109616677875,0.3150638870208473,11.290035587188612,6.806049822064057,6.505508236846493,2.38758231420508,0.2815894039735099,0.6563135555752055,1.9096288673055892,0.2632647079414946,0.8471523178807947,3.0101214574898787,0.0657440976213635,0.4707461084272678,4.805128205128205,1.486284289276808,0.00466841496496,0.0335814611472262,69.15925266903915,,-0.022710776559596302,0.26502491138230866,0.0,0.0,0.0,0.0,-0.08896700440517347,cyclical,2026-10-02,2026-10-02,False,False,False,False,False,False,False,True,False,False,False,,-0.001003964628225492,Ridge,0.022183395665537686,0.028573679,0.004724985078767836,0.006565823926939213,0.037426395255354065,-0.001003964628225492,0.02914148227503217,0.0181576313088293,188,105
MCD,mixed,Consumer Cyclical,231.8300018310547,231.8300018310547,2026-02-24,2026-02-24,100.86798679867988,31.142558899985733,-79.28366670979464,-4.74672600478416,73.55975022420313,3.03,-0.9137134052388288,0.5752603795120559,0.4502782137252104,2.2935041186461325,1.0837437044152054,1.482796618831657,0.60734149054505,0.618436138500344,1.0300764513147946,-34.24860335195531,0.1831286901541747,0.9545975693648244,2.8434077079107505,0.117768629757204,2.59094865100087,7.697560975609756,7.580487804878048,0.0060610726508886,0.04400946089226,-2.506300756090731,,-0.29651158279188033,-0.25857105721167106,0.0,0.0,0.0,0.0,-0.23186881848896257,cyclical,2026-10-02,2026-10-02,False,False,True,False,False,False,False,False,False,False,False,,-0.001250550689920537,Ridge,0.0025605644956072384,0.011839994,0.0501312228157342,0.004892495617376093,-0.011315268090803354,-0.001250550689920537,0.004220884483794617,0.008536941100126172,189,148
AMZN,mixed,Consumer Cyclical,248.22999572753906,248.22999572753906,2026-02-06,2026-02-05,116.57575757575758,11.583943557684195,6.013285928016251,0.0,54.283571382739815,1.98,0.0515538905039349,0.4846944035691188,0.117050790586074,1.394808105331964,11.48837426463722,3.69054066672892,0.2742797333774032,0.2498061971055709,0.4975013507863899,0.9900551007748166,0.0265582310211546,1.0508153482718283,3.150585421311402,0.2608496874243621,0.901976064113396,36.78497790868925,61.57437407952872,0.0,0.0999147371964509,37.84083586486238,,0.19117997853802526,0.20120975430698795,0.0,0.0,0.0,0.0,0.14087753996127828,cyclical,2026-10-02,2026-10-02,False,False,True,False,False,False,False,False,False,False,False,,-0.0013221835255599682,Ridge,0.010536826264412538,-0.047278516,-0.04447095104437018,-0.03559808022354255,0.008697450379355393,-0.0013221835255599682,0.014423625684228869,-0.012991031387713292,190,187
NOC,mixed,Industrials,482.0,482.0,2026-01-27,2026-01-27,57.07807807807808,6.9572241290983605,4.886830334652753,0.4772891892462143,41.71521283929341,9.99,0.0855823437687417,0.1960382513661202,0.0887978142076502,14.627581371698614,30.81175647305808,4.63261021693492,0.8301257377469848,0.2807232387264083,0.6754578897171887,2.081264243732757,0.2194813399686798,1.0875954473418816,1.3244374081194166,0.2279619284894018,2.906172839506173,5.942857142857143,1.9307692307692308,0.0040376515796072,0.0528196409532317,116.68299510146956,,-0.29651158279188033,-0.0028548967685878557,0.0,0.0,0.0,0.0,-0.26656497501143467,cyclical,2026-10-02,2026-10-02,False,False,False,False,False,False,False,True,False,False,False,,-0.002434332379319181,Ridge,-0.1202935351433916,0.07604672,0.011796762606700139,-0.02210340492581025,0.010061829403944556,-0.002434332379319181,-0.04924547040825537,-0.014701902339373484,191,188
CMI,mixed,Industrials,517.0,517.0,2026-02-10,2026-02-10,118.986013986014,8.26431466729147,5.712542716009393,2.814455817875209,66.44451358457493,4.29,0.0480200825977812,0.2285613870665417,0.0749765698219306,7.163531114327062,26.114327062228654,3.936324167872648,0.6453715775749674,0.1596253902185223,0.6055542480583667,1.6668556158393393,0.1070534653527101,1.7611862643080125,1.467170849089034,0.2511179100964933,1.7328947368421053,7.804878048780488,1.152019002375297,0.0039266167773703,0.0418286047415468,88.84172661870504,,-0.10918896565983771,0.6296809986130374,0.0,0.0,0.0,0.0,-0.26656497501143467,cyclical,2026-10-02,2026-10-02,False,False,False,False,False,False,False,True,False,False,False,,-0.0064384462072852415,Ridge,0.017737559935962027,-0.0033036391,0.023451048259790625,-0.013568801026596824,0.024426650716096426,-0.0064384462072852415,0.023197975838586408,0.009495510797597887,192,144
CHRW,mixed,Industrials,153.13999938964844,153.13999938964844,2026-02-13,2026-02-13,141.01754385964912,4.925764229416807,10.442252825161042,-2.184923914210509,100.3391027966852,1.14,0.0738608195391643,0.0817947704794263,0.0463506170012324,2.5224256579221755,1.3418776327313675,0.0251324185677941,0.99013470240395,0.1667378208900792,0.6351308847633265,1.7407088137655793,0.0724021588948511,1.527837497584214,1.5543163824301724,0.7734953140145039,2.894280562904624,13.237445255474451,2.0552165812761998,0.0038563850114176,0.0506739742537041,15.170782028308864,,-0.18211920855774177,0.5932168059680445,0.0,0.0,0.0,0.0,-0.26656497501143467,cyclical,2026-10-02,2026-10-02,False,False,False,False,False,False,False,True,False,False,False,,-0.0066952627444794265,Ridge,0.020120397303635146,0.0063491873,0.04523128677458852,0.026694997703130222,0.023065885540790386,-0.0066952627444794265,0.023954277234342146,0.01980166982464262,193,95
RCL,mixed,Consumer Cyclical,269.989990234375,269.989990234375,2026-02-11,2026-02-11,100.33093525179858,17.74766846677624,7.530867789180035,-0.4820917265172678,69.91910983488873,2.78,0.0751220484208428,0.3672223526649448,0.2190655083352899,0.4280442804428044,3.468634686346864,5.560885608856089,0.0714725816389402,0.1346329323931978,0.7538383911194406,3.1258344126731097,0.2915171486434497,0.1834093737038573,13.435331230283913,0.1023330690309714,2.82791185729276,3.49438202247191,0.3895957025728018,0.0038101628685869,0.0351564990119207,36.765567765567766,,-0.10254623642343097,0.030771542909842298,0.0,0.0,0.0,0.0,-0.11023912215089154,cyclical,2026-10-02,2026-10-02,False,False,True,False,False,False,False,False,False,False,False,,-0.0073011352344085866,Ridge,0.0180967901577251,0.024111439,0.022524499625239662,-0.00907379760556082,0.01584160880198023,-0.0073011352344085866,0.020728171757349798,0.011984682872840834,194,131
GNRC,mixed,Industrials,207.91000366210938,207.91000366210938,2026-02-18,2026-02-18,-324.6904761904762,7.283434038711723,3.019993521931514,0.5937068632409149,213.6724349891271,-0.42,-0.0092929629064033,0.3628754452571864,-0.0085340960729415,2.229000691584938,5.856489529813671,1.0174877141480487,0.6865882150914884,0.1557243780783414,0.5265163279047824,1.1148034015822692,0.1676834222013432,2.0261538689393803,1.810906544955611,0.1958318733461327,1.5928792463288768,-0.5517057569296375,0.5079158026177893,0.0,0.0090979008278036,45.15572600062436,,-0.09753449230788536,0.7233919401700049,0.0,0.0,0.0,0.0,-0.26656497501143467,cyclical,2026-10-02,2026-10-02,False,False,False,False,False,False,False,True,False,False,False,,-0.018080618115131838,Ridge,0.006352107998573651,0.029429434,0.007636579258750741,0.002593714327656081,0.02405041087508946,-0.018080618115131838,0.018182718505009715,0.009778779710493672,195,142
HII,mixed,Industrials,274.3299865722656,274.3299865722656,2026-02-05,2026-02-05,83.9679012345679,3.8448650747986193,2.634486694263749,2.1539103419811347,50.60048553054662,4.05,0.0313424009461856,0.1156501726121979,0.0451668584579977,13.129770992366412,19.69465648854962,3.409669211195929,0.7938461538461539,0.2134646962233169,0.6020864381520119,1.5131086142322097,0.2187096489863522,1.1333333333333333,1.4598908021839565,0.272648835202761,5.528776978417266,6.038461538461538,10.461538461538462,0.004040479317572,0.0320479416362688,128.75634517766497,,-0.29651158279188033,0.23128360220945066,0.0,0.0,0.0,0.0,-0.26656497501143467,cyclical,2026-10-02,2026-10-02,False,False,False,False,False,False,False,True,False,False,False,,-0.025277242748157566,Ridge,-0.06575260977463661,0.047768526,-0.012458488398656454,-0.07523974594559645,0.004496686969437301,-0.025277242748157566,-0.0228977156572152,-0.021936515807021946,196,192
TPR,mixed,Consumer Cyclical,119.23999786376953,119.23999786376953,2026-02-05,2026-02-05,46.46181818181818,10.709051310741687,48.6181603773585,0.1101769107429182,39.6285146738434,2.75,0.8674324986614488,0.7546355498721228,0.2862851662404092,5.275355218030377,5.280254777070064,0.0215580597746202,0.9959300712237537,0.6297914482115811,0.9156025111009034,10.848693759071118,0.1471696184053259,1.6257718746359082,4.394029850746269,0.383157250038279,1.0874955720864328,41.172413793103445,1.848823866896156,0.003033771134246,0.1030803705809558,2.6272640610104863,,-0.2376934032491399,0.5178207467384104,0.0,0.0,0.0,0.0,-0.26656497501143467,cyclical,2026-10-02,2026-10-02,False,False,True,False,False,False,False,False,False,False,False,,-0.032717816868507166,Ridge,0.013750782280071625,-0.08269491,0.019738689581948264,0.016889845041887105,-0.004518860771653757,-0.032717816868507166,0.013700009452661477,-0.007377186196845521,197,185
ALB,mixed,Basic Materials,105.02999877929688,105.02999877929688,2026-02-11,2026-02-11,-36.547803617571056,11.65775073510309,1.7462490358860696,-0.0803885732497301,86.45980402240014,-3.7645,-0.0434452053393528,0.1419675063076362,0.0337898827126301,1.9804419673579663,13.74670563546614,1.3201672033372698,0.6000231669176416,0.21605978496633,0.402630087031369,0.6915449057074811,0.1918315764721875,2.2291662495467297,1.8672612657612129,0.0872122021635118,1.3412787114585305,0.8351737745776793,0.414347796409638,0.0053652083212154,-0.0379915816616738,80.99646562051299,,-0.29651158279188033,0.9065165870266267,0.0,0.0,0.0,0.0,-0.26656497501143467,real_assets,2026-10-02,2026-10-02,True,False,False,False,False,False,False,False,False,False,False,,0.049365937355857994,Stacking,0.06872662904777165,0.086298004,0.06182686658427839,0.029726790554324502,0.07182651750665517,0.12944295745017056,0.049365937355857994,0.07087858637684395,1,3
DOW,mixed,Basic Materials,27.59000015258789,27.59000015258789,2026-02-03,2026-02-03,-10.874418604651163,1.775001691331924,1.0489452773613193,0.0010264790247055,-52.4533268921095,-2.15,-0.0963893053473263,0.0579281183932346,-0.1103594080338266,-2.014759120022278,5.31328320802005,3.451684767474241,-1.4021317829457365,0.1123815746488075,0.7006730670675458,2.5622188905547225,1.0145004179491597,1.966895350103452,1.425128050617656,0.1616044278929926,2.146952541556252,-4.767123287671233,-1.0357815442561205,0.022378346669402357,-0.0203579091086405,22.2890559732665,,-0.09836600808536311,0.014338240903966515,0.0,0.0,0.0,0.0,-0.10195056831135474,real_assets,2026-10-02,2026-10-02,True,False,False,False,False,False,False,False,False,False,False,,0.04904341996207254,Stacking,0.08526023552368438,0.05887663,0.016526661407036992,-0.005368958648283451,0.08650241318699846,0.041261918385939435,0.04904341996207254,0.04782768780262055,2,8
ARE,mixed,Real Estate,47.029998779296875,47.029998779296875,2026-01-26,2026-01-26,-7.707086614173228,11.053721643553803,0.5390461943611115,-0.0053507903410256,-33.82248745509095,-3.7645,-0.0699311638538157,0.691756780759636,-0.34526752748315304,1.8332687770696152,3.222308297240513,0.0,1.0,0.1431219646293411,0.4379282688270746,0.9647919498748228,1.4870407155925969,0.4305786676440942,2.3306682319503227,0.022135369178332,0.4554487053938658,-13.650862068965514,-1.4507311948619386,0.022378346669402357,-0.048993395475977634,90.78999260537344,,-0.10640321528981811,-0.3242816267342402,0.0,0.0,0.0,0.0,-0.025332808606258056,real_assets,2026-10-02,2026-10-02,False,False,False,False,False,False,False,False,True,False,False,,0.04285779381134709,Stacking,0.10565390869334097,0.12798762,0.09550760532925645,0.07300348999533261,0.021680126251066037,0.09190792753492348,0.042857793811347106,0.0792379031926357,3,2
DD,mixed,Basic Materials,129.1999969482422,129.1999969482422,2026-02-17,2026-02-17,-134.00000000000003,9.823236857649144,1.194822903944249,-9.569274999999982,123.8164935064935,-0.3,-0.0090523744521876,0.3112817483756645,0.1340815121086828,0.534203529127387,1.8298283780517284,0.3625815808556925,3.112676056338028,0.0308026030368763,0.3463267670915411,0.5368201738630649,0.192053991584259,2.418655097613883,1.0143798681845415,0.0784704519119351,1.1718592964824122,3.721311475409836,0.9256198347107438,0.0049306284627142,0.004416488222698,33.64515349286923,,0.43095567380159366,1.0930483982474672,0.0,0.0,0.0,0.0,0.15769357423972685,real_assets,2026-10-02,2026-10-02,True,False,False,False,False,False,False,False,False,False,False,,0.04121687039979181,Stacking,0.0688989813740703,0.027483255,0.0010585751252994557,-0.036306251257988094,0.08324566035438732,0.003212690605988413,0.04121687039979181,0.0275720120147551,4,21
CRH,mixed,Basic Materials,81.69999694824219,81.69999694824219,2026-02-18,2026-02-18,40.78431372549019,3.6077774215637888,3.480819863356107,0.2732550874223561,23.359668808345376,3.06,0.0855618313614397,0.3487621458819474,0.1249997922001105,3.1277072442120986,6.117998506348021,1.226288274831964,0.7183533447684392,0.3329906328535527,0.5632018378508118,1.368563572737877,0.2112775511767296,1.7425177061914554,4.991016566753523,0.3970460679936224,5.430845521236064,5.581394949785124,2.1974866429194337,0.0029561862086133,0.1046573011476058,35.66186302183925,,-0.29651158279188033,0.08978806040482157,0.0,0.0,0.0,0.0,-0.26656497501143467,real_assets,2026-10-02,2026-10-02,True,False,False,False,False,False,False,False,False,False,False,,0.03582957199411212,Stacking,0.05474529277104028,0.03312741,0.05476503931677445,0.08113046846990656,0.06301403043862315,0.033931487643424324,0.03582957199411212,0.050885744406444305,5,6
HAL,mixed,Energy,31.8799991607666,31.8799991607666,2026-02-06,2026-02-06,40.371428571428574,4.191292204348595,2.2665271006595926,0.0031430613596549,26.15811120917917,0.7,0.0563043686072077,0.1643980908608803,0.1318720169701255,0.9868891537544696,2.629320619785459,0.401668653158522,0.7107296137339055,0.2084824624194703,0.5799680127948821,1.386578720963579,0.3018961507608137,2.039727988546886,1.1446782679077296,0.2261895241903238,1.5087775295244177,37.3,54.35,0.0060311748475546,0.0605997931747673,12.45357142857143,,-0.11370588933092574,0.59320335636015,0.0,0.0,0.0,0.0,-0.26200672842096323,real_assets,2026-10-02,2026-10-02,False,False,False,False,True,False,False,False,False,False,False,,0.033453845232503776,Stacking,0.06546744494697376,-0.02393349,-0.005004567914557975,0.04862153141056381,0.05711759533194071,-0.0062805246589010665,0.033453845232503776,0.024712313007681706,6,22
CTVA,mixed,Basic Materials,12.569999694824219,12.569999694824219,2026-02-12,2026-02-12,-81.7439024390244,11.54031564346803,1.8688963786431407,-0.2744259583074689,-129.92329504411126,-0.82,-0.0228628230616302,0.3828644501278772,0.0572890025575447,6.169311591520589,6.729347823161153,0.3297826085522684,0.9492571428571428,0.3608247422680412,0.4308320690862411,0.764537773359841,0.0571775129641328,1.4296907216494843,0.6137184115523465,0.0912591901038627,0.5486584811277854,4.869565217391305,-0.1968085106382978,0.0026815810343643,-0.0133268324394604,35.86608694092779,,-0.29651158279188033,-0.4637989252113081,0.0,0.0,0.0,0.0,-0.1805618514890533,real_assets,2026-10-02,2026-10-02,True,False,False,False,False,False,False,False,False,False,False,,0.03017885289465915,Stacking,0.05031424373268039,0.10192155,0.18971360515737856,0.1733492396013504,0.047232289844542585,0.0233612914719197,0.03017885289465916,0.08696009380931839,7,1
BKR,mixed,Energy,55.619998931884766,55.619998931884766,2026-02-05,2026-02-05,51.16853932584269,6.091730300568643,2.388951895508124,0.2948585996955859,52.86301310043668,0.89,0.0465116279069767,0.2373409152450582,0.1313295423774708,1.3006072874493928,5.016194331983805,0.3815789473684211,0.7731648616125151,0.1197665201412409,0.5349918054842102,1.1612509291706488,0.1489547828220597,1.356777401455646,1.1121819003162174,0.1806707272326997,1.2301812622843415,15.901639344262296,1.38136511375948,0.0050451709490611,0.0550043436514105,18.9476861167002,,-0.142063875800019,0.4903536691287451,0.0,0.0,0.0,0.0,-0.2646522930822053,real_assets,2026-10-02,2026-10-02,False,False,False,False,True,False,False,False,False,False,False,,0.029865833949059117,Stacking,0.05456182988981358,0.08787605,0.025995786162894833,0.06944568002583354,0.055836828259048545,-0.015172721482263186,0.029865833949059117,0.04390536877668601,8,10
MLM,mixed,Basic Materials,479.1700134277344,479.1700134277344,2026-02-19,2026-02-19,134.4838012958963,24.476139504563232,3.741917281243771,-1.0318410548675114,86.8202799188641,4.63,0.0278054614311341,0.3050847457627119,0.2379400260756193,7.03150912106136,1.1111111111111112,3.399668325041459,0.6740858505564388,0.7027932960893855,0.4637379081823526,0.8647598166234801,0.1417712559271331,3.567597765363129,2.1217150760719226,0.0819838597616375,0.0,6.4035087719298245,5.137931034482759,0.0013316856652933,0.0502477814912988,165.8512396694215,,-0.2798226295517632,-0.11528588204107315,0.0,0.0,0.0,0.0,-0.2510011590414949,real_assets,2026-10-02,2026-10-02,True,False,False,False,False,False,False,False,False,False,False,,0.027892611947177244,Stacking,0.040852987283211434,0.06716992,0.07933632405134969,0.09785225118520181,0.04924023904845627,0.016716318591011966,0.027892611947177244,0.053748676693809685,9,5
NEM,mixed,Basic Materials,114.66999816894531,114.66999816894531,2026-02-19,2026-02-19,83.20833333333333,16.806285192512554,3.2608173147902084,-0.7540228752023812,23.997466883569604,1.2,0.0384149762305489,0.587581798812966,0.5612539948257496,5.2875226039783,6.914104882459313,2.0135623869801087,1.6150234741784038,0.6339285714285714,0.4040370441693948,0.6814598281512977,0.004292152514486,1.7221638655462186,9.691740412979351,0.1150365014618091,3.321078431372549,111.75757575757576,4.404339250493097,0.0024630073500848,0.0830191949391221,30.565884476534297,,-0.1092208640647454,1.0631521800817798,0.0,0.0,0.0,0.0,-0.26656497501143467,real_assets,2026-10-02,2026-10-02,True,False,False,False,False,False,False,False,False,False,False,,0.027450077733787322,Stacking,0.019529085786351166,-0.10425675,0.03569408509256323,0.07969418443134296,0.06214184773464253,0.03351372234949579,0.027450077733787315,0.02241970862424842,10,26
TPL,mixed,Energy,336.4599914550781,336.4599914550781,2026-02-18,2026-02-18,160.45810055865925,69.93691086052125,13.57427218650675,19.63339093318991,118.72933640118424,1.79,0.0845468559682008,1.0,0.6388028945699924,1.233066528362024,2.100226195386635,0.4155665820246895,0.7479326483214864,1.3113556008644347,0.17159221306224293,0.1126672227907604,0.0008167706587593,4.398104787615007,1.2830356872138504,0.130340582451065,0.0,0.0,0.0,0.0018565815647977,0.31358596093688235,21.135158727771827,,-0.29651158279188033,-0.09077154045378166,0.0,0.0,0.0,0.0,-0.26656497501143467,real_assets,2026-10-02,2026-10-02,False,False,False,False,True,False,False,False,False,False,False,,0.027397804992492954,Stacking,0.04620718778016191,-0.094352335,0.005623978823148651,-0.067413315339691,0.04978028227119823,-0.004859783361237392,0.027397804992492957,-0.0044031308525784105,11,58
LYB,mixed,Basic Materials,57.779998779296875,57.779998779296875,2026-02-20,2026-02-20,-96.2222222222222,1.966238894373149,1.382920055544535,0.2972675646551724,76.68289855072464,-0.45,-0.0138861337036302,0.0648709631927795,-0.0056409533211112,9.114906832298136,10.711180124223604,4.434782608695652,1.94757796947578,0.2458802414749551,0.6998206040643473,2.360245982939893,1.0496607519400971,1.7732093326806984,2.5199004975124377,0.2085404229038614,2.461395694135115,-0.3738317757009345,0.2726568551510457,0.022378346669402357,0.0102958480416876,31.31055900621118,,-0.001727733598879233,0.061351924674813985,0.0,0.0,0.0,0.0,-0.01706571476758273,real_assets,2026-10-02,2026-10-02,True,False,False,False,False,False,False,False,False,False,False,,0.026332223960286043,Stacking,0.015194111930068553,0.12186819,0.07293760581129836,0.07285442648950259,0.050172803291786014,0.06487039751722254,0.026332223960286043,0.05991777051294403,12,4
BXP,mixed,Real Estate,60.2400016784668,60.2400016784668,2026-02-27,2026-02-27,42.98089171974522,12.254758971425057,2.0882486035215333,-0.0355848673144099,39.09168908489028,1.57,0.0482760496503917,0.6022606393591586,0.5591627835917806,1.676928121263617,9.28020639517132,0.8829469692473779,0.6550820106339147,0.2756729530834316,0.706311479206505,3.590592536898774,1.545267657883789,2.2815480878768724,0.5326029929342269,0.0335202745041267,0.7267575940018791,3.263920777846547,0.7566661223800654,0.0114793422831587,0.026222654896025,32.348867171542594,,0.07112378517899698,-0.10874387219312331,0.0,0.0,0.0,0.0,0.09830975322727781,real_assets,2026-10-02,2026-10-02,False,False,False,False,False,False,False,False,True,False,False,,0.025893845723301195,Stacking,0.02995766011904119,-0.018839858,-0.027376110662208773,-0.040943739547493994,0.024680358614429472,0.08984608515566088,0.025893845723301195,0.012328188219115833,13,36
VLO,mixed,Energy,408.4599914550781,408.4599914550781,2026-02-25,2026-02-25,43.52673796791444,1.554534194768358,2.079046153846153,1.924733353174598,23.60374626228108,3.74,0.0477976817702845,0.1028049164828238,0.0496375669713205,5.966996699669967,15.471947194719473,0.8217821782178217,0.8789499270782694,0.1457934651640796,0.5005683731896261,1.0022760800842994,0.1726292169729289,3.366928910624424,1.670777022829494,0.6679437521050859,0.0,11.33093525179856,1.825367647058824,0.0069740987244495,0.0762016905673072,78.3003300330033,,0.43095567380159366,1.0930483982474672,0.0,0.0,0.0,0.0,0.15769357423972685,real_assets,2026-10-02,2026-10-02,False,False,False,False,True,False,False,False,False,False,False,,0.024952623074685137,Stacking,0.040045762051355564,0.006010135,0.04817380065672757,0.08785434203648437,0.029094600340221724,0.039808791897240195,0.02495262307468514,0.03929353144925858,14,13
DOC,mixed,Real Estate,19.440000534057617,19.440000534057617,2026-02-03,2026-02-03,100.5,15.557502036413574,1.4922610409949526,-0.1264746745497938,49.92901726880255,0.16,0.0151955428825292,0.019323034352334116,0.202718368867476,0.3477111487214558,0.7725314858927683,0.0830802297615319,0.8071450964174465,0.304313274948823,0.5917366418538772,1.604455490824515,0.9063675038844908,1.0894848001688813,1.051224013548682,0.0353757554699253,1.874323077372726,1.8085269971973512,5.1646742230710085,0.0189295160286872,0.0312504181012994,10.775315928303383,,0.10266594067258183,0.11659968604581383,0.0,0.0,0.0,0.0,0.07351601916112838,real_assets,2026-10-02,2026-10-02,False,False,False,False,False,False,False,False,True,False,False,,0.024341931172505486,Stacking,0.03318400741143381,0.04871141,0.041240382325372714,0.0749447723019356,0.02939908654312257,0.0502912749907976,0.024341931172505486,0.04287165795666024,15,11
PSX,mixed,Energy,264.2300109863281,264.2300109863281,2026-02-20,2026-02-20,17.897364771151178,1.529291867705424,1.7880198975698622,0.0020784329056443,16.11375035597292,7.21,0.0998865706527343,0.0629134205497574,0.0440393943848302,5.134921934302767,2.7683926950154047,1.6917955358427474,0.7521802325581395,0.2065135824703587,0.5895629750271444,1.493108307840374,0.4091208231347636,1.2960378208014407,3.4812199365469247,0.4616585233441911,3.594789669561295,5.077966101694916,2.125327739905611,0.0092658695964174,0.0860286839015631,71.80868131488401,,0.43095567380159366,1.0930483982474672,0.0,0.0,0.0,0.0,0.15769357423972685,real_assets,2026-10-02,2026-10-02,False,False,False,False,True,False,False,False,False,False,False,,0.022259290972829426,Stacking,0.03797019108737171,0.05476947,0.0795623146792569,0.08157471718698489,0.02572509117300379,0.023326510619581256,0.022259290972829426,0.04603833140984087,16,9
APA,mixed,Energy,43.34000015258789,43.34000015258789,2026-02-26,2026-02-26,30.96202531645569,4.361275740833752,1.4251271951419662,0.2015917644183772,11.044510638297872,0.79,0.0457902511078286,0.3922651933701657,0.3214465092918132,0.6140845070422535,1.4535211267605634,1.6619718309859155,0.2698019801980198,0.3142746013224426,0.6313822507632383,1.9686525521089773,0.5257217877995692,0.8249708284714119,1.874764595103578,0.104800505316349,1.389207807118255,11.03448275862069,2.7635869565217392,0.0102495594992687,0.0756148395164652,17.16338028169014,,0.36762386092104404,1.0930483982474672,0.0,0.0,0.0,0.0,0.09436176135917723,real_assets,2026-10-02,2026-10-02,False,False,False,False,True,False,False,False,False,False,False,,0.021915078713314887,Stacking,0.023181566800640287,0.10635336,0.08031886015347545,0.06864588202135873,0.044328020760939814,0.008161053498232153,0.021915078713314887,0.04983852863397349,17,7
MOS,mixed,Basic Materials,21.549999237060547,21.549999237060547,2026-02-27,2026-02-27,43.8,2.7288776224129982,0.5878708141722314,-0.189800000058508,25.05123112391889,0.55,0.0134217080819866,0.1417377275870016,0.0904970423292617,-1.37567817466841,0.937916152608534,1.1854500612868526,3.266904761904766,-0.0140855679421512,0.5002389696120523,1.0133224106115897,0.6995141009841934,1.3150296273978106,1.9885426214482127,0.1063476047891961,1.352542372881356,5.875311720698255,0.4677079871496621,0.0098390284245804,0.0312104459451734,40.97839086283034,,-0.21664851919081984,-0.41424302155312454,0.0,0.0,0.0,0.0,-0.11308776380253871,real_assets,2026-10-02,2026-10-02,True,False,False,False,False,False,False,False,False,False,False,,0.020231454410764592,Stacking,0.02617282105211346,0.036988772,0.06621644958005798,0.020347492239590117,0.021436062664699333,0.043150645824756056,0.020231454410764585,0.033284423177783455,18,15
MPC,mixed,Energy,420.1499938964844,420.1499938964844,2026-02-26,2026-02-26,31.70175438596491,1.4927970160250503,2.8085000577567287,0.5760873402858044,22.16048337524448,5.13,0.0886565784913942,0.0885675692269908,0.0566709645729723,6.31438127090301,12.2809364548495,3.949832775919732,0.6151840990550668,0.1559609716434597,0.7184899485741001,3.550537137576528,0.6740169994182169,1.2592743164955789,3.157313172433847,0.3807152875175315,2.28834592261446,4.883597883597884,0.990426189005559,0.0061694919855214,0.0384390148680743,57.90635451505017,,0.43095567380159366,1.0930483982474672,0.0,0.0,0.0,0.0,0.15769357423972685,real_assets,2026-10-02,2026-10-02,False,False,False,False,True,False,False,False,False,False,False,,0.01684365018415371,Stacking,0.018086506434449316,0.069511,0.0458098201537373,0.01570053223416607,0.018167355266726404,0.03445297720253311,0.016843650184153708,0.030900617609098156,19,17
PPG,mixed,Basic Materials,104.66999816894531,104.66999816894531,2026-02-19,2026-02-19,76.46268656716417,5.874303525804804,-6.489422523285351,-0.5748006000000001,48.66613425129088,1.34,-0.0846740050804403,0.3740419008686765,0.1149718957588145,2.6114081996434937,9.888591800356506,1.3413547237076648,0.6606538895152199,0.1810204081632653,1.379180261464187,-3.2464013547840813,0.3238514364807552,1.6242857142857143,1.1732613908872902,0.4917703229048875,0.6191559262067222,7.758620689655173,0.5576496674057649,0.0069589349767554,0.0377325682490001,-15.732682060390763,,-0.1218959885155595,-0.051472603815629236,0.0,0.0,0.0,0.0,-0.10902783756165219,real_assets,2026-10-02,2026-10-02,True,False,False,False,False,False,False,False,False,False,False,,0.0158566702538554,Stacking,0.019437901747434528,0.05072215,0.06058779422544827,0.028902210711805904,0.015701997937901408,0.026111635491343373,0.0158566702538554,0.03072582308997722,20,18
EXE,mixed,Energy,85.95999908447266,85.95999908447266,2026-02-18,2026-02-18,46.76271186440678,8.63741757794552,1.416633187641296,4.560871468354417,23.314750273556232,2.36,0.0297663903541823,0.4640630127994748,0.182802756809977,0.3270769385598551,4.025562320736678,3.635585970915312,0.0825396825396825,0.3257497414684591,0.3432318732986884,0.5226073850791259,0.1922623057769986,1.0051706308169597,1.9055659787367103,0.1077173259801322,2.1686586985391765,9.440677966101696,10.745454545454546,0.0052055209271637,0.1351323514265114,77.30911996271452,,-0.20766891801573728,0.08978806040482157,0.0,0.0,0.0,0.0,-0.23011593311694267,real_assets,2026-10-02,2026-10-02,False,False,False,False,True,False,False,False,False,False,False,,0.015802302982542427,Stacking,0.023474949667114064,-0.024796957,0.021190567913916068,-0.026879143017168802,0.02981236037776931,-0.02390012305723479,0.015802302982542427,0.0024746376406519256,21,46
DLR,mixed,Real Estate,176.49000549316406,176.49000549316406,2026-02-13,2026-02-13,595.0384615384615,31.0336482513068,2.3180050247619883,2.5438928550792226,91.80879112589216,0.26,0.0043029071830986,0.019323034352334116,0.1781028070075035,2.093064487485917,10.048667658438454,0.0,1.0,0.6265778767818111,0.4971516157264489,1.0714845629546244,0.3980164991029002,4.497334909031329,1.2601363607931444,0.0346564821041565,0.6676528337983505,2.617511758041814,0.6442579734545202,0.000191581760706,0.0241040991929245,65.20938362203829,,-0.01231179420692785,0.02182726663480805,0.0,0.0,0.0,0.0,-0.017768610865629864,real_assets,2026-10-02,2026-10-02,False,False,False,False,False,False,False,False,True,False,False,,0.015164650870685454,Stacking,0.015321596934732524,0.0606796,0.05149481110577091,0.07096608430237569,0.007271815525309037,0.052154096126413085,0.015164650870685453,0.038492271173422396,22,14
CCI,mixed,Real Estate,66.12000274658203,66.12000274658203,2026-02-23,2026-02-23,130.69117647058823,36.06198694029851,-23.644311926605504,-4.054315901360546,97.2180972818312,0.68,-0.1798165137614679,0.4207089552238806,0.4916044776119403,1.864367816091954,0.6183908045977011,0.135632183908046,0.9321839080459772,0.1942397856664434,1.0518751189796307,-20.277064220183487,0.6295389494405492,0.2554141549453003,0.4080700418728588,0.0340123104257884,8.746478873239436,2.116465863453816,0.229551451187335,0.0120284181078134,0.0139957168280396,-3.7414187643020593,,-0.26147656934455454,-0.3380718515709077,0.0,0.0,0.0,0.0,-0.17695860645182762,real_assets,2026-10-02,2026-10-02,False,False,False,False,False,False,False,False,True,False,False,,0.014256105992601294,Stacking,0.021930259256351493,-0.0989316,0.009082788411308499,0.017490753271423853,0.012278040834652927,0.010209381812200862,0.014256105992601294,-0.0014493609475809649,23,54
CBRE,mixed,Real Estate,130.52999877929688,130.52999877929688,2026-02-12,2026-02-12,114.85,4.104814187294694,5.376761002934219,1.9443295507659264,71.61780023596154,1.4,0.0468574003153863,0.1528936279989681,0.0187462378536417,3.627762651152777,6.2786904194510464,0.4850490452794799,0.8820638820638821,0.0991071428571428,0.6882469151795835,2.393669745438162,0.1589194177312944,1.0948863636363635,1.102170410387641,0.3766233766233766,2.0361719718892104,8.074074074074074,0.259851736246586,0.0,0.0284692485059526,29.606270089111472,,-0.0996068236235299,0.04792869925575527,0.0,0.0,0.0,0.0,-0.11158899843746872,real_assets,2026-10-02,2026-10-02,False,False,False,False,False,False,False,False,True,False,False,,0.013646621817183303,Stacking,0.019128708551484287,0.023296269,0.03181020100059088,0.0899195894205179,0.010476009997104763,0.015573321344876146,0.013646621817183303,0.028831212862406707,24,19
HST,mixed,Real Estate,22.510000228881836,22.510000228881836,2026-02-25,2026-02-25,93.3157894736842,7.659404242046164,1.8722209515096069,-1.3073822916666669,41.62627427184466,0.19,0.0205855443732845,0.019323034352334116,0.1197754210854647,0.503971119133574,1.1090252707581227,0.2743682310469314,0.647495361781076,1.3113556008644347,0.4840983983447007,0.9632509911558402,0.4167608389785816,14.923628817186406,10.477124183006536,0.1228446624262395,0.0,3.2,3.9705882352941178,0.0111581463631162,0.0542979262308057,9.45092952875054,,0.14263960552699673,0.4579015692280983,0.0,0.0,0.0,0.0,0.028164213219972145,real_assets,2026-10-02,2026-10-02,False,False,False,False,False,False,False,False,True,False,False,,0.013439164041554402,Stacking,0.017044616872924828,0.031059647,0.06801648673113395,0.06426601334665566,0.006954947047015181,0.028375619506769895,0.013439164041554402,0.03234056853156885,25,16
UDR,mixed,Real Estate,33.68000030517578,33.68000030517578,2026-02-17,2026-02-17,53.94117647058823,27.882342151805798,3.6722363463527934,0.0261376973784561,71.75709024767619,0.68,0.0677830548140741,0.2697607514095856,0.1984271748717404,1.4414414414414414,0.1121782605262038,0.647436715204753,1.815406626448412,1.3113556008644347,0.6088166579512061,1.9635048238355803,0.4972115921656002,3.312905346187555,2.887777622200441,0.0408371971456033,0.0,0.0,0.3167929028330788,0.022378346669402357,0.0605495414138432,9.88618653647274,,-0.10066754859343718,-0.18666987913122957,0.0,0.0,0.0,0.0,-0.05400007881062979,real_assets,2026-10-02,2026-10-02,False,False,False,False,False,False,False,False,True,False,False,,0.01298516274620202,Stacking,0.012079314190813624,0.027719235,0.029575980150524525,0.00878565939693646,0.011402014287940694,0.024271655247321923,0.01298516274620202,0.017994857089739746,26,30
IFF,mixed,Basic Materials,83.12000274658203,83.12000274658203,2026-02-27,2026-02-27,962.7142857142856,6.663514870606412,1.2188667514483538,-4.259713580246913,75.69103896103896,0.07,0.0012717253073336,0.2920046349942062,0.063731170336037,0.515625,2.3046875,0.7265625,0.4150943396226415,0.0808543096872616,0.4445358079799522,0.8021054118976968,0.353469542958896,1.42232392575642,1.2938530734632685,0.1013743686127099,1.4242424242424243,3.36734693877551,0.2160625444207533,0.0059703776524706,0.0224610235180128,55.0739299610895,,0.029349879214638053,0.09787350081339374,0.0,0.0,0.0,0.0,0.004881504011289617,real_assets,2026-10-02,2026-10-02,True,False,False,False,False,False,False,False,False,False,False,,0.012968126864197963,Stacking,0.008297687225801757,0.021315884,0.04233449181399098,0.020949833207588534,0.012913282425791922,0.03008588942813411,0.012968126864197961,0.021088339413456912,27,27
LIN,mixed,Basic Materials,469.45001220703125,469.45001220703125,2026-02-25,2026-02-25,129.9969512195122,22.684055035371976,5.19814507334292,-1.564581089270559,72.97059779504133,3.28,0.0411295594195319,0.4811729803742583,0.2302601551802829,3.3716034634003007,10.844037602386718,3.127097868726233,0.5188118811881188,0.1993683379392025,0.5422440305470126,1.2309060007844164,0.135757468857446,0.8767601000131596,1.6741165234001911,0.1009479710195007,1.618149466192171,31.53125,0.3993720565149136,0.0035110123851382,0.0535941881213357,81.59768893668046,,-0.07831701376873745,0.010504363620189139,0.0,0.0,0.0,0.0,-0.08094310467378474,real_assets,2026-10-02,2026-10-02,True,False,False,False,False,False,False,False,False,False,False,,0.01189357941066541,Stacking,0.012278115166125576,0.021347927,0.032449566696388134,0.027070800011185524,0.014660017860837038,0.0021690706364908274,0.011893579410665408,0.0172904335742893,28,31
EXR,mixed,Real Estate,133.0800018310547,133.0800018310547,2026-02-20,2026-02-20,95.75,30.008570346688327,2.0517025762370538,0.3269048844541457,43.37287532250078,1.36,0.0211008335637332,0.019323034352334116,0.4868956145957299,1.71209379651921,0.6563714468196131,0.025679375276883,0.9852228267223496,0.2640108878461402,0.5105244162068362,1.112173407222095,0.5078652242800114,1.2831450140799776,0.5570832064615449,0.0313843478786221,0.0,1.0490680679858773,0.4964740697095381,0.0124222532963406,0.0310267529941412,60.769104788052736,,-0.12820175675692969,-0.13013921281747387,0.0,0.0,0.0,0.0,-0.09566695355256122,real_assets,2026-10-02,2026-10-02,False,False,False,False,False,False,False,False,True,False,False,,0.011571995309378387,Stacking,0.008783196546570799,0.00828283,0.05184220969801961,0.04420129551561406,0.005859622472743674,0.03185546506344266,0.011571995309378386,0.022960781057357493,29,25
CF,mixed,Basic Materials,114.54000091552734,114.54000091552734,2026-02-25,2026-02-25,29.746153846153845,6.44086858974359,2.4922087639520463,0.3985374930572322,16.09908840413318,2.6,0.08350558081852,0.4107905982905983,0.3621794871794871,2.0076972418216807,12.7132777421424,1.4496472097498396,0.5807050092764379,0.6076662908680946,0.4481118682566723,1.304878048780488,0.3015599006942346,3.3652762119503947,3.836065573770492,0.1328790459965928,1.619676945668135,16.536585365853657,5.059602649006623,0.0064691067805693,0.1001108823063519,30.992953235105706,,0.09817834051320573,0.23201033575914098,0.0,0.0,0.0,0.0,0.040175756573420485,real_assets,2026-10-02,2026-10-02,True,False,False,False,False,False,False,False,False,False,False,,0.011445068930383278,Stacking,0.002309940368640228,0.0047595883,0.00705703480561888,-0.008541321124998506,0.013797716789567916,0.02605223887125542,0.011445068930383277,0.00818255075256337,30,40
VMC,mixed,Basic Materials,243.97999572753906,243.97999572753906,2026-02-19,2026-02-19,149.32984293193718,19.67125990477784,4.414155868885996,-1.1400450307418672,81.47361254342206,1.91,0.0295597705598761,0.2545739675901725,0.1834814427600627,2.71492858737339,1.389297627206986,1.4006666748928045,0.6596685082872928,0.5679322246626922,0.4881020813872722,0.9561764671382154,0.1298047991747101,2.6858069239619287,2.155007322293568,0.1145481545352207,3.251995438996579,6.381818181818182,8.700361010830324,0.0017113495336154,0.0523829969944182,64.61484561757925,,-0.20320053648746217,-0.07365784901078642,0.0,0.0,0.0,0.0,-0.18478607423476556,real_assets,2026-10-02,2026-10-02,True,False,False,False,False,False,False,False,False,False,False,,0.011187052808182048,Stacking,0.006171834536737416,0.016755491,0.02011715203298504,0.026971763532093,0.015189876504276466,0.008897660246353311,0.011187052808182048,0.01495108939273411,31,32
SHW,mixed,Basic Materials,320.7799987792969,320.7799987792969,2026-02-19,2026-02-19,167.02577319587627,14.267766042995763,17.363154209164257,-0.9826161423378076,108.3759834273219,1.94,0.1036904943131157,0.4884468986222055,0.1391554530995907,3.498782467532468,0.8409090909090909,0.935064935064935,0.7891075514874142,0.1578688785168273,0.8224711119347379,4.632886066589827,0.1621046993003293,0.8680837535944973,2.004836629406707,0.2160437345811278,1.2159544643615663,5.917173252279635,0.3268732654949121,0.0024523743392366,0.026995690828694,18.481913183279744,,-0.09918562544426601,-0.09751294514039821,0.0,0.0,0.0,0.0,-0.07480738915916646,real_assets,2026-10-02,2026-10-02,True,False,False,False,False,False,False,False,False,False,False,,0.010807281494534176,Stacking,0.004901190189622103,0.040343907,0.012634837555836954,0.042439090762022305,0.013885252764457406,0.01146277355261667,0.010807281494534176,0.0192757110279518,32,28
INVH,mixed,Real Estate,26.399999618530273,26.399999618530273,2026-02-19,2026-02-19,115.79166666666669,24.855064378898213,1.7871665225245568,3.2401604508010875,68.08310945667044,0.24,0.0151681005047988,0.0309259394381612,0.2729792046698285,0.1139897036534641,0.2120660126183674,0.0959209112017956,0.5430392537893509,0.3427467696816305,0.4878081657190546,0.9561670289561572,0.4920181441594186,1.516110297056081,11.43093065541228,0.0366830493530882,0.0,2.058352956711196,1.5742884033271436,0.010451896528968,0.0367004382381015,15.54671121440836,,0.009560214857754268,-0.21591922724887813,0.0,0.0,0.0,0.0,0.0635400216699738,real_assets,2026-10-02,2026-10-02,False,False,False,False,False,False,False,False,True,False,False,,0.010616906924224498,Stacking,0.005715008730497438,0.0016958738,0.04718646865320041,0.07106564366451877,0.007545149404902324,0.024394574011896833,0.0106169069242245,0.023765219817134746,33,24
OKE,mixed,Energy,87.16000366210938,87.16000366210938,2026-02-24,2026-02-24,47.41935483870967,5.108108108108108,2.0593729152768514,3.547369765066384,37.76540850453894,1.55,0.0435401378696909,0.2944291230005516,0.2971869829012686,0.9142857142857144,0.1238095238095238,1.5396825396825398,0.3725743855109961,0.242890809112333,0.6613346138263231,1.9600622637313765,0.708692365835223,0.7051060487038492,3.011627906976744,0.136027370537657,2.2536997885835097,5.947019867549669,0.7235481304693715,0.0139941690962099,0.0310174260301325,35.622623574144484,,0.01207621530549674,0.05635684961955367,0.0,0.0,0.0,0.0,-0.002012997099391678,real_assets,2026-10-02,2026-10-02,False,False,False,False,True,False,False,False,False,False,False,,0.010562227433621466,Stacking,0.006223549468234586,-0.010545598,-0.015154366663227637,-0.01994432133401901,0.007133494616604118,0.023521065814410096,0.010562227433621464,0.00046496269492809724,34,50
ESS,mixed,Real Estate,269.510009765625,269.510009765625,2026-02-20,2026-02-20,209.344,35.167679486270664,3.043916580947823,-0.9881405407339028,79.2688335213106,1.25,0.0150495220317278,0.6855909763776245,0.303421387319392,3.6333821503481314,2.849217479800926,0.0,1.0,1.3113556008644347,0.564032899437944,1.3394000619341202,0.4062111466426064,2.2985015732974494,3.387432817057581,0.0364487933703822,0.6818870364592519,2.2527863777089783,0.4862142816426576,0.0098149846800251,0.0318857942629283,85.96819033671329,,0.05265011821124488,-0.05322135261144878,0.0,0.0,0.0,0.0,0.06595545636410707,real_assets,2026-10-02,2026-10-02,False,False,False,False,False,False,False,False,True,False,False,,0.010531056970170823,Stacking,0.002730466919562002,0.0055413637,0.0012972810566313658,-0.0039029229852549606,0.004494807063295267,0.03973665994859075,0.010531056970170823,0.008645103074109123,35,39
WY,mixed,Real Estate,18.59000015258789,18.59000015258789,2026-02-13,2026-02-13,236.9,11.088564925373134,1.812802731805644,-6.350076488175681,99.9796331081081,0.1,0.0078506259282834,0.0207657365347177,-0.0097339390006489,0.2814382464872209,0.6432874205422192,0.4394873110169903,-1.780701754385965,-0.0892018779342723,0.4326130139047733,0.7624655208996393,0.3260867297474968,1.2926447574334898,4.92332268370607,0.0927586829591284,5.428057553956834,-0.2142857142857142,0.4611486486486486,0.0088954025343897,0.0282454431612633,13.058422100402725,,-0.24492282077222216,-0.2758083306354543,0.0,0.0,0.0,0.0,-0.1759707381133586,real_assets,2026-10-02,2026-10-02,False,False,False,False,False,False,False,False,True,False,False,,0.010526233260385294,Stacking,0.016208945945247962,0.041272465,0.031252631226234014,0.07315192819809611,0.010544648238937495,-0.012995167005613895,0.010526233260385293,0.023971802035055688,36,23
VTR,mixed,Real Estate,83.7300033569336,83.7300033569336,2026-02-06,2026-02-06,515.8666666666667,23.279861227560108,2.9101877674219554,18.175878826814056,87.92172411005126,0.15,0.0056039420613601,0.019323034352334116,0.1303804492543823,0.7803488574472872,1.5729297997614289,0.2922944020647878,0.7275008261388348,0.3641059226661364,0.5438593401081366,1.1978792956444642,0.3568899772153665,0.9554279818668604,3.768331917617362,0.0567563105826718,2.9784142744314246,1.321814226894891,3.610450060854028,0.0061904741042415,0.0266851488827537,26.05702393903025,,-0.03381025436264029,0.3064441154147852,0.0,0.0,0.0,0.0,-0.1104212832163366,real_assets,2026-10-02,2026-10-02,False,False,False,False,False,False,False,False,True,False,False,,0.01049932095879176,Stacking,0.012939711735038778,-0.014195925,0.004361902845235363,0.03442978368429415,0.002380852798139134,0.017766138277682014,0.010499320958791759,0.009777038149520384,37,38
O,mixed,Real Estate,53.529998779296875,53.529998779296875,2026-02-25,2026-02-24,176.15625,34.276884929336376,1.2932173613726314,-5.02400180667185,100.46103258718858,0.32,0.0075077281334993,0.8214240254307057,-0.1831539048297507,1.2754381552743277,0.4806018708125389,0.0546372095694938,0.958921719014088,0.4126436702784254,0.4488133707839423,0.82841595037564,0.6021623702753334,0.510330887395419,1.4124189477421174,0.0204403117045021,0.0,0.0,0.2996605403922644,0.0145827665513062,0.0269215715009627,43.58896012667849,,-0.20766727680140806,-0.05390599541716368,0.0,0.0,0.0,0.0,-0.19419077794711714,real_assets,2026-10-02,2026-10-02,False,False,False,False,False,False,False,False,True,False,False,,0.010006752934905673,Stacking,0.011901307628074254,0.057108138,0.05180962062891216,0.05821338615810031,0.007844071022293569,-9.270912204175329e-05,0.010006752934905673,0.027677479472665155,38,20
IRM,mixed,Real Estate,111.12999725341797,111.12999725341797,2026-02-12,2026-02-12,276.5,13.41173657414114,-25.198668578460705,9.691973331637174,60.8561842135998,0.3,-0.0909983313065044,0.5537572015992039,0.1850309820000032,-0.0545179943054382,0.5319757633540135,1.732297776217824,-0.0324941299765199,0.1908756493615565,1.0305281618918307,-22.191408420123405,0.6647213710594025,0.7386852279980577,1.2767240967285438,0.0872504304019797,1.1573715774869069,1.4507202587894747,1.5636361875244087,0.0093925299362088,0.0184306543609448,-3.287777330920303,,0.007250949455433364,0.11722124513338672,0.0,0.0,0.0,0.0,-0.022054361827913316,real_assets,2026-10-02,2026-10-02,False,False,False,False,False,False,False,False,True,False,False,,0.009884006203797063,Stacking,0.0010115110332566688,-0.013795724,-0.004352473972464921,-0.03995746298654579,0.013467446679814326,0.012321137655039123,0.009884006203797063,-0.0028041687651213943,39,56
KIM,mixed,Real Estate,22.209999084472656,22.209999084472656,2026-02-20,2026-02-20,92.13636363636364,25.18220239060864,1.3145162009870055,2.2591898778140185,56.232130295315685,0.22,0.0145463227094807,0.1134322415089887,0.3300673234326839,0.2117792477971966,0.315758390536478,0.1716094323608056,0.5523878475230883,0.289087079355702,0.4632393432631138,0.8776477996765922,0.6001346193356394,1.0804980822334709,0.7204897336827383,0.0275522710245958,0.0,2.1225668018114137,0.4004786821824309,0.0134278785173444,0.0334644244774226,15.414815188401326,,-0.05730054819725561,0.04912607862412166,0.0,0.0,0.0,0.0,-0.06958206785328602,real_assets,2026-10-02,2026-10-02,False,False,False,False,False,False,False,False,True,False,False,,0.00934577201507471,Stacking,0.0008927809175571599,0.006317248,0.01775393552494657,0.012479655332294856,0.007944692599204425,0.021483698360404965,0.00934577201507471,0.010827502102713084,40,37
SBAC,mixed,Real Estate,158.02000427246094,158.02000427246094,2026-02-27,2026-02-27,55.583333333333336,28.57702766741293,-4.23683172972023,0.2415931006459504,49.35958577286429,3.48,-0.0762930978533307,0.3060244613894436,0.4277810898812229,2.2697488477095287,4.129620919951086,0.5900479729094159,0.7936748622646164,0.1360043768335595,1.379180261464187,-3.3687452341280624,0.6416885848656247,0.4934020934004829,1.083817066154166,0.0621669333906522,6.837541419065093,2.483432969479875,0.2781914733548166,0.0057495927756769,0.0325539598155846,-26.50744895274255,,-0.2056102741179321,-0.3161083516296159,0.0,0.0,0.0,0.0,-0.1265831862105281,real_assets,2026-10-02,2026-10-02,False,False,False,False,False,False,False,False,True,False,False,,0.009077396157448427,Stacking,0.0005652553872256224,-0.018503824,-0.03202901433249368,-0.0025129926811327196,0.007937663350930399,0.019266836126267364,0.009077396157448429,-0.002082743938210967,41,55
ECL,mixed,Basic Materials,271.260009765625,271.260009765625,2026-02-23,2026-02-23,131.26,17.674428026692087,7.590156384328815,-11.288460867766156,91.81425725038744,2.0,0.0577127768452941,0.44034795042898,0.1872974261201144,2.6831858407079645,2.287433628318584,1.175575221238938,0.6953490505458215,0.1969573779970007,0.6029972101083968,1.5241126622180374,0.1191015872031326,1.0760474822483603,1.2913153197513387,0.1699039937156578,1.133896668276195,12.222395023328149,0.8684069755001604,0.0025511751991251,0.0498730845163109,34.38001407459536,,-0.10610950449606205,0.023043597079483336,0.0,0.0,0.0,0.0,-0.11187040376593288,real_assets,2026-10-02,2026-10-02,True,False,False,False,False,False,False,False,False,False,False,,0.009042783789268958,Stacking,0.001614132837148833,0.0018651948,0.021207795614036577,0.008076870006450987,0.013933015105663115,-0.00032909349943314667,0.009042783789268958,0.00791945044973705,42,41
FRT,mixed,Real Estate,108.02999877929688,108.02999877929688,2026-02-12,2026-02-12,66.75496688741721,25.79144578851047,2.667837503320527,0.1405274254892936,48.8574093450551,1.51,0.0399368245631909,0.0914341829219301,0.3441205790891101,0.589814265610644,1.249258574369352,1.094786178663224,0.3501211623299067,0.4126483542154533,0.6165975208258948,1.732928641983593,0.5703300707836488,1.0175261667492834,1.2982429707239054,0.0368048269200018,1.38984786824352,2.403058891982877,5.779373259631769,0.0114303694953358,0.040342682420163,37.78341067420304,,-0.02093530198208382,0.13191532669003436,0.0,0.0,0.0,0.0,-0.05391413365459241,real_assets,2026-10-02,2026-10-02,False,False,False,False,False,False,False,False,True,False,False,,0.008351806032520092,Stacking,-0.0002476619185976558,-0.027891822,0.0025342891505681906,-0.020951594420185814,0.004630728948834102,0.022062395558493826,0.008351806032520092,-0.001446157387186195,43,53
APD,mixed,Basic Materials,273.3299865722656,273.3299865722656,2026-01-30,2026-01-30,81.25657894736842,17.739260596293313,3.571149481224816,0.0014788801253229,56.54267711598746,3.04,0.0440066704301389,0.3207091055600322,0.2367445608380338,-1.5731597845601435,4.606822262118492,5.615798922800718,-0.3891417786166315,0.2574973555561908,0.5674879427361805,1.5185999883202586,0.318551169436996,1.458932502358558,1.1697394714021792,0.0752290819505973,0.6943300497479656,13.477064220183486,3.837113402061856,0.0072388908100536,0.0448178912645917,69.1399730820996,,-0.01121446090415068,-0.019268078319821913,0.0,0.0,0.0,0.0,-0.006397441324195202,real_assets,2026-10-02,2026-10-02,True,False,False,False,False,False,False,False,False,False,False,,0.008204194645937801,Stacking,0.002188145321895689,-0.056926925,-0.0006105587416789265,-0.009084181090601093,0.014105189211323123,-0.012070384877863565,0.008204194645937801,-0.007367525101945362,44,62
STLD,mixed,Basic Materials,226.1699981689453,226.1699981689453,2026-02-27,2026-02-27,92.59562841530054,5.590445584189388,2.754939572512873,-0.6931589565639454,58.11319771827755,1.83,0.0297005241157319,0.1182751071125642,0.0702824255649236,0.578299353828617,5.286643273568775,1.2943753562182836,0.3088092933204259,0.1285011124964306,0.4558892073249417,0.8353568119973447,0.1706548265627584,3.055322784171923,2.6232560350873024,0.2689384795599839,3.1607184912917283,11.50790117961273,7.104912924220538,0.0029614416292015,0.0551043288936514,61.24610766569344,,0.12237605165473342,0.6665684044576325,0.0,0.0,0.0,0.0,-0.04426604945967472,real_assets,2026-10-02,2026-10-02,True,False,False,False,False,False,False,False,False,False,False,,0.008073285856657439,Stacking,-0.0025743469532363643,-0.033269037,-0.04807068896744699,-0.05460433302612565,0.009500953104905351,0.01176257423532897,0.008073285856657439,-0.015120194587301817,45,64
CSGP,mixed,Real Estate,27.719999313354492,27.719999313354492,2026-02-24,2026-02-24,611.2727272727273,31.16947555555555,3.366034077273818,-0.5981626514624762,210.44849042145592,0.11,0.0056395488360931,0.7388888888888889,0.055,-0.3609779482262704,4.153883029721956,0.7495206136145733,-0.9290561381863048,0.2172922252010724,0.2056367432150313,0.2600191984641228,0.0363960068055185,2.8404825737265416,3.8461538461538463,0.0854052002277472,5.595238095238095,12.692307692307692,3.652037617554859,0.0,0.0590678357175819,19.86177311725453,,-0.29651158279188033,-0.4637989252113081,0.0,0.0,0.0,0.0,-0.1805618514890533,real_assets,2026-10-02,2026-10-02,False,False,False,False,False,False,False,False,True,False,False,,0.0075745261463227775,Stacking,0.011526269121596851,-0.021435443,-0.04000153061794124,-0.06396427903872777,0.013043332828317997,-0.04151829703212959,0.007574526146322777,-0.01871319225017743,46,67
NUE,mixed,Basic Materials,235.97999572753906,235.97999572753906,2026-02-25,2026-02-25,99.45731707317074,4.865503187199168,1.786450277034773,-0.657133193642777,47.43223681257015,1.64,0.0180550248376003,0.1121373746585143,0.0686873943020684,-0.0130832969908416,11.770606192760576,3.497601395551679,-0.0037546933667083,0.1995504495504495,0.3697584320875114,0.6199847153228888,0.1903953525673547,2.938311688311688,2.475684380032206,0.2189778942570647,3.611111111111111,48.0,3.645739910313901,0.0033956199657427,0.0583204930662557,91.18466898954703,,0.30686158125679275,0.7601252758077055,0.0,0.0,0.0,0.0,0.11683026230486637,real_assets,2026-10-02,2026-10-02,True,False,False,False,False,False,False,False,False,False,False,,0.007249554032605168,Stacking,-0.014186324225084873,-0.084784694,-0.025916959906187923,-0.041452245881151664,0.0149908026761495,0.018343281912238354,0.007249554032605168,-0.017398922386357624,47,66
PSA,mixed,Real Estate,284.0,284.0,2026-02-12,2026-02-12,99.8076923076923,37.45208555410794,4.923585183942091,-19.680566316620045,63.60755542610502,2.6,0.0548300153285075,0.2401455183123429,0.4579179662310658,3.610344906193722,1.812837668406775,0.5704003009095675,0.8635649214067316,1.196932886705423,0.5377298699108558,1.1750237453460852,0.2251920138878365,0.7508749545186812,8.555408562501759,0.0601620972928164,0.0,6.857584529161791,10.92303997043789,0.0126462793275153,0.0738600338463039,52.58831222740946,,-0.0866405094230398,-0.08319075443070656,0.0,0.0,0.0,0.0,-0.06584282081536316,real_assets,2026-10-02,2026-10-02,False,False,False,False,False,False,False,False,True,False,False,,0.007156830363687478,Stacking,0.0004280795684329514,0.024943076,0.025047423138624684,0.024764010344150173,0.0022908092753845723,0.012776514733381653,0.007156830363687477,0.013705418937209172,48,33
MAA,mixed,Real Estate,116.37999725341797,116.37999725341797,2026-02-06,2026-02-06,289.3958333333333,29.250672029462372,2.8593459326903097,-1.6465567798891805,68.0252512891266,0.48,0.0101299379070402,0.3606531114775108,0.2838399729280216,1.3557037226994917,0.9117322733683806,0.8810958669914947,0.6060908312696811,0.3582751661495743,0.5123625691136559,1.0796172544139773,0.3326303685081309,0.164815996363467,1.670777022829494,0.0463915016329749,0.0,3.2374353288987434,6.493224932249323,0.0109721083646728,0.0354227967361057,48.527528732687806,,-0.13220492690017183,-0.2523929000230104,0.0,0.0,0.0,0.0,-0.06910670189441923,real_assets,2026-10-02,2026-10-02,False,False,False,False,False,False,False,False,True,False,False,,0.006978121179721377,Stacking,0.0013984151617245884,-0.00028719305,0.004664074570993893,-0.012516390080539334,0.0022407398243857336,0.008237302859708476,0.006978121179721377,0.0015925213984634046,49,48
OXY,mixed,Energy,57.84000015258789,57.84000015258789,2026-02-18,2026-02-18,-597.6744186046511,8.10424097346898,1.1274507409668646,-0.9030209030011572,25.69563218390805,-0.0688,0.0028306599322861,0.2780769998005186,0.0931577897466586,1.9038461538461535,2.0121457489878543,0.7621457489878543,0.714123006833713,0.2793805685193042,0.5782814606547365,1.3927124382527614,0.5550556089415397,0.9362537123462028,1.513130093570782,0.0577647695977322,1.1016742770167427,12.97222222222222,1.0481704492820751,0.0100426912837316,0.0412673109494869,36.47165991902834,,0.06696181797800937,0.3957528994350361,0.0,0.0,0.0,0.0,-0.03197640688074965,real_assets,2026-10-02,2026-10-02,False,False,False,False,True,False,False,False,False,False,False,,0.006922788547499699,Stacking,-0.0013131175768074548,0.022924604,-0.003468172996956586,-0.03516311822201583,0.0016344035368192188,0.01652348773556648,0.006922788547499699,0.001178331541462455,50,49
KMI,mixed,Energy,30.530000686645508,30.530000686645508,2026-02-13,2026-02-13,61.08888888888888,13.568156610470275,1.9628152878505871,0.2528683853059296,58.43792995622264,0.45,0.0319620050060971,0.6790150842945873,0.3025732031943212,0.710561797752809,0.0489887640449438,0.0773033707865168,0.9018824871648602,0.4055992596020361,0.5647584301311801,1.351164880302933,0.5267533444235084,0.6372049976862564,2.6301050175029173,0.06046623923599,1.0276988636363635,3.085972850678733,0.7658707047175306,0.0106923457355279,0.0383327395796223,14.005393258426968,,-0.0991442700901296,0.06561957021450304,0.0,0.0,0.0,0.0,-0.11554916264375537,real_assets,2026-10-02,2026-10-02,False,False,False,False,True,False,False,False,False,False,False,,0.006794849842177318,Stacking,0.0025848706201630745,0.033985652,0.03592018302297863,0.05118519810319042,0.0025854809282602185,0.0019868107974799366,0.006794849842177318,0.018961240370149866,51,29
SLB,mixed,Energy,48.65999984741211,48.65999984741211,2026-01-23,2026-01-23,69.78181818181818,5.793430477167778,2.162357041633153,1.7642806249999985,44.65132463967056,0.55,0.0306407752116128,0.1773217034376603,0.1495125705489995,1.6920462270564245,2.8633582596872875,0.3507817811012916,0.8282861896838603,0.2041301542014808,0.5026062550120288,1.0562258225133097,0.2061038333966854,1.3255213640377692,1.121532972724134,0.1776080775679813,0.6977371627502176,11.563492063492063,0.6623762376237624,0.0075455683247669,0.0290096819813612,17.546370967741936,,-0.05090696611250034,0.45950809380360247,0.0,0.0,0.0,0.0,-0.16578398956340096,real_assets,2026-10-02,2026-10-02,False,False,False,False,True,False,False,False,False,False,False,,0.006635263701178807,Stacking,0.002478979434739973,0.013403463,0.011365123678366888,0.02000898951074657,0.004840907440014714,-0.005743797302574722,0.006635263701178807,0.00749509260699581,52,42
WELL,mixed,Real Estate,226.94000244140625,226.94000244140625,2026-02-12,2026-02-12,1304.7202702702796,40.83571953583953,3.038092573996491,-5.038319260077262,-129.92329504411126,0.14,0.0022891561632184,0.382987269756667,-0.3010930187372361,0.9380363756594576,7.299607588365125,0.0108413502672633,0.9885745550021472,0.3526089372138177,0.35808346091671,0.572048306865655,0.1499867551442062,5.341506262667196,0.666516181961314,0.0465706552632007,6.509999293098283,-4.631030895457936,-1.6732586147352595,0.0039815985695844,0.0291832302162297,59.3233676022682,,0.07984394005237072,0.4620538747674672,0.0,0.0,0.0,0.0,-0.03566952863949607,real_assets,2026-10-02,2026-10-02,False,False,False,False,False,False,False,False,True,False,False,,0.006394421086309356,Stacking,-0.004943145766267646,0.11192461,0.0960755218458588,0.06833247878895886,0.0006098469176849033,0.022926158747368836,0.006394421086309356,0.04210790679775879,53,12
REG,mixed,Real Estate,71.80000305175781,71.80000305175781,2026-02-13,2026-02-13,42.87577639751552,25.788375703799296,1.8921658608172416,0.0603785892893069,53.337961810782105,1.61,0.0441171062518731,0.5522102380134891,0.4896266215186926,0.4028824484249459,0.6373280774749577,0.6751945379503224,0.3737047108106122,0.5407270627132653,0.4476232845635312,0.8425900803400662,0.4097414182886464,1.045193713837611,1.8504867414975423,0.0389790761419469,0.0,0.0,0.9380179301867198,0.0100779085484762,0.0705619916706717,37.71948315784875,,-0.09730949142874268,-0.0020847386830047387,0.0,0.0,0.0,0.0,-0.0967883067579915,real_assets,2026-10-02,2026-10-02,False,False,False,False,False,False,False,False,True,False,False,,0.006182325931086387,Stacking,0.0007112101322633324,0.03542367,0.009273258549451085,0.037143105669071495,0.002189118898114269,0.0009863384238922596,0.006182325931086387,0.012900630948998444,54,35
DVN,mixed,Energy,47.15999984741211,47.15999984741211,2026-02-18,2026-02-18,40.252747252747255,5.777807975615951,1.4649169242658424,-0.6127540702846975,19.45457659987072,0.91,0.0361926841834106,0.2011684023368046,0.1668783337566675,1.0322061191626408,2.3091787439613527,1.502415458937198,0.4072426937738246,0.3852178169358786,0.508592044052027,1.0349690880989182,0.3774525513655948,0.9804209495839452,2.196986607142857,0.1245925503971644,1.3787812362998684,5.5210084033613445,1.2193375111906894,0.0065502480961418,0.0903490759753593,24.964630225080384,,0.049165736316175934,0.5144508621519623,0.0,0.0,0.0,0.0,-0.07944697922181465,real_assets,2026-10-02,2026-10-02,False,False,False,False,True,False,False,False,False,False,False,,0.006127582314208768,Stacking,-0.002336509357136248,0.016431926,0.02446668942353664,-0.020076156934097027,0.0030647352033972095,0.0061316859636545585,0.006127582314208767,0.0047725006055439135,55,44
EQT,mixed,Energy,50.09000015258789,50.09000015258789,2026-02-18,2026-02-18,49.629629629629626,14.72153976461648,1.409331571342464,0.1235986081798968,26.00984957669554,1.08,0.0285062184780267,0.458936737050696,0.4023495254421247,0.8346225467983687,0.177402284237544,0.9673199998078588,0.4631793329761229,0.4529010105676782,0.3453393992478239,0.6076252373574565,0.2330167394337386,0.7626850168682825,1.5305129180226356,0.0544089406246624,0.8997360744344687,8.669702167176794,2.2432653007926247,0.0030760202232818,0.0931813574234001,38.0322140580042,,-0.1873783232870232,-0.11595481552086317,0.0,0.0,0.0,0.0,-0.1583896194068074,real_assets,2026-10-02,2026-10-02,False,False,False,False,True,False,False,False,False,False,False,,0.0059880091397488035,Stacking,0.0025866883976238745,0.042448588,0.03718327609257569,0.013372323672207365,0.002084041319009813,-0.00601102998963547,0.0059880091397488035,0.013683244818685082,56,34
EOG,mixed,Energy,141.30999755859375,141.30999755859375,2026-02-24,2026-02-24,80.77692307692308,10.04338826759312,1.8980532649311168,-0.3868190680901449,25.210603534459317,1.3,0.0234974692454664,0.7778474636395885,0.4414870521461511,1.982453638508896,6.297860202409926,2.86148359608908,0.4092649310872894,0.7055645596974608,0.424062240583795,0.7362987295947441,0.1484866396757509,1.9154511075094545,2.102946661693398,0.1088438000733604,0.4313002754820936,48.805960784313726,4.106436363636363,0.009713088941682,0.1004980424292087,55.3251070136912,,0.09840651036606096,0.26917547654565954,0.0,0.0,0.0,0.0,0.031112641229646076,real_assets,2026-10-02,2026-10-02,False,False,False,False,True,False,False,False,False,False,False,,0.00591398474107158,Stacking,0.0033988368241932515,-0.024709396,0.016637461839076096,0.007394885889740341,0.0027896779954065054,-0.010976063820133707,0.005913984741071579,0.0001679889898281591,57,51
EQIX,mixed,Real Estate,1012.3300170898438,1012.3300170898438,2026-02-11,2026-02-11,283.76296296296294,30.809546273546275,5.314842610907036,-2.4208642506738545,89.35553574744661,2.7,0.0187199773947442,0.5094185094185094,0.1728091728091728,-2.973523421588595,32.86150712830957,6.505508236846493,-0.2552447552447552,0.2938607757513485,0.6467950474577115,1.8340632947160216,0.2513659784441977,1.316465450809145,2.43956043956044,0.0608355546697889,9.433070866141732,2.794701986754967,0.7014314928425358,0.0061273115515426,0.0314293417555752,143.8939600317144,,0.047852206903885364,0.1368235657782162,0.0,0.0,0.0,0.0,0.013646315459331315,real_assets,2026-10-02,2026-10-02,False,False,False,False,False,False,False,False,True,False,False,,0.005604844639083884,Stacking,-6.696872611992696e-05,0.05065997,0.01285521609646172,-0.02960752477782722,0.0034888890961826103,-0.0071796988639754155,0.005604844639083884,0.004986132508014994,58,43
PLD,mixed,Real Estate,128.17999267578125,128.17999267578125,2026-02-13,2026-02-13,85.67785234899328,53.17905102211024,2.252113727555816,0.2618572478857314,66.96001982640504,1.49,0.0263150849907858,0.4462119436483669,0.3783692722371967,1.2342571277854677,1.2208418454235903,0.0,1.0,0.1952135239563977,0.414996776476087,0.7702162108080852,0.2924701598089909,0.2273641010083134,1.670777022829494,0.0228182220993389,0.0,3.272594287644988,8.494945345225434,0.0078630710346653,0.050488661918766,55.52413678643117,,-0.10187785400938021,0.1786665993175287,0.0,0.0,0.0,0.0,-0.14654450383876239,real_assets,2026-10-02,2026-10-02,False,False,False,False,False,False,False,False,True,False,False,,0.005461358547556622,Stacking,-0.0005318072644095759,0.002577354,-0.022055137147933657,-0.0035594222793782844,0.0025244397488253067,-0.004963009443224078,0.005461358547556622,-0.0028251276671474213,59,57
COP,mixed,Energy,127.05999755859375,127.05999755859375,2026-02-17,2026-02-17,80.00854700854701,8.670074071986775,1.789218691364151,-1.3145289044234196,26.038635527351435,1.17,0.0223610960348597,0.1964232040877667,0.1508115419296663,1.0506460053140785,5.663752712816664,2.452589091941667,0.2999073645206114,0.3606749081189442,0.471153609591681,0.8909082450726503,0.2031870910120668,1.297360507851654,2.2893514536383965,0.1091365354808551,1.7198456095207462,6.9206896551724135,3.266412213740458,0.0089962549253764,0.0786221541460697,52.26037233094211,,0.0745940253602313,0.46517524860002024,0.0,0.0,0.0,0.0,-0.04169978678977376,real_assets,2026-10-02,2026-10-02,False,False,False,False,True,False,False,False,False,False,False,,0.005193419867899949,Stacking,-0.0018213427144349813,-0.004528636,-0.036172671522060135,-0.005744983785822451,0.0027803591646294694,-0.005313429073527784,0.00519341986789995,-0.006331412570164754,60,60
CVX,mixed,Energy,207.10000610351562,207.10000610351562,2026-02-24,2026-02-24,109.6474820143885,6.625552660798917,1.62705379286672,-1.1387357417426975,31.457358081288906,1.39,0.0148565299007776,0.3178849891890711,0.0878633673313386,2.704416292211602,3.2510269044958724,2.696377900854481,0.5007441860465116,0.3219816096085303,0.406886164709949,0.7070850093858944,0.1382167137999923,1.1547009315002843,2.533167358229599,0.1413126674320704,1.624973985431842,11.14404432132964,2.8936573051435786,0.0112208369610105,0.0662489760004854,93.36579561979464,,0.09229961025060995,0.502466672254176,0.0,0.0,0.0,0.0,-0.03331705781293404,real_assets,2026-10-02,2026-10-02,False,False,False,False,True,False,False,False,False,False,False,,0.00503486695594566,Stacking,-0.001422408151984997,0.016160341,0.02067621513034038,-0.011497523333460526,0.002439999416163568,-0.007293219860064858,0.00503486695594566,0.0033874277453551926,61,45
FCX,mixed,Basic Materials,69.27999877929688,69.27999877929688,2026-02-13,2026-02-13,181.3928571428571,13.010823717379727,3.8779813746759086,-1.1533041256157637,71.37420683610868,0.28,0.0214826181279432,0.1805432274099059,0.143973016154802,1.212058212058212,2.8094248094248093,0.7318087318087318,2.523809523809524,0.1151354045522512,0.4710746643285712,1.4498650722260438,0.143157378833693,2.291078252201362,3.3529761904761903,0.0968418519091581,1.5658073270013568,7.372727272727273,1.3829160530191458,0.0088552362622061,0.032517061421116,13.097020097020096,,0.014496980221069933,0.7255292348517279,0.0,0.0,0.0,0.0,-0.16688532849186205,real_assets,2026-10-02,2026-10-02,True,False,False,False,False,False,False,False,False,False,False,,0.0047406546715803195,Stacking,-0.01003648055614929,-0.042041935,-0.06161705544366352,-0.0694941872594986,0.00945382517405974,-0.006771231719270814,0.00474065467158032,-0.024530031521281092,62,70
XOM,mixed,Energy,163.82000732421875,163.82000732421875,2026-02-18,2026-02-18,80.22666666666667,6.511732280513249,2.0093318066510912,-1.3567422621371863,36.77612335359676,1.5,0.0250630334713515,0.1888579317582678,0.0750009370431914,1.2073424151466174,2.4661740937427847,1.7201570076194874,0.4124142282514393,0.1752937923406608,0.406151721680253,0.703021751366689,0.134800471242355,1.152799668187474,1.7961267447601097,0.1782685197558911,1.0658665922411388,-13.650862068965514,1.5592447916666667,0.0083769426170221,0.0779582570165721,61.20481359131666,,0.06224878306457504,0.5897138022728652,0.0,0.0,0.0,0.0,-0.08517966750364125,real_assets,2026-10-02,2026-10-02,False,False,False,False,True,False,False,False,False,False,False,,0.004393133830276064,Stacking,-0.0019376138027475593,-0.019383438,-0.01786235327229493,-0.006623583541988503,0.0018739619157678406,-0.011812033417828034,0.004393133830276064,-0.007139689685155194,63,61
CPT,mixed,Real Estate,96.62000274658203,96.62000274658203,2026-02-12,2026-02-12,76.44444444444444,30.371335486215244,2.720658591370177,0.4321895879505662,45.81197659430221,1.44,0.0357673758969293,0.6220156911313889,0.200438082468001,1.816380853451554,0.2337485276523126,0.009005666799603,0.9950664329446436,0.4321425434744423,0.5092050869463626,1.0555213118647169,0.3286554165571145,0.1012778851220797,37.49511472686394,0.0432151360573367,0.5954120933382241,2.298482936705889,10.042196073828457,0.0097300215548897,0.0665026181739843,40.164274469005775,,-0.1158491695956988,-0.1800050687721121,0.0,0.0,0.0,0.0,-0.07084790240267078,real_assets,2026-10-02,2026-10-02,False,False,False,False,False,False,False,False,True,False,False,,0.004329913105861631,Stacking,-0.002390329813635701,0.024954448,0.0009527120169705633,-0.0005971251303677088,0.0026248951309323846,-0.013383450263787707,0.004329913105861631,0.002295489420461729,64,47
FSLR,mixed,Energy,172.11000061035156,172.11000061035156,2026-02-24,2026-02-24,53.861855670103104,16.65832536240583,2.939017681183033,0.953008343504364,36.58231083475289,4.85,0.0546113841769437,0.3953815764608844,0.3256024844572856,9.972751577220922,26.608793297859453,1.6003037955809858,0.8617215806836821,0.5509480050148574,0.2840048763972913,0.3966575567836965,0.0177856067888401,2.674604787183544,1.3004095700287472,0.1263225613697151,2.507401885281252,48.48402796212724,2.9602912706793383,0.0,0.1748502702786998,88.57966882435431,,-0.13884718998122914,0.15008353231106963,0.0,0.0,0.0,0.0,-0.17636807305899654,real_assets,2026-10-02,2026-10-02,False,False,False,False,True,False,False,False,False,False,False,,0.0040514470126791595,Stacking,-0.03213730462254518,-0.06133802,-0.008215162881561487,0.022594009044204028,0.017781321338491418,0.02174523968036575,0.00405144701267916,-0.0048879211922695145,65,59
TRGP,mixed,Energy,279.30999755859375,279.30999755859375,2026-02-19,2026-02-19,72.92490118577075,9.781161385772409,12.929854297728086,1.2566682196100922,43.92677292677293,2.53,0.1776459467388115,0.4309949451362347,0.2262113179632597,2.5223255813953487,0.7725581395348837,4.48,0.3602125539687811,0.4244671252960415,0.8731799003901913,7.177613351152254,0.4305539799584042,0.666149768805684,2.7502373525023733,0.1608151191193731,1.2320341697811,4.247222222222222,1.2985442329227324,0.0054402218440789,0.0424837194939192,14.269302325581396,,0.16568589607526296,0.7204188331296197,0.0,0.0,0.0,0.0,-0.014418812207141973,real_assets,2026-10-02,2026-10-02,False,False,False,False,True,False,False,False,False,False,False,,0.0033295863643665385,Stacking,-0.004999297959690062,-0.012547044,0.01776411700044331,-0.0005288383346220005,0.0005421136458626844,-0.01230443048034391,0.003329586364366539,-0.001219807523888677,66,52
FANG,mixed,Energy,185.50999450683594,185.50999450683594,2026-02-25,2026-02-25,-29.418786692759294,12.705155980450236,1.1601375795196367,0.0298971518158854,-66.1381138452656,-3.7645,-0.0394352482960077,0.2428909952606635,0.2577014218009478,4.906719752701324,0.3715087812759574,3.305026233426678,0.597524541186513,0.5093478260869565,0.3953334552977103,0.7598182408308991,0.3377971438876828,0.4163043478260869,2.435786435786436,0.0475098157868813,2.1883561643835616,11.153846153846152,-0.3555291319857313,0.0066678158017721,-0.0024562152926099,129.57945906919525,,0.036600326926888194,0.3482810851576128,0.0,0.0,0.0,0.0,-0.05046994436251501,real_assets,2026-10-02,2026-10-02,False,False,False,False,True,False,False,False,False,False,False,,0.0032723492925220256,Stacking,-0.011878811392318875,-0.009429804,-0.05441686296760018,-0.06338349819456335,-0.008894012435049116,0.031263189650330314,0.003272349292522024,-0.015915862106542302,67,65
VICI,mixed,Real Estate,22.729999542236328,22.729999542236328,2026-02-25,2026-02-25,49.33333333333334,29.45225661913552,1.0733928009097176,-0.6254761903003844,35.93968087298353,0.57,0.021757962186718,0.991195254123523,0.6388028945699924,0.6518235840594061,0.5729620549872748,0.0002846136041274,0.999563548495254,1.3113556008644347,0.3959745414835423,0.6655809989625019,0.0,2.546815239930461,1.670777022829494,0.0216823550501744,0.0,3.991326700810424,4.018259060850454,0.0161117848822273,0.0327422288938442,26.19730631337181,,-0.2513175381345083,-0.28454518280653673,0.0,0.0,0.0,0.0,-0.18018124243287412,real_assets,2026-10-02,2026-10-02,False,False,False,False,False,False,False,False,True,False,False,,0.0009785646967797566,Stacking,-0.015370174448997704,-0.09095631,-0.028671677360621855,-0.0017097804143917374,0.007604635487234013,-0.031072736205210526,0.0009785646967797566,-0.02223771953518479,68,69
AMT,mixed,Real Estate,161.05999755859375,161.05999755859375,2026-02-24,2026-02-24,100.32571428571428,30.0830574884916,22.550968214507872,-6.521171426585674,68.03422423022324,1.75,0.2247775496235455,0.7069758948137327,0.4239225712198685,1.8081912307576709,3.1436053602751537,1.234591961399084,0.5942556917688266,0.3593274095703174,0.8361254241150554,14.465462012320328,0.4585964200691088,0.62798600448058,4.210364447178225,0.0433293664860485,0.0,3.3162857142857143,0.3983158673976912,0.0096664443671743,0.0256647569513448,7.785475032821399,,-0.1532071632040286,-0.2477698493363517,0.0,0.0,0.0,0.0,-0.09126470086994068,real_assets,2026-10-02,2026-10-02,False,False,False,False,False,False,False,False,True,False,False,,0.0007675276118235923,Stacking,-0.020568924835895352,-0.0885899,-0.051801224131690624,-0.06490083451168244,0.0010135592669038725,-0.0015709473993256572,0.0007675276118235923,-0.03157844735217488,69,71
WMB,mixed,Energy,69.22000122070312,69.22000122070312,2026-02-24,2026-02-24,100.18333333333334,22.96886178861789,5.735489966424611,1.8942605391202807,52.505068983137456,0.6,0.0573124072772702,0.4684177611006879,0.408692933083177,-0.3968903436988543,0.0515548281505728,1.6865793780687397,-0.307741116751269,0.2581067802161808,0.7439946733136428,3.402670414617006,0.3997172668438468,0.5312807075008189,1.534548944337812,0.0545985351612517,0.7643884892086331,3.522911051212938,0.7090231788079471,0.0083044696289209,0.0299004084629859,10.48036006546645,,-0.0923157458601741,0.12975356978461106,0.0,0.0,0.0,0.0,-0.12475413830632687,real_assets,2026-10-02,2026-10-02,False,False,False,False,True,False,False,False,False,False,False,,3.6861268311299406e-06,Stacking,-0.02045092285043911,-0.044317298,-0.0214184156997739,-0.0068921645527874375,0.0019071510369389876,-0.013193102765324176,3.6861268311299406e-06,-0.014666245435195974,70,63
SPG,mixed,Real Estate,200.80999755859375,200.80999755859375,2026-02-25,2026-02-25,19.797860962566848,33.68711810800341,11.587190209873992,0.0119595760516003,20.991697044642702,9.35,0.5854351196981415,0.9137419604769736,0.4971743748960346,3.012232453422817,2.524851388573637,0.7143715991141594,0.8083049368693104,0.1279329013024212,0.834868835913965,6.509087665995683,0.4710945427309431,0.1850352812140895,1.9178954197566156,0.0441176535776346,0.0790666403329509,3.270586464067096,0.6970600649059256,0.0118893555399679,0.1023500937566194,15.975400131281097,,-0.011567249662365886,0.23264377606404607,0.0,0.0,0.0,0.0,-0.0697281936783774,real_assets,2026-10-02,2026-10-02,False,False,False,False,False,False,False,False,True,False,False,,-0.0007349834264212428,Stacking,-0.02622977062618221,-0.028344218,-0.04077457310805874,-0.03261084444988189,0.006940556603806781,-0.020020923540598527,-0.0007349834264212419,-0.019951536802564764,71,68
ADM,mixed,Consumer Defensive,79.5199966430664,79.5199966430664,2026-02-17,2026-02-17,61.15957446808511,1.4995236042250486,1.2239985923547267,0.0466125670077972,19.797729061270378,0.94,0.0200589451458232,0.0653696917439103,0.017245095925846,-1.3822314049586777,2.163223140495868,0.7355371900826446,2.137380191693291,-0.15505345437888604,0.335612683574252,0.5116790568776668,0.3022444435180247,11.196741854636592,1.670777022829494,0.5353876338036296,0.0,2.2535211267605635,1.8691489361702127,0.0087690421187155,0.1390130674002751,46.96900826446281,,0.1423645545620802,0.6532223834317339,0.0,0.0,0.0,0.0,-0.02094104129585328,defensive,2026-10-02,2026-10-02,False,False,False,True,False,False,False,False,False,False,False,,0.03677807890274565,Stacking,0.021925943378323036,0.027283788,0.05404786428956102,0.03299557423873209,0.022274402663899892,0.08840289702814269,0.03677807890274565,0.04080580816583139,1,10
CL,mixed,Consumer Defensive,84.52999877929688,84.52999877929688,2026-02-23,2026-02-23,-745.3924195544553,12.158201529636711,91.74316280521498,4.089712805326246,392.80539677707253,-0.046,-0.6851851851851852,0.6015296367112811,0.2059273422562141,1.585684105877967,1.600596495588418,0.2199577482291537,0.8781830695113558,0.2533124128312413,0.9776484996938152,33.65114542510766,0.1256223835812488,0.9952928870292888,3.1223880597014926,0.320269442743417,0.0,16.828125,0.921875,0.0082249006776406,-0.002317569683683,0.0671057536970299,,-0.13124358911308454,-0.08049604286634537,0.0,0.0,0.0,0.0,-0.11111957839649819,defensive,2026-10-02,2026-10-02,False,False,False,True,False,False,False,False,False,False,False,,0.0299608122654065,Stacking,0.020455196824510354,0.01406641,0.04639008077201541,0.0027996671058796566,0.019066885001734358,0.06593191328418109,0.0299608122654065,0.028705140139021226,2,25
ZTS,mixed,Healthcare,69.0999984741211,69.0999984741211,2026-02-12,2026-02-12,91.17391304347828,23.09774780058651,16.551883518462922,-1.490363982089552,65.8049883843717,1.38,0.1810267187030921,0.6887306242144952,0.3460410557184751,1.6704701049748971,5.271565495207668,0.3674121405750798,0.8197088465845465,0.3995525727069351,0.7846382621064201,3.643350345241669,0.1685157144576579,3.0281879194630874,1.50125786163522,0.154328570504946,1.5256673511293637,14.491228070175438,7.172727272727273,0.0039902547821208,0.0596572181938035,7.594619243046056,,-0.29651158279188033,-0.4637989252113081,0.0,0.0,0.0,0.0,-0.1805618514890533,defensive,2026-10-02,2026-10-02,False,False,False,False,False,False,True,False,False,False,False,,0.028727449212456735,Stacking,0.09286011938358621,0.09140972,0.10956342969653206,0.10760266581353492,0.060369627887430874,0.05649372433321304,0.028727449212456735,0.07747883927759021,3,1
CAH,mixed,Healthcare,230.08999633789062,230.08999633789062,2026-02-05,2026-02-05,103.78787878787878,0.918021940466253,-17.96222222222222,5.4058280254777005,77.43705799151344,1.98,-0.1744444444444444,0.0337861585244724,0.0108036246389877,2.351694915254237,11.766949152542374,0.5550847457627118,0.8090379008746356,0.0158378353419217,1.0464852022106297,-22.51222222222222,0.1861313868613138,0.9057117791014452,4.790001463914507,0.8272078788040532,1.6214483536773003,8.034090909090908,0.7135416666666666,0.0025155676522743,0.010463451952026,-11.39240506329114,,0.0009135041669159349,0.48206116803794274,0.0,0.0,0.0,0.0,-0.11960178784256975,defensive,2026-10-02,2026-10-02,False,False,False,False,False,False,True,False,False,False,False,,0.02756962871049243,Stacking,0.04439117757555703,0.035084054,0.06709440161856996,0.08641827215799842,0.05094189856321308,0.060195196169789786,0.027569628710492428,0.05311464313153003,4,5
INCY,mixed,Healthcare,117.13999938964844,117.13999938964844,2026-02-10,2026-02-10,64.98026315789474,12.941859971397,3.773842398554962,-0.5438417410214345,39.7410370683104,1.52,0.0579158730816077,0.9088440340183233,0.2547564929139554,2.6409104491974817,18.1350580679798,0.1108027208127997,0.9597331865761336,0.3585742853937182,0.2591807987757354,0.348985133560317,0.0012676624872979,3.31573486803461,1.4709339173501683,0.2165623522827697,0.654274119025617,367.2,29.99935155164428,0.0,0.1792535432215077,25.23601574480138,,0.170931621247985,0.7935997456690926,0.0,0.0,0.0,0.0,-0.02746831516928816,defensive,2026-10-02,2026-10-02,False,False,False,False,False,False,True,False,False,False,False,,0.026950968955677196,Stacking,0.012168359893797458,-0.0057279584,-0.0007416059046412614,0.014328611208556418,0.01345105864724394,0.05661781928106108,0.026950968955677196,0.017341486763060316,5,53
DVA,mixed,Healthcare,176.35000610351562,176.35000610351562,2026-02-11,2026-02-11,45.26294820717132,2.7023195011198173,-15.023946292479287,0.5195631028063721,33.54269667304804,2.51,-0.3597350256956881,0.2827699530386732,0.15227553444443,4.591126596980256,9.083042973286876,1.689082462253194,0.7310467778505195,0.1721161663007212,0.9337281937068678,-25.06852439477669,1.2726512783253752,1.2916854732282628,1.2232973453223528,0.2070804159449175,3.729408114366485,4.671228813559322,2.821228779802906,0.0,0.025789035616158,-7.390261066969353,,0.14527864724974426,0.3120304002939933,0.0,0.0,0.0,0.0,0.06727104717624593,defensive,2026-10-02,2026-10-02,False,False,False,False,False,False,True,False,False,False,False,,0.026053976300083055,Stacking,0.017667111067300904,0.05113134,0.02847522698027222,0.029690591717630024,0.03239474323197879,0.05660311007641961,0.026053976300083055,0.03435474266733637,6,17
NRG,mixed,Utilities,96.93000030517578,96.93000030517578,2026-02-24,2026-02-24,612.4615384615385,3.911686567571613,18.03424800635336,-1.826868081015496,34.96578934655656,0.26,0.0392623438429506,0.3278709677419354,0.0323870967741935,-0.9192305859301296,36.38577296421718,1.5653183691838777,-1.4227642276422765,0.0153194669323701,0.9423129718599864,16.33491969066032,0.5477713105090513,1.637439282600573,1.906519065190652,0.2659574468085106,1.8380381086803104,0.9028776978417268,3.688953488372093,0.0028038396599584,0.0360901708001019,8.829866371134559,,-0.29651158279188033,-0.3884156709875969,0.0,0.0,0.0,0.0,-0.19940766504498111,defensive,2026-10-02,2026-10-02,False,False,False,False,False,False,False,False,False,False,True,,0.025987115103066026,Stacking,0.03382524205387006,0.07684214,-0.004243882627322422,0.07276700083393944,0.04335933439073583,0.055537257616227756,0.025987115103066026,0.04302888714423756,7,9
CLX,mixed,Consumer Defensive,80.6500015258789,80.6500015258789,2026-02-03,2026-02-03,78.16279069767441,7.32882824865511,-79.28366670979464,0.1982915574990047,51.17828744966443,1.29,-0.9137134052388288,0.4315600717274357,0.1440526001195457,2.212134668837684,1.8667456127366329,0.345389056101051,0.864951768488746,0.1325095867064337,0.993764475325138,-37.16734238043149,0.2623738667812114,0.7362590541116318,2.493293591654248,0.2980580794584001,0.0,8.607142857142858,0.583732057416268,0.0123153415865598,0.0380064539261384,-1.025304515441086,,-0.29651158279188033,-0.3809962274473949,0.0,0.0,0.0,0.0,-0.2012625259300316,defensive,2026-10-02,2026-10-02,False,False,False,True,False,False,False,False,False,False,False,,0.025770057302327277,Stacking,0.038199177157158745,0.052528325,0.05830556961020918,0.049954040709704925,0.037153753403523566,0.052686283246761556,0.025770057302327273,0.044677672576280116,8,7
SYK,mixed,Healthcare,272.9599914550781,272.9599914550781,2026-02-11,2026-02-11,159.03619909502265,18.7473539255334,5.996310214094559,-20.54187414353298,84.76387106184364,2.21,0.0378679750223015,0.6522102914516804,0.2734625575233579,4.901960784313726,10.718954248366012,0.7006535947712418,0.8749416705552963,0.2749550936617911,0.5313936961792493,1.1339875111507582,0.1105273816357851,1.8931229150628688,1.7754394652141618,0.149882952930357,0.0,5.146981627296588,2.251968503937008,0.0023877306349745,0.0333936438011327,58.00776196636481,,-0.2947134735799748,-0.283306224189786,0.0,0.0,0.0,0.0,-0.2238869175325283,defensive,2026-10-02,2026-10-02,False,False,False,False,False,False,True,False,False,False,False,,0.024633173700160917,Stacking,0.02184211907602426,0.08673642,0.04592593952502493,0.02028720838251493,0.02278886913964235,0.0491800824134767,0.024633173700160917,0.037980621042530006,9,11
PCG,mixed,Utilities,12.170000076293945,12.170000076293945,2026-02-12,2026-02-11,55.41379310344828,5.228638325280717,1.0932899559068838,-0.6139455415637921,34.59103026436893,0.29,0.0205900430239704,0.1798941798941798,0.1798941798941798,-0.5402492212931969,0.3220716511555597,1.4256074769241884,-0.610204081632653,0.1202453987730061,0.7684360678195903,3.344161032575292,1.711366936666804,0.9711656441717792,0.5791131160098731,0.0480471149840054,1.664181330152103,1.6721311475409837,0.6859035004730369,0.0022206196803159,0.0183975224914766,14.77747502270663,,-0.29651158279188033,-0.2690690644868501,0.0,0.0,0.0,0.0,-0.2292443166701678,defensive,2026-10-02,2026-10-02,False,False,False,False,False,False,False,False,False,False,True,,0.024610000540570057,Stacking,0.02997709964011833,0.043867245,0.03801068066169436,0.04534574794056757,0.023160247581270582,0.0476010116792962,0.024610000540570057,0.03591545954307633,10,14
MCK,mixed,Healthcare,898.8200073242188,898.8200073242188,2026-02-04,2026-02-04,85.18068535825545,0.9519746792516814,-77.85803389830508,2.803803459478221,57.90815409658166,9.63,-0.9137134052388288,0.034712409804254,0.015250852502873,9.123376623376624,24.017857142857142,0.8766233766233766,0.9123376623376624,0.0180828110551731,1.0011759116284595,-37.16734238043149,0.0648824227985256,0.876209067825219,3.762733491652784,0.8272078788040532,1.688660745183989,25.6984126984127,1.2242677824267785,0.0009994089831708,0.0163010594502248,-10.49312853678254,,-0.09297138369825042,0.24533426716206264,0.0,0.0,0.0,0.0,-0.15430495048876608,defensive,2026-10-02,2026-10-02,False,False,False,False,False,False,True,False,False,False,False,,0.023714853733758513,Stacking,0.03374649462226405,0.053047936,0.015834545990448055,0.0360402759947462,0.052219687626266484,0.05004334397940975,0.023714853733758513,0.03764201724582426,11,12
MDT,mixed,Healthcare,86.44000244140625,86.44000244140625,2026-02-24,2026-02-24,97.35955056179776,14.342231980483476,2.640364356435643,-1.6816361106250604,62.75592289156626,0.89,0.0233336735735429,0.6488134841428255,0.1966067864271457,1.7939318305904377,6.5384915373215815,0.3463068403400671,0.8381924198250729,0.2889942074776198,0.4622506421817784,0.8633050933959375,0.2170355670814406,2.535123749341759,37.49511472686394,0.0985735366453516,1.2323861424678864,9.795580110497236,6.010752688172043,0.0070435467782121,0.0484286693939322,38.02592765098587,,0.1886352126544688,-0.07382403898632539,0.0,0.0,0.0,0.0,0.20709122240105016,defensive,2026-10-02,2026-10-02,False,False,False,False,False,False,True,False,False,False,False,,0.02289723789205183,Stacking,0.007600221365140419,-0.035883114,-0.011067824971145718,-0.029181782396742705,0.005907334963477815,0.04279571448312691,0.02289723789205183,0.0013996392210583694,12,94
RMD,mixed,Healthcare,221.14999389648438,221.14999389648438,2026-01-30,2026-01-29,89.54275092936804,24.79653659523984,5.581614620371628,1.7248448821043678,61.55348737522642,2.69,0.0621105070987753,0.6217704707873445,0.3497274403854912,2.124679119558687,9.738332240974383,0.1948427003113223,0.9159987637787164,0.272206705477224,0.2566618881690435,0.3452828317074255,0.0240278890255369,3.0596572107996547,1.4435459815712526,0.1673228378866261,2.1491018585816635,62.59844005535288,1.5552762974860053,0.0024824896781047,0.2084420966684398,42.98835667213015,,-0.14079803451383355,-0.09375898907312885,0.0,0.0,0.0,0.0,-0.11735828724555133,defensive,2026-10-02,2026-10-02,False,False,False,False,False,False,True,False,False,False,False,,0.022628368100151293,Stacking,0.01754146879469505,0.049664192,0.04484627753781485,0.04561652847872735,0.017378120176396773,0.042389940032240586,0.022628368100151293,0.0339214904860481,13,19
CEG,mixed,Utilities,258.9200134277344,258.9200134277344,2026-02-24,2026-02-24,255.9927536231884,20.25155860805861,7.616829234690363,-1.1952718258647796,89.0219139123751,1.38,0.0297582145071295,1.0,0.0265567765567765,-0.5782747603833865,11.97444089456869,3.150159744408945,-0.2248447204968944,0.1013343403826787,0.7405544201645443,2.9204381070469103,0.0813214665971985,1.52555387713998,1.279887482419128,0.0953728449405229,0.0,1.2831858407079646,0.5590296495956874,0.0010942946461589,0.021888857439381,46.23248407643312,,-0.20858291530830675,-0.1739143878131182,0.0,0.0,0.0,0.0,-0.1651043183550272,defensive,2026-10-02,2026-10-02,False,False,False,False,False,False,False,False,False,False,True,,0.022432848857657027,Stacking,0.019415771037226956,0.0048106546,0.006694542425645788,0.03412717265057019,0.01791453394269243,0.041504237951957984,0.022432848857657027,0.021354462792619912,14,46
PODD,mixed,Healthcare,130.7899932861328,130.7899932861328,2026-02-18,2026-02-18,196.02758620689656,25.517049451390665,13.199751425554384,2.9059250288713896,114.95174313171285,1.45,0.0670538542766631,0.725440163306966,0.1866547588670579,0.6850093797964868,10.17707918822125,1.9200159172304017,0.2629569012547736,0.2695191883546537,0.5250752256770311,1.105596620908131,0.0500943403577261,2.7770916041758564,1.5163474559876184,0.2456745235707121,2.869333333333333,7.464285714285714,3.311004784688995,0.0,0.0789159503342884,21.44140829524389,,-0.29651158279188033,-0.4637989252113081,0.0,0.0,0.0,0.0,-0.1805618514890533,defensive,2026-10-02,2026-10-02,False,False,False,False,False,False,True,False,False,False,False,,0.022313521433961182,Stacking,0.06726832706852995,0.081521995,0.13433417732720904,0.11913489000331866,0.062277804701019665,0.04108868222207013,0.022313521433961182,0.07455236744416951,15,2
HCA,mixed,Healthcare,423.3900146484375,423.3900146484375,2026-02-10,2026-02-10,57.353808353808354,5.51987242351253,-17.871125037332007,0.9273851229225892,37.75385574007221,8.14,-0.3115978098556495,0.4190027161379593,0.1628657817865013,3.7709678817563175,4.507823674743184,6.453989857396732,0.3688003391267486,0.1442813455657492,1.0456357048748353,-10.534428405508544,0.4488471580086998,0.8292966360856269,1.7956197662648383,0.3213603425559947,2.433354797166774,5.555944055944056,0.4984960350013672,0.0015040488074756,0.0439274857853869,-26.123705084304973,,-0.20552800673940264,0.10788678733629231,0.0,0.0,0.0,0.0,-0.2324997035734757,defensive,2026-10-02,2026-10-02,False,False,False,False,False,False,True,False,False,False,False,,0.022244624920698317,Stacking,0.005007690539567874,0.09824041,0.022899813414259142,0.025900249064726096,0.038937432668073216,0.04809083063190249,0.02224462492069832,0.03636491087576285,16,13
FE,mixed,Utilities,43.38999938964844,43.38999938964844,2026-02-18,2026-02-18,-527.9481132075472,6.803342112193837,2.0649312549960035,1.185677349064626,64.39425609756097,-0.0848,-0.0039168665067945,0.2567816697392678,0.1588095865156702,-0.0519930675909878,0.1715771230502599,2.020797227036395,-0.0264084507042253,0.2155188768734585,0.7508943903835146,3.355555555555556,1.0388548595575535,0.5651678998292544,1.8787728847105396,0.0679200057240984,1.4095904095904097,1.8785046728971964,0.5766270118964311,0.0099487888994742,0.007456286626328,21.643598615916957,,-0.14888192644863785,0.04554215396743233,0.0,0.0,0.0,0.0,-0.16026746494049593,defensive,2026-10-02,2026-10-02,False,False,False,False,False,False,False,False,False,False,True,,0.0218433728016209,Stacking,0.01852160703157076,0.01977075,0.029610303666292123,0.02935510312085574,0.019214317803057747,0.04004005675676532,0.0218433728016209,0.025559748378841746,17,35
GEHC,mixed,Healthcare,63.97999954223633,63.97999954223633,2026-02-04,2026-02-04,200.0487804878049,8.011106767817715,3.607660953153483,-0.8746909508992277,49.63573761015029,0.41,0.0177281048270546,0.5430038510911425,0.1420624732563115,2.0086666672405715,9.883428574252408,0.2935238096076735,0.8725023786869648,0.115431081823174,0.7128109250528369,2.534637248289816,0.2671462245744174,1.1752883031301482,1.181795195954488,0.1266460738091367,0.6566153846153846,6.446601941747573,1.327332242225859,0.0004273057675887,0.0278252936480784,22.549613075775632,,-0.2018463130958541,-0.08795438998950356,0.0,0.0,0.0,0.0,-0.1798577155984782,defensive,2026-10-02,2026-10-02,False,False,False,False,False,False,True,False,False,False,False,,0.021843029392954315,Stacking,0.014002343628487174,0.018518828,0.019483066250373177,0.017268710750993444,0.018732206380913698,0.040816806349882995,0.021843029392954315,0.02164264999426036,18,45
PEG,mixed,Utilities,67.88999938964844,67.88999938964844,2026-02-26,2026-02-26,127.46031746031746,13.746037735849056,2.35953951242492,-0.6411562339989759,72.09271300448431,0.63,0.0185490519373454,1.0,0.1753001715265866,-0.8176352705410822,0.2705410821643286,2.262525050100201,-0.565880721220527,0.1256097560975609,0.7050507155759345,2.3904133788717465,0.6050457078540643,0.8006968641114982,1.0897196261682245,0.0506287341948033,0.0,1.942965779467681,0.330749354005168,0.0078613016818194,0.0155934374538109,33.89620758483034,,-0.19656805456037352,-0.17106227851467115,0.0,0.0,0.0,0.0,-0.15380248493170573,defensive,2026-10-02,2026-10-02,False,False,False,False,False,False,False,False,False,False,True,,0.021239429301820108,Stacking,0.027341273486403233,0.09538546,0.062422461675066265,0.05630565638845851,0.017841925576336813,0.03608174735331929,0.021239429301820108,0.04417799878899269,19,8
DXCM,mixed,Healthcare,86.2300033569336,86.2300033569336,2026-02-12,2026-02-12,96.18840579710148,20.375737535725627,9.346423525127458,-4.38076451318743,67.3294152498712,0.69,0.0973415877640204,0.6293267704033026,0.2564306128929819,0.4967675200413757,5.168606154641841,0.2635117662270494,0.6534013605442177,0.137222870478413,0.5668701399075695,1.30877640203933,0.0483493672521541,1.882520420070012,0.97650980696178,0.1986782125901039,1.356084809758931,0.0,0.0,0.0,0.0925178775146776,6.883930809726748,,0.16874496282100293,0.008420107086113848,0.0,0.0,0.0,0.0,0.16663993604947447,defensive,2026-10-02,2026-10-02,False,False,False,False,False,False,True,False,False,False,False,,0.02064473033428143,Stacking,0.007607940214197099,0.011176327,-0.007865694314611803,0.020779630011095285,0.01304850388288195,0.03698956919658565,0.02064473033428143,0.014865209753190087,20,61
NI,mixed,Utilities,39.5,39.5,2026-02-11,2026-02-11,77.33333333333333,10.37800409900678,2.0897455055597027,0.1126517592296809,43.165186612087645,0.54,0.027280134604637,0.5812181407325661,0.2709023070050975,-0.2827236181010784,0.2869528441530979,1.7895961069993656,-0.1876227883805781,0.2061086365476948,0.6810051433574086,2.634056782746644,0.8094922986804335,0.6875686932376931,1.506054610209735,0.0520600787918581,0.6375710056804544,2.752269087026161,0.8154718169413246,0.0067853928114535,0.0230273861988341,19.915911483667017,,-0.16046758767268854,-0.0022733013387219447,0.0,0.0,0.0,0.0,-0.15989926233800805,defensive,2026-10-02,2026-10-02,False,False,False,False,False,False,False,False,False,False,True,,0.019888147807063876,Stacking,0.01637799986898051,0.041019827,0.03021291802107626,0.02903799383531127,0.016278373748932796,0.03350855350616856,0.019888147807063876,0.026346387491474003,21,33
ALGN,mixed,Healthcare,145.35000610351562,145.35000610351562,2026-02-27,2026-02-27,82.61904761904762,10.685255188657514,2.764398674585042,0.1448451717259392,36.71922633727129,1.89,0.0335280492409882,0.6569030353906866,0.1523472142933415,4.041431839741086,15.27409184755315,0.9280871603147146,1.298099714576323,0.1162371127308901,0.3504417044599405,0.5395077037213023,0.0028533634552172,1.3627820615984771,0.9049608829139512,0.1680482178060421,2.959365994236311,0.0,7.443439055699928,0.0,0.1088262732851585,56.428599300416685,,-0.2310337207516897,-0.18575986721463433,0.0,0.0,0.0,0.0,-0.18459375394803113,defensive,2026-10-02,2026-10-02,False,False,False,False,False,False,True,False,False,False,False,,0.019859865140309234,Stacking,0.02201526702297081,0.009942763,0.010704156057951837,0.024839610545960344,0.01860095527290889,0.032806469831802534,0.019859865140309234,0.020065710533999446,22,49
CNP,mixed,Utilities,37.209999084472656,37.209999084472656,2026-02-19,2026-02-19,95.85,9.994419161676648,2.2447789832332106,-2.133751704545456,50.310258531540846,0.4,0.0236707612301622,0.2758483033932136,0.2163672654690618,-1.0826952526799387,0.8560490045941807,2.2679938744257275,-0.91343669250646,0.1236421725239616,0.7688353680021556,3.3259212767865147,0.9428814963400732,0.910702875399361,1.7371705963938973,0.0519203266524343,1.3953846153846154,2.336206896551724,0.280248833592535,0.0057117704810908,0.0180352617674017,17.0015243902439,,-0.14143979961992037,-0.006408569172959844,0.0,0.0,0.0,0.0,-0.1398376573266804,defensive,2026-10-02,2026-10-02,False,False,False,False,False,False,False,False,False,False,True,,0.019641103442020136,Stacking,0.016990530090023735,0.039835416,0.046017754243028446,0.02284276342490904,0.018488292594232923,0.033051109385896144,0.019641103442020136,0.02782305661062351,23,26
BSX,mixed,Healthcare,43.22999954223633,43.22999954223633,2026-02-17,2026-02-17,211.88888888888889,26.745260121074537,5.834005075723186,-4.4973476141467055,158.7326830543933,0.45,0.0275657161721619,0.7447975785092698,0.228149829738933,0.6832130572604033,1.379240574627369,0.2367302893370203,0.7426686217008798,0.2507813936385365,0.439653790671582,0.7923492757809598,0.0837981447202518,1.616841331127045,1.806561859193438,0.1210358802921713,1.1783216783216783,13.4,1.931106471816284,0.0,0.0347898546950679,16.200695280117664,,-0.29651158279188033,-0.4637989252113081,0.0,0.0,0.0,0.0,-0.1805618514890533,defensive,2026-10-02,2026-10-02,False,False,False,False,False,False,True,False,False,False,False,,0.019459081357430356,Stacking,0.05055539601493928,0.048908845,0.1001148721371502,0.11041200788730876,0.0525359744283346,0.03305369891369975,0.019459081357430356,0.058830313158572324,24,3
CMS,mixed,Utilities,63.63999938964844,63.63999938964844,2026-02-10,2026-02-10,74.39361702127661,9.412727442884014,2.298624276023622,8.363810877838803,58.83476104784432,0.94,0.0316054243219597,1.0,0.1948051948051948,-1.9829217734831803,2.0461357226378456,3.573251652216335,-1.2468619246861925,0.1347237880496054,0.7595572942458156,3.3548775153105863,0.8937313515548515,0.9785794813979708,1.687830687830688,0.0552886996137466,0.0,2.175,0.5306298533218292,0.0079453359440862,0.0150601427779769,30.42254479317148,,-0.1849385324071665,-0.09370550570138936,0.0,0.0,0.0,0.0,-0.16151215598181917,defensive,2026-10-02,2026-10-02,False,False,False,False,False,False,False,False,False,False,True,,0.01922143863096813,Stacking,0.017849899745610194,0.076496795,0.03910430417111765,0.03984370671038201,0.017719587248875818,0.03136370274956843,0.01922143863096813,0.0337176324497027,25,20
ZBH,mixed,Healthcare,88.05999755859375,88.05999755859375,2026-02-20,2026-02-19,126.64788732394366,7.90276495231304,1.3956007492641156,-0.808271079943899,54.32787838730998,0.71,0.0109792378283933,0.6468490952847847,0.1282645512077725,3.390973630831643,3.0015212981744424,0.7677484787018256,1.2926734995025584,0.2002167430429229,0.449767665438231,0.8174140943506115,0.4240359246533317,1.981615512636916,1.3164750058671673,0.0971691127114937,0.0,4.00278164116829,0.7493171471927162,0.0026787390008156,0.0407764372851654,64.13831398283695,,-0.11488594272194441,-0.033476044796468596,0.0,0.0,0.0,0.0,-0.10651693152282726,defensive,2026-10-02,2026-10-02,False,False,False,False,False,False,True,False,False,False,False,,0.018988791406464135,Stacking,0.018593968348668596,0.0597144,0.04949832685127116,0.03429133288181882,0.016503817591834044,0.03021114218412474,0.018988791406464135,0.031940136255223066,26,21
ABBV,mixed,Healthcare,259.92999267578125,259.92999267578125,2026-02-20,2026-02-20,224.00980392156865,24.47958647731376,-79.28366670979464,0.0605349634068704,29.341187313069096,1.02,-0.5553516819571865,0.8401733060536767,0.3495607172944999,2.746024471015372,2.9527205244687686,0.1847907651798031,0.9369490226140283,0.12053870498279,1.0240967452971037,-37.16734238043149,0.1675582687895185,0.6713483794959458,1.320041305901978,0.1240519558077038,0.0771599558421939,8.868702290076335,1.6482806731813249,0.0071558194393774,0.1058887439134618,-1.8432919954904168,,0.10957906887979707,0.39007429635692414,0.0,0.0,0.0,0.0,0.012060494790566034,defensive,2026-10-02,2026-10-02,False,False,False,False,False,False,True,False,False,False,False,,0.01833238588035597,Stacking,0.007582869189783256,-0.034244135,0.010856669465726852,-0.016210268486790337,0.016786150191341793,0.030284389906454642,0.01833238588035597,0.005542470205348595,27,88
PPL,mixed,Utilities,32.7599983215332,32.7599983215332,2026-02-20,2026-02-20,97.2777777777778,11.397870386983293,1.7417349143202745,-1.4963836763963476,48.82072625414364,0.36,0.017875142799543,0.2581354441512752,0.2102022867194371,-0.8296030471022668,1.4673435002492865,1.5700305223661792,-1.1204379562043796,0.1205455345358557,0.6710945097692512,2.0403870707613736,0.7465635719295284,0.8647162340519138,1.2753785754346607,0.0502608080629475,1.0821039127645926,2.287081339712919,0.5372848948374761,0.0077550014448493,0.02088067713994,19.97066334918264,,-0.15414411769860037,-0.05645166124616352,0.0,0.0,0.0,0.0,-0.1400312023870595,defensive,2026-10-02,2026-10-02,False,False,False,False,False,False,False,False,False,False,True,,0.01825555842813239,Stacking,0.01564775154616067,0.014943316,0.027341776424477,0.03387383015553159,0.015897204437988244,0.02828163304735419,0.01825555842813239,0.02208114482598672,28,42
DG,mixed,Consumer Defensive,118.93000030517578,118.93000030517578,2026-03-20,2026-03-20,61.201030927835056,2.8942060705863506,3.7099871874428016,0.3591639970144797,52.65511832149453,1.94,0.0500824604245178,0.3044946556305478,0.0555645422415841,5.779122685900115,5.170961793506895,2.4855294951219955,0.6992578222675302,0.2614006192955603,0.7250989464124639,2.6376724896093284,0.1935691042808388,1.1345567928218605,37.49511472686394,0.352386582624251,1.8730415105963285,11.592053689222004,0.4736588687655195,0.0041142496379609,0.031029226740629,38.46154054701303,,0.08738806858691106,0.07667934370066809,0.0,0.0,0.0,0.0,0.06821823266174404,defensive,2026-10-02,2026-10-02,False,False,False,True,False,False,False,False,False,False,False,,0.01823854291830327,Stacking,0.013242370328455717,0.009834139,0.008906053450561464,0.008164035822636594,0.010859763596001232,0.027641027162620124,0.01823854291830327,0.014012497771231456,29,62
WMT,mixed,Consumer Defensive,104.26000213623047,104.26000213623047,2026-03-13,2026-03-13,234.49056603773585,4.981038834340382,9.53316140819338,-1.7977588402761389,96.54826679462572,0.53,0.0425329010108716,0.2467323346760657,0.0456738838536421,0.7650232091331075,1.3457533559151926,1.005520010036382,0.4320838942818678,0.1313215904121188,0.6270040889738221,1.7917423732896995,0.0497533372138598,0.7897533242144247,17.065520945220193,0.6697486194444054,2.277398074879878,12.282087447108603,0.6631168441577922,0.0019764865700949,0.0446976827573842,12.43813210138594,,-0.08804885391788086,0.06550845310404174,0.0,0.0,0.0,0.0,-0.1044259671938913,defensive,2026-10-02,2026-10-02,False,False,False,True,False,False,False,False,False,False,False,,0.018089411638047944,Stacking,0.01695372592261801,0.034767512,0.024287567463166192,0.04875001211924056,0.019444878239300033,0.028231131371973188,0.018089411638047944,0.02700305200913312,30,30
PEP,mixed,Consumer Defensive,125.5999984741211,125.5999984741211,2026-02-03,2026-02-02,77.16129032258064,6.699933381044883,9.634232343428405,-9.191256788385846,50.42238053962184,1.86,0.1244731941585808,0.5323245748560134,0.121221415669836,3.439524916992116,6.969736861351237,1.4012608422191992,0.7105302915848315,0.2020205103162007,0.8086853695099582,4.256199157110654,0.2501676721584061,0.8530399218654621,2.5502346601772987,0.2732148344025549,1.1725051264524948,10.68168168168168,0.5924381428968585,0.0098984646826127,0.0450651683323354,14.88402625820569,,-0.24916308898779838,-0.040562229973866826,0.0,0.0,0.0,0.0,-0.23902253149433167,defensive,2026-10-02,2026-10-02,False,False,False,True,False,False,False,False,False,False,False,,0.01795713683809716,Stacking,0.014842172251568647,0.027383773,0.018049133078434795,0.04168052919645141,0.015109267765673793,0.027306711966547145,0.01795713683809716,0.023080122969834322,31,37
VRTX,mixed,Healthcare,506.739990234375,506.739990234375,2026-02-13,2026-02-13,96.66524520255864,35.669208887236216,6.166791886766172,2.276412844149666,84.15426967122275,4.69,0.0638118912663802,0.8555979052399988,0.4029624120727588,1.3729814887751084,26.038204017329655,0.588420638046475,0.7,0.1289754480472392,0.286006089630797,0.4005721694221517,0.0167607660360733,2.9009116336890086,1.572047934528449,0.1234412534235047,1.0093134069742258,367.2,14.095238095238097,0.0,0.1664036378226561,72.88481062085123,,0.042610518351490656,0.13764225632394544,0.0,0.0,0.0,0.0,0.008199954270504295,defensive,2026-10-02,2026-10-02,False,False,False,False,False,False,True,False,False,False,False,,0.017727209031814344,Stacking,0.007301776380100076,0.0036254206,0.0011703112629515486,0.02111266643956069,0.01252547363467279,0.0274876579875065,0.017727209031814344,0.013233737269965927,32,68
EXC,mixed,Utilities,40.470001220703125,40.470001220703125,2026-02-12,2026-02-12,75.15517241379311,8.142921286031042,1.5302968956177514,-0.5564329545454546,48.68306770833333,0.58,0.0206264323911382,0.019323034352334116,0.2182187730968219,-1.1770524233432245,1.1384767556874382,2.407517309594461,-0.9565916398713826,0.1204142870970864,0.7529553058248263,3.0478505451767486,1.13827049053665,0.9240151001839124,1.0649350649350648,0.0464270395470532,1.7688793335124966,2.1551094890510947,0.5433596118859915,0.0091900314707522,0.0172948092785854,28.456521739130437,,-0.17693713197675165,-0.07581636856124396,0.0,0.0,0.0,0.0,-0.15798303983644066,defensive,2026-10-02,2026-10-02,False,False,False,False,False,False,False,False,False,False,True,,0.017634686663732777,Stacking,0.029837507576528907,0.06792259,0.034636653618249795,0.053958732438078846,0.022970683693633916,0.024990126304001548,0.017634686663732774,0.03533629256828097,33,15
KR,mixed,Consumer Defensive,59.47999954223633,59.47999954223633,2026-03-31,2026-03-31,52.817518248175176,1.1384492440604752,6.669925763455374,-0.0683981658495472,30.93427337398374,1.37,0.1452674202800742,0.2131317494600432,0.0358819294456443,2.863275039745628,7.278219395866454,1.5039745627980925,0.6556243174372042,0.1518938346696157,0.8811397448989808,7.424498059726675,0.4608595679773554,0.8020458943876141,15.84169708029197,0.6953204781642338,2.6052631578947367,8.36241610738255,0.6606247589664481,0.0057167935870729,0.0359731848653562,9.393026941362915,,-0.026526107451578906,-0.1334498901189346,0.0,0.0,0.0,0.0,0.006836365078154744,defensive,2026-10-02,2026-10-02,False,False,False,True,False,False,False,False,False,False,False,,0.017329066564048794,Stacking,0.01438316833757746,0.025104549,3.955319411144918e-06,0.017137120740283437,0.01660984909084614,0.02567486822286023,0.017329066564048794,0.016586451945298564,34,54
BF.B,mixed,Consumer Defensive,25.969999313354492,25.969999313354492,2026-03-04,2026-03-04,46.38596491228071,12.149730959548448,3.1639304287114163,0.5683639592415735,41.57537877384196,0.57,0.0654091131798138,0.6086547507055503,0.3226716839134524,0.830731997804494,0.851924140605629,0.0529803570028376,0.9400479616306956,0.2725490196078431,0.5083112503011322,1.0338069573738364,0.2125408549109087,2.7673202614379084,1.081383519837233,0.1280414357986027,0.5098039215686274,13.192307692307692,0.4677419354838709,0.0082848347815909,0.0689573459715639,8.637197502364543,,0.05005097471396702,-0.10878519858083424,0.0,0.0,0.0,0.0,0.07724727435917558,defensive,2026-10-02,2026-10-02,False,False,False,True,False,False,False,False,False,False,False,,0.016877585140086547,Stacking,0.008883396257721596,-0.040094953,-0.024048338070491355,-0.012174880663635111,0.00920685336234249,0.023733767529159247,0.016877585140086547,-0.0016007204012704933,35,99
DTE,mixed,Utilities,123.2699966430664,123.2699966430664,2026-02-17,2026-02-17,71.65555555555555,6.296900943396225,2.170109729334309,-1.6474736436950146,49.508280373831774,1.8,0.0302365276761765,0.1672169811320754,0.1365566037735849,-1.458937198067633,1.207729468599034,6.505508236846493,-0.2846371347785108,0.196154557219449,0.7723523101394592,3.394131512639193,0.9841618705817404,0.8038454427805509,1.9730107026523964,0.0784226685902415,2.014261266400456,2.075268817204301,0.3762259709690074,0.0086146000241208,0.020666698596676,59.43478260869565,,-0.16512023946450116,-0.09346965257341955,0.0,0.0,0.0,0.0,-0.14175282632114627,defensive,2026-10-02,2026-10-02,False,False,False,False,False,False,False,False,False,False,True,,0.01664240243772515,Stacking,0.011638652939970127,0.007478143,-0.00029466449698375383,0.013440518499150915,0.01584420673110285,0.02382376854766978,0.01664240243772515,0.01284822849374182,36,69
ABT,mixed,Healthcare,96.69000244140625,96.69000244140625,2026-02-20,2026-02-20,122.83333333333334,19.101285452482763,4.198765202378669,3.6202972304335534,79.88186746987952,1.02,0.0340686744676769,0.5704686272798674,0.1964394798848067,1.5031482541499714,5.116771608471666,0.3943903835145964,0.792156862745098,0.2009578079534432,0.3914291974675077,0.6511030117015154,0.0645828523846427,1.5758971871968963,1.4452011602976416,0.1321485821041827,1.1608490566037737,53.595238095238095,0.6684571769621008,0.004705739810143,0.0647575275469919,29.839725243274184,,-0.15273394285483488,-0.27610988664066594,0.0,0.0,0.0,0.0,-0.0837064711946684,defensive,2026-10-02,2026-10-02,False,False,False,False,False,False,True,False,False,False,False,,0.01658611869784855,Stacking,0.016536398772565374,0.039677758,0.04439692204100025,0.04572451729679066,0.020210970786765384,0.023602112169523754,0.01658611869784855,0.029153791271768963,37,24
MKC,mixed,Consumer Defensive,44.13999938964844,44.13999938964844,2026-03-31,2026-03-31,13.343915343915343,10.19027269331341,2.735634858100655,0.0134222397165912,94.346207442597,3.78,0.145581135481283,0.3783019371364534,0.1347990821281818,0.189360119047619,0.6610863095238095,0.0,1.0,0.0147874843845326,0.5377486036595438,1.259286850135381,0.2573374155405405,0.758054675924581,2.259889049686445,0.114637563240611,0.8371658522563955,5.340380549682875,0.1502357795461243,0.0007279182083869,0.1156060157903119,25.910541945063105,,-0.04379599845195381,-0.3584302414295285,0.0,0.0,0.0,0.0,0.045811561905428316,defensive,2026-10-02,2026-10-02,False,False,False,True,False,False,False,False,False,False,False,,0.016544585184314668,Stacking,0.02322844398405753,0.02065266,0.014332115172682425,-0.00446467497925611,0.015712566156149257,0.021226006929512743,0.01654458518431467,0.015341015969448564,38,59
HSY,mixed,Consumer Defensive,159.3000030517578,159.3000030517578,2026-02-17,2026-02-17,112.33333333333331,11.980455040583678,7.986593652881867,1.5132399169178752,109.05525169195847,1.62,0.0690175230495497,0.370368561067686,0.1439372298020621,3.512983183779374,4.549809822402626,1.040237058586494,0.7715381634941553,0.3076311399862412,0.6625682422845529,1.963562193346633,0.1459032895556414,1.191574675885223,4.236904544875108,0.2249439044946048,1.5498944414315192,9.254560582423297,0.4300407300233262,0.0073272355296199,0.0351491403141748,22.811242411421485,,-0.29651158279188033,-0.013316797449626327,0.0,0.0,0.0,0.0,-0.26656497501143467,defensive,2026-10-02,2026-10-02,False,False,False,True,False,False,False,False,False,False,False,,0.016158321304843584,Stacking,0.014479009961359635,0.0039881323,0.007642631860337194,0.004349673795471752,0.01310837025724874,0.021131261388560266,0.016158321304843584,0.01176782003090152,39,73
BAX,mixed,Healthcare,23.639999389648438,23.639999389648438,2026-02-12,2026-02-12,-8.847222222222221,3.3028043039677204,1.6026333822809593,-0.0009410279342023,-39.455346756152124,-2.16,-0.1840430739109153,0.1940147948890383,-0.2451244115669132,0.8638132295719845,3.8249027237354087,0.2723735408560311,0.7602739726027398,0.1966329966329966,0.6957367240089753,2.276554087126774,0.9645163063728932,2.3138047138047138,1.5393374741200827,0.1482921964597357,2.3993993993994,-10.565217391304348,-1.6732586147352595,0.0088571795075408,-0.048993395475977634,11.924124513618676,,0.20060941542145438,-0.2000000206548752,0.0,0.0,0.0,0.0,0.2506094205851732,defensive,2026-10-02,2026-10-02,False,False,False,False,False,False,True,False,False,False,False,,0.016068422905541155,Stacking,0.009813613448841801,-0.024192546,-0.011692133380221428,0.006949924464842032,0.004941702255035882,0.020039727023526143,0.016068422905541155,0.0037565979614685575,40,89
ED,mixed,Utilities,103.5,103.5,2026-02-19,2026-02-19,121.1219512195122,8.974848560700876,1.482204216618437,-0.5288522317981034,49.01052140077821,0.82,0.0122778007441091,0.5151439299123904,0.12090112640801,0.4875346260387811,4.512465373961219,3.6121883656509697,0.1189189189189189,0.2237677653462352,0.6757503049475222,2.0840429929723028,0.7914204401564991,1.0205624433020866,1.0349740932642486,0.0535501253300805,0.994863893168978,1.5431309904153354,0.4364360738862731,0.0082276934679365,0.0176938488088389,66.78630590833794,,-0.07638764947349641,-0.0034662045060658286,0.0,0.0,0.0,0.0,-0.07552109834697995,defensive,2026-10-02,2026-10-02,False,False,False,False,False,False,False,False,False,False,True,,0.01590292936567885,Stacking,0.016433426485957987,0.057434816,0.049074783847038,0.021703526968267873,0.014985250791057041,0.020316251893120273,0.01590292936567885,0.027330687019085684,41,29
ES,mixed,Utilities,64.30999755859375,64.30999755859375,2026-02-17,2026-02-17,60.11607142857142,7.502027742795968,1.560960725461715,1.1425311025420115,43.25042146102774,1.12,0.0260109249267978,0.2923871489966755,0.2108079174030234,-0.1790988962353446,0.3604427202002874,2.6185790399987057,-0.0734168288654527,0.1173151811766441,0.7436325099126054,2.928510117537701,1.1939419836325829,0.6502117176742509,1.5880656035570602,0.0528353938800826,1.2823596595565288,2.1453863551949364,0.3667144336694856,0.011016163125061,0.0209224538953935,43.0572916393775,,-0.13585061060744763,-0.009396217520120986,0.0,0.0,0.0,0.0,-0.13350155622741738,defensive,2026-10-02,2026-10-02,False,False,False,False,False,False,False,False,False,False,True,,0.01586535822113153,Stacking,0.015437501240441362,0.014876971,0.0016812554859129344,0.01036288076527742,0.016200145382058502,0.020642151861100307,0.01586535822113153,0.013667392119891273,42,65
BMY,mixed,Healthcare,61.459999084472656,61.459999084472656,2026-02-11,2026-02-11,101.77358490566036,8.805914253719404,5.959591836734694,-0.4976513611250627,67.0107292616226,0.53,0.0587885021382558,0.6722924332106863,0.113501839705647,0.7858892699657031,5.229299363057325,0.1812836844683978,0.8125633232016211,0.0842977324166204,0.7944645594082499,3.872245980620365,0.4097590060053661,1.2550711021907162,0.860722891566265,0.1388524845065417,1.146013986013986,27.823529411764707,0.782871972318339,0.0114631878162481,0.0267292959794217,9.05095541401274,,-0.01411615199755134,0.25968434278484653,0.0,0.0,0.0,0.0,-0.07903723769376297,defensive,2026-10-02,2026-10-02,False,False,False,False,False,False,True,False,False,False,False,,0.015818213724835436,Stacking,0.00916794305154326,0.010405236,0.01496384672608675,0.007032962861557971,0.01761139884379193,0.02200340941811615,0.015818213724835436,0.013942449753225582,43,64
SOLV,mixed,Healthcare,87.7699966430664,87.7699966430664,2026-02-27,2026-02-27,220.11111111111111,6.9047467467467465,2.732359675183204,-0.576010270531401,36.71305521472392,0.36,0.0124777183600713,0.492992992992993,0.6388028945699924,0.1838024124066628,5.043078690407811,0.3618609994256174,0.3368421052631579,0.0302933673469387,0.6467748705750664,1.8310556545850665,0.3649692179090214,1.230548469387755,1.932301740812379,0.1397789282216314,1.4745269286754004,32.90196078431372,9.68627450980392,0.0,0.0479177934018388,28.802053622361665,,0.2023287211378959,0.20035553395878547,0.0,0.0,0.0,0.0,0.15223983764819954,defensive,2026-10-02,2026-10-02,False,False,False,False,False,False,True,False,False,False,False,,0.015655763504609923,Stacking,-0.05031063699964902,-0.027075686,-0.007323029821481455,-0.02416946647739766,-0.012030213363807185,0.026844208822809117,0.015655763504609923,-0.010805200904429482,44,104
SYY,mixed,Consumer Defensive,77.7699966430664,77.7699966430664,2026-01-28,2026-01-27,90.9753086419753,1.7137980961222428,15.585578656018397,-1.2577141284980402,54.78318100941495,0.81,0.1703898379325449,0.1826413640304402,0.0333301223388883,0.8031771552017164,2.549305152354539,0.2920644200733514,0.7333333333333333,0.054773082942097,0.9139840329642028,10.88173455978975,0.4166728019098466,1.2954616588419403,3.732158907064533,0.7638423899047129,2.850184749748069,4.0,0.6061980347694633,0.0072789866244874,0.0253190033409813,4.74969317720639,,-0.1404730698158001,0.0644675149612155,0.0,0.0,0.0,0.0,-0.15658994855610398,defensive,2026-10-02,2026-10-02,False,False,False,True,False,False,False,False,False,False,False,,0.01564392996791772,Stacking,0.019383436041266473,0.025291182,0.026508297712589626,0.011832316243897016,0.019423260550123826,0.019831425759213914,0.01564392996791772,0.019582988666248097,45,50
CNC,mixed,Healthcare,60.9900016784668,60.9900016784668,2026-02-17,2026-02-17,-18.37053571428571,0.918021940466253,1.012759447812359,0.0550626624898474,-14.94754353888938,-2.24,-0.0551295544529644,0.1517835897435897,-0.035,0.456145455076242,36.426472769659895,0.4337454550501765,0.5125858123569794,0.0203482957720245,0.7417493980247486,2.887034531148198,0.8987712371001895,1.6759638666418328,2.7464788732394365,0.6402827674122146,2.0530354848130843,-10.359375,-1.6732586147352595,0.0,-0.0133842548389896,40.631563683644,,0.3674888268714529,0.11072667416621385,0.0,0.0,0.0,0.0,0.32512160904057463,defensive,2026-10-02,2026-10-02,False,False,False,False,False,False,True,False,False,False,False,,0.015141357197822856,Stacking,-0.009066661225123288,-0.053868014,-0.015587177715120694,-0.0551497431713044,0.004976445926571995,0.020714294714489778,0.015141357197822856,-0.01227776985136337,46,105
GILD,mixed,Healthcare,147.5,147.5,2026-02-24,2026-02-24,69.73863636363636,19.23571987381704,6.739900963834115,-0.6135232916693933,72.64084012001715,1.76,0.0965160491643823,0.868391167192429,0.374006309148265,2.5128824476650564,8.53864734299517,0.1650563607085346,0.9383644016837042,0.2815542199271988,0.6167934533995222,1.6095587585109206,0.1613192281341993,1.683399644459494,1.6130673722776308,0.1342696914762041,0.0,11.623529411764704,9.56078431372549,0.0065204665242922,0.0599642906194204,18.051077414205903,,-0.016863294007865126,0.3543292626939676,0.0,0.0,0.0,0.0,-0.10544560968135702,defensive,2026-10-02,2026-10-02,False,False,False,False,False,False,True,False,False,False,False,,0.0150749486526932,Stacking,0.016131930181215125,-0.032157376,0.016548716409002802,0.011127169894655266,0.015765643461656584,0.01785555655538065,0.0150749486526932,0.009282245244663643,47,78
COR,mixed,Healthcare,309.7799987792969,309.7799987792969,2026-02-04,2026-02-04,117.27430555555556,0.918021940466253,34.374314714242,-0.1107566873036532,68.8564110134908,2.88,0.2932656231004313,0.0327197025146017,0.0118277336819375,-6.374358103790715,9.312647063366612,0.614646352828508,1.0517862247843868,-0.0389833521834885,0.9732524817698716,33.65114542510766,0.1207628180187094,0.9157723179944496,3.307632048135637,0.8272078788040532,1.482602255786352,10.886336128873324,2.063488347002908,0.001928672025062,0.0107525779173386,9.770314203943292,,-0.16871058961680696,0.06063614468893386,0.0,0.0,0.0,0.0,-0.18386962578904043,defensive,2026-10-02,2026-10-02,False,False,False,False,False,False,True,False,False,False,False,,0.01488756868106484,Stacking,0.04112758328067327,0.08788122,0.054603063304123074,0.055845127482758,0.04811307830920443,0.01915139051466495,0.01488756868106484,0.044977751168312756,48,6
MTD,mixed,Healthcare,1481.1700439453125,1481.1700439453125,2026-02-06,2026-02-06,99.4429386590585,25.15122906528522,-79.28366670979464,0.7704536697626498,81.3371472703252,10.58,-0.9137134052388288,0.580456478731738,0.3039093238679867,9.032232993054668,3.281968266357965,2.0364611130086265,0.8160161358246337,0.1882831044740242,1.0063663489597443,-37.16734238043149,0.0797249651614843,1.13734145942463,1.45164813560803,0.3042937570670621,1.777656510193978,19.74562916954221,2.868904979085608,0.0,0.0852532009093532,-1.1597386966815704,,0.11778825886944477,0.29798536884080895,0.0,0.0,0.0,0.0,0.043291916659242535,defensive,2026-10-02,2026-10-02,False,False,False,False,False,False,True,False,False,False,False,,0.014839982931168831,Stacking,0.004013437184587762,-0.03420524,-0.04242340653153043,-0.03540175721476829,0.007028734858194361,0.017623883391210616,0.014839982931168831,-0.008952041864713402,49,102
KMB,mixed,Consumer Defensive,94.33999633789062,94.33999633789062,2026-02-12,2026-02-12,67.26,8.236877205882353,22.374473368841542,1.410090651928859,58.52037810218978,1.5,0.3322237017310253,0.3590686274509804,0.1242647058823529,1.7262083458420894,2.065445812068448,1.1918342839987992,0.5915637860082305,0.1364210526315789,0.9040984558225936,10.368841544607193,0.2132923316913573,0.7452631578947368,2.156448202959831,0.2368512713340299,0.7718417945690673,8.45,0.8488063660477454,0.0124380851907069,0.0441761910877102,4.509156409486641,,-0.14033172646354453,-0.3341332838940526,0.0,0.0,0.0,0.0,-0.05679840549003137,defensive,2026-10-02,2026-10-02,False,False,False,True,False,False,False,False,False,False,False,,0.014768420062123462,Stacking,0.019991851760367985,0.034403443,0.031985008775594855,0.027825818322171632,0.015953640045745444,0.016151316426095692,0.014768420062123462,0.022715331178371934,50,39
SRE,mixed,Utilities,78.05000305175781,78.05000305175781,2026-02-26,2026-02-26,163.5,15.312899442379184,1.8241405484911748,0.1170218735795454,66.21097906976745,0.54,0.011134307585247,0.3436006372809346,0.2934147636749867,-3.401870875882236,0.048723813173403234,5.22222392332777,-1.8687973086627416,0.0543071161048689,0.6212143076173813,2.1787499209211107,0.5876877486654111,1.5911665296428246,1.887719298245614,0.0339652591136203,1.6919917864476386,3.27893175074184,0.2208996753748647,0.0073870638497378,0.0139374845743985,48.40087572913637,,-0.18417473553091035,0.0003845559056372405,0.0,0.0,0.0,0.0,-0.18427087450731966,defensive,2026-10-02,2026-10-02,False,False,False,False,False,False,False,False,False,False,True,,0.014739359344892258,Stacking,0.014795411351477378,-0.0072578564,0.009028858576556064,0.0050952103414657135,0.017820870365859484,0.01745784921698762,0.014739359344892258,0.010581182527257208,51,75
COO,mixed,Healthcare,57.40999984741211,57.40999984741211,2026-03-06,2026-03-06,108.33333333333331,15.630745059692163,1.913850549976088,0.5719985523866506,86.38273496240602,0.66,0.015638450502152,0.6788399576983106,0.20779220799511,0.8068124046771734,0.6349771225216065,0.5195729486527707,0.6082790364441512,0.1635019107601679,0.3267977012604433,0.4854375896700143,0.1561585777019019,1.337218775459046,1.26886383223888,0.082427842356047,1.4565987555358724,9.5,0.2354221738454361,0.0,0.0322151618146889,42.52160650737163,,-0.18382144089547758,-0.12123067737008864,0.0,0.0,0.0,0.0,-0.15351377155295542,defensive,2026-10-02,2026-10-02,False,False,False,False,False,False,True,False,False,False,False,,0.014691028044918269,Stacking,0.013470631210340695,-0.003847386,0.021260425417708662,-0.0076028401870509126,0.016637828549089642,0.01731150572304733,0.014691028044918269,0.010529881712310724,52,76
DLTR,mixed,Consumer Defensive,114.43000030517578,114.43000030517578,2026-03-16,2026-03-16,43.11417322834646,4.295259141027758,6.235097872113772,0.1035670889771651,40.676398153662895,2.54,0.1347838823936722,0.3917295026326893,0.1232135322068725,4.870919136112506,3.605223505775992,1.317930688096434,0.7870475572147378,0.3816514898098247,0.7211611293460665,2.5863005672587818,0.1974998557374158,1.0673976336492597,1.670777022829494,0.4047689771427722,2.166002482524336,37.10497237569061,0.4976922321516253,0.0,0.0521145469710543,18.79329329329329,,0.027660551059693672,0.02766053260148893,0.0,0.0,0.0,0.0,0.02074541790932144,defensive,2026-10-02,2026-10-02,False,False,False,True,False,False,False,False,False,False,False,,0.01449513563564938,Stacking,0.011792873159510506,-0.0009285585,0.033878909752161256,0.00859491044840618,0.010958523184781124,0.015815722486152775,0.01449513563564938,0.013658403944801382,53,66
UHS,mixed,Healthcare,175.07000732421875,175.07000732421875,2026-02-25,2026-02-25,30.535014005602243,3.090009206321466,1.9052124662167365,0.3363639857216907,24.46770962443495,7.14,0.0612910594475488,0.9057611510175548,0.1152979192376006,4.615734260234976,2.167266950818641,4.423019455497712,0.5106604743750142,0.1773962287331063,0.5356665706800459,1.1748105223458831,0.3665521423993494,1.0519551636142843,1.7237893448978918,0.2811320488673213,0.5635793071637868,12.180482290881688,0.7551973192384406,0.0008920114543187,0.0712796002937406,112.86947348825665,,-0.15187478284943923,-0.06569533928797766,0.0,0.0,0.0,0.0,-0.1354509480274448,defensive,2026-10-02,2026-10-02,False,False,False,False,False,False,True,False,False,False,False,,0.014365948135507782,Stacking,0.016618908389279156,0.013675364,0.06458020818732134,0.07035263163667957,0.02459659561230308,0.017310107074065367,0.014365948135507782,0.031492539554179244,54,22
PFE,mixed,Healthcare,28.1200008392334,28.1200008392334,2026-02-26,2026-02-26,-85.86206896551724,8.059503280742724,1.636300234747213,0.1462485887689373,274.8342580687831,-0.29,-0.0190573106989222,0.6997209090391296,0.2100586660591217,0.7925727626316724,2.3924998403064426,0.1486953784244589,0.8420265470181343,0.1446301103179753,0.5831331667947732,1.40368425921643,0.4602450759199111,1.1599069868051048,1.4786087249452586,0.0843437740199846,1.0061068702290077,5.187060478199719,0.1806912991656734,0.0172790665738838,0.0003212917576306,15.208582483292297,,0.031548086545612586,0.19863601190253188,0.0,0.0,0.0,0.0,-0.018110916430020385,defensive,2026-10-02,2026-10-02,False,False,False,False,False,False,True,False,False,False,False,,0.01422163022927619,Stacking,0.011987340700478334,-0.0068039764,0.0009645795029577219,-0.004018097126641568,0.01106297374525539,0.0149136561712169,0.01422163022927619,0.0063769109735009825,55,86
SO,mixed,Utilities,83.47000122070312,83.47000122070312,2026-02-19,2026-02-18,229.47368421052636,13.777624982094256,2.670524211461573,-0.7657456032215648,58.038581252262034,0.38,0.0115504220346512,0.1880819366852886,0.1304970634579573,-1.6899365367180417,1.485947416137806,4.044424297370807,-0.7177512514439738,0.1537778304121269,0.750404572309273,3.244474677920924,0.6843096808537183,0.646435338702037,1.7156549520766773,0.0448304649370665,1.5277628032345014,0.946985446985447,2.571175950486295,0.0079121162467665,0.0172952341831189,32.4761045987376,,-0.14152009440807234,-0.07193683321433031,0.0,0.0,0.0,0.0,-0.12353588610448976,defensive,2026-10-02,2026-10-02,False,False,False,False,False,False,False,False,False,False,True,,0.014101643668167687,Stacking,0.015082233111048343,0.024754925,0.038009668019784636,0.023388736740727865,0.01790234397700841,0.015353066810157037,0.014101643668167687,0.021015438222553084,56,47
HSIC,mixed,Healthcare,84.93000030517578,84.93000030517578,2026-02-24,2026-02-24,87.88372093023256,2.5995284014111144,2.7533371696918336,9.288423833101517,48.69366842050781,0.86,0.0311248073959938,0.2892057026476578,0.0541169624672679,2.8800394139358376,1.3292489602780788,0.3663955467433166,0.8871391076115486,0.1180297397769516,0.5725367810967454,1.9787365177195688,0.3845732356862148,1.382899628252788,2.0817686250757115,0.3064645563976816,2.116984402079723,4.769230769230769,0.2450765864332603,0.0,0.0285002336084722,27.42202408018778,,0.04375077184682041,0.22096032641138263,0.0,0.0,0.0,0.0,-0.011489309756025246,defensive,2026-10-02,2026-10-02,False,False,False,False,False,False,True,False,False,False,False,,0.014000248068172606,Stacking,0.011436676640960866,0.03912527,0.044088312028483054,0.04632251997091203,0.013693936977706614,0.014853529591847811,0.014000248068172606,0.025751166720137848,57,34
AEP,mixed,Utilities,119.75,119.75,2026-02-12,2026-02-12,105.78899082568807,11.858341638590511,1.9216012666195643,-0.6407956317186838,64.5093527435084,1.09,0.018690988502794,0.0909667446192873,0.1825082246620952,7.462459337372616,0.9404437044231688,3.968171376593744,2.135616589455107,0.1361874718341595,0.7248861368404892,2.7294623932172906,0.8281298381318577,0.4545591107105303,1.7599581444018138,0.0430360097572625,1.337649460484106,1.7229186155285314,0.2909935867645692,0.0085251363328905,0.017706789034004,59.85705662756677,,-0.10158301447970586,0.16059313820507848,0.0,0.0,0.0,0.0,-0.14173129903097548,defensive,2026-10-02,2026-10-02,False,False,False,False,False,False,False,False,False,False,True,,0.013629504691943548,Stacking,0.01487818335500465,-0.0041357046,0.009754263224766524,0.0023426372418655825,0.01565930075551342,0.013394180620036125,0.013629504691943548,0.009627932124558087,58,77
AEE,mixed,Utilities,99.63999938964844,99.63999938964844,2026-02-18,2026-02-18,107.3763440860215,15.21436026936027,2.0231318558316542,-0.4426767547123015,61.74867105263158,0.93,0.0188045668233713,0.2794612794612794,0.202020202020202,-0.2946593001841621,0.048723813173403234,3.8158379373848983,-0.0836820083682008,0.244689019708216,0.7208928129383613,2.607715842101336,0.7314107153329579,0.6580496544663424,1.5012636899747265,0.036760458783728,1.0239234449760766,1.7475728155339805,0.4220636663007683,0.0070817376371118,0.0186573570651862,48.96236755571794,,-0.11744907537955329,0.025630462065346693,0.0,0.0,0.0,0.0,-0.12385669089588996,defensive,2026-10-02,2026-10-02,False,False,False,False,False,False,False,False,False,False,True,,0.01354738474543494,Stacking,0.01555712409013302,0.013155604,0.01981017545514428,0.019590079345719533,0.01592856366145586,0.013052421598626886,0.01354738474543494,0.015796527987646122,59,56
EIX,mixed,Utilities,53.79999923706055,53.79999923706055,2026-02-18,2026-02-18,12.504166666666668,4.432706694801458,1.3145059445929803,0.0256182926829268,47.94418434528164,4.8,0.1049547755845042,0.019323034352334116,0.1724534816804143,-0.8285714285714286,0.4103896103896104,4.911688311688311,-0.2029262086513995,0.1492027334851936,0.795173675366388,4.25319984071904,1.7980586557727511,0.729498861047836,1.9300259163272864,0.0554421117563227,2.3997440273037545,3.654471544715447,0.1462425277540563,0.0145406076762291,0.0354701940695761,45.65974025974026,,-0.27707606507577875,-0.029406472360444802,0.0,0.0,0.0,0.0,-0.26656497501143467,defensive,2026-10-02,2026-10-02,False,False,False,False,False,False,False,False,False,False,True,,0.013413656304020501,Stacking,0.022735754110118064,-0.004264274,0.03843149285608382,0.04517582420444463,0.026466897260761246,0.013426651859318364,0.013413656304020501,0.022395028787263155,60,40
LNT,mixed,Utilities,63.709999084472656,63.709999084472656,2026-02-20,2026-02-20,118.2,15.708713345864664,2.2789843196073085,-0.593972919600939,62.23596288209607,0.55,0.0193618761930733,0.4201127819548872,0.1842105263157894,-6.374358103790715,2.162582652664333,6.505508236846493,-3.6718624296057922,0.1267074894017899,0.715901607592485,2.5199072811562586,0.7261546274393592,0.7993405558172397,2.235294117647059,0.041216347085028,1.2369477911646587,1.3900709219858156,0.3816091954022989,0.0077778776935912,0.0193171365185866,28.338485316846985,,-0.11917601155160162,0.026421767109274352,0.0,0.0,0.0,0.0,-0.1257814533289202,defensive,2026-10-02,2026-10-02,False,False,False,False,False,False,False,False,False,False,True,,0.013309824155404614,Stacking,0.024740510065925685,0.05419709,0.043481779971331236,0.04539700390242598,0.02090378546036871,0.011537444607957872,0.013309824155404614,0.02988947244227037,61,23
WEC,mixed,Utilities,101.7300033569336,101.7300033569336,2026-02-20,2026-02-20,108.72164948453609,13.525948523905244,2.515148343594254,1.7492787435978332,61.24570872105605,0.97,0.0232263265904426,0.4884710890386662,0.2297505025422726,-2.782421634910879,0.084818684695759,4.004302397049785,-2.277162977867204,0.0644022223302071,0.7272270241836396,2.7459322779243625,0.6394032710153464,0.4687140612598603,1.2299898191690504,0.0492465784002965,1.138321199894746,2.559947299077734,0.2507761860667792,0.0084623560947788,0.0185023555003936,41.61024702653248,,-0.12767961450065524,-0.05129158484627816,0.0,0.0,0.0,0.0,-0.1148567182890857,defensive,2026-10-02,2026-10-02,False,False,False,False,False,False,False,False,False,False,True,,0.013264200258422157,Stacking,0.014764510595953436,0.019260354,0.036710216514374346,0.023808273296049298,0.0166925620935878,0.012448796929733157,0.013264200258422157,0.019406946715904337,62,51
HRL,mixed,Consumer Defensive,19.959999084472656,19.959999084472656,2026-02-26,2026-02-26,68.63636363636363,4.518639260440846,1.723166020028973,-0.0437537133241471,48.79237532501907,0.33,0.022897272784531,0.1551125964013679,0.0804993332379793,0.509051241014611,1.6371401529945846,0.1253331201848578,0.8024334648668152,0.2743415320873238,0.4027524487976622,0.6755969011778044,0.208890866841371,2.661791774326213,4.009372765078272,0.2273369302425056,3.812188309501027,12.352848742903488,10.246557051844505,0.0116599809035565,0.046402109476647,14.4151325752761,,-0.13493280258803075,-0.2025569682591828,0.0,0.0,0.0,0.0,-0.08429356052323506,defensive,2026-10-02,2026-10-02,False,False,False,True,False,False,False,False,False,False,False,,0.013183359547426141,Stacking,0.015087625805854715,-0.028550208,-0.012708554670900006,-0.02747690840747968,0.013583344907089361,0.011474047358729728,0.013183359547426141,-0.0015249964000250966,63,98
NEE,mixed,Utilities,76.3499984741211,76.3499984741211,2026-02-13,2026-02-13,109.97260273972604,25.55308852658845,3.071068707881629,-0.7162207947882736,67.87699843668577,0.73,0.0281094345150893,0.5750419015694043,0.2416577784549748,0.1325993298228817,1.3460986117759697,1.0636668262326472,0.110844337735094,0.109523600823947,0.687482665087133,2.678032522707296,0.5701621633998574,0.5953455756672656,1.1411928360285168,0.0308526191584281,0.3677963866543584,2.7064846416382253,0.5433899834561589,0.0070421309046866,0.0237209556762079,26.140737194830063,,-0.17646425979806823,0.08838201673729285,0.0,0.0,0.0,0.0,-0.19855976398239145,defensive,2026-10-02,2026-10-02,False,False,False,False,False,False,False,False,False,False,True,,0.013181607388092154,Stacking,0.017284774790646912,0.03622047,0.05133604073752711,0.01151734302410118,0.016089942897117668,0.011565229486899642,0.013181607388092154,0.02203632222748644,64,43
EL,mixed,Consumer Defensive,90.19000244140625,90.19000244140625,2026-02-05,2026-02-05,232.7111111111111,8.947407267579047,9.406874720912924,0.2377259143518518,58.67277749360614,0.45,0.0401885388241131,0.7654554034922133,0.1385087305332704,2.8086164043082023,8.511460922397127,0.2982601491300746,0.904,0.2134319863403528,0.7946928796984822,3.870751674522451,0.2476323812646245,1.3579965850882183,2.55763427881714,0.2158500560252623,0.7888888888888889,7.158536585365853,1.2269076305220885,0.0033756064751727,0.0228802153432032,11.049890350877194,,-0.099810335947637,0.35318833370451985,0.0,0.0,0.0,0.0,-0.18810741937376696,defensive,2026-10-02,2026-10-02,False,False,False,True,False,False,False,False,False,False,False,,0.013072808644170965,Stacking,0.01544185637147701,0.051485404,0.041413105129794875,0.04550292183738198,0.019225913396675724,0.012226670911824375,0.013072808644170965,0.027717117606277434,65,27
VST,mixed,Utilities,139.75,139.75,2026-02-27,2026-02-26,293.3272727272727,23.4473627031651,10.72797142857143,-0.8512115087756027,57.05439723926381,0.55,0.0455968688845401,0.019323034352334116,-0.34526752748315304,-0.2413184226015303,2.401412595644497,4.455562095350206,-0.0572625698324022,0.1212121212121212,0.8770156438026474,7.131115459882583,0.366381323990649,0.7769595395293719,1.006457167455876,0.0562695547533092,2.2135036496350367,-6.450184501845018,0.2722640673460345,0.0027727140277111,0.0262897914379802,15.03825779870512,,-0.15808181215735895,-0.16552218307756617,0.0,0.0,0.0,0.0,-0.1167012663879674,defensive,2026-10-02,2026-10-02,False,False,False,False,False,False,False,False,False,False,True,,0.013035301422061761,Stacking,0.037300383375110935,0.16416806,0.04012858830201332,0.09738575185180225,0.030706564881043813,0.010255513110672458,0.013035301422061761,0.05406234107262931,66,4
AMGN,mixed,Healthcare,407.2699890136719,407.2699890136719,2026-02-13,2026-02-13,132.51417004048582,17.82741410670978,20.37654077154077,-0.563705102664555,43.73178754434371,2.47,0.1539616539616539,0.8191188358932903,0.3983427647534357,1.782931354359926,16.93692022263451,1.191094619666048,0.5995009357454772,0.0628898740633214,0.9044223169143136,9.462693462693462,0.3095112353700761,1.1399819529993331,1.0340647857889238,0.1092442540789967,0.0856869315461943,6.0367534456355285,0.9316450875856817,0.0072724143831918,0.0300873938091983,15.94475138121547,,0.05592426500822367,0.41182788162953465,0.0,0.0,0.0,0.0,-0.04703270539915999,defensive,2026-10-02,2026-10-02,False,False,False,False,False,False,True,False,False,False,False,,0.013026345579606684,Stacking,0.017449207488197335,-0.0043912386,0.05191743841469916,0.038259001242099,0.022737509330802975,0.012420009538106493,0.013026345579606684,0.02175459707143618,67,44
MNST,mixed,Consumer Defensive,42.13999938964844,42.13999938964844,2026-02-27,2026-02-26,166.67391304347825,35.16870848824502,9.079888672404094,-2.8155573180474858,121.22738534621176,0.46,0.0544201747784254,0.5552808869605778,0.254631865092046,0.3593188469993933,2.828795143623807,0.0288219461718902,0.9257435789307225,0.2620667504731382,0.1736756984846748,0.2101786165143465,0.0,3.702968683087209,1.3170322457838712,0.2133411486398213,1.6744938813443726,367.2,204.70636025441297,0.0,0.2776099426055589,8.364451848789228,,-0.29651158279188033,-0.3398088768659182,0.0,0.0,0.0,0.0,-0.21155936357540078,defensive,2026-10-02,2026-10-02,False,False,False,True,False,False,False,False,False,False,False,,0.012891691599293674,Stacking,0.029682415716739387,0.030946713,0.034004179745966895,0.051210284907377716,0.01966003972579027,0.008961945043924141,0.012891691599293674,0.026494271658618784,68,32
JNJ,mixed,Healthcare,258.6600036621094,258.6600036621094,2026-02-11,2026-02-11,98.54761904761904,20.52109656407751,6.181695967821053,-13.178406741594996,85.6758757444069,2.1,0.0627391347002845,0.8637436899527764,0.219467513434294,2.2531499629416123,8.277196738861896,0.756402865848637,0.7486660281844302,0.1350367660643683,0.5906631193213192,1.4429755714706172,0.0950900243226367,1.027676163027011,1.429968564442892,0.1233070628984488,0.2791260111750479,12.224489795918368,0.7120635631154879,0.0062113130026114,0.0585810684479798,33.43337433374334,,0.04063406687362958,0.6644787880444618,0.0,0.0,0.0,0.0,-0.12548563013748587,defensive,2026-10-02,2026-10-02,False,False,False,False,False,False,True,False,False,False,False,,0.012838751073084608,Stacking,0.014174436923190705,-0.029762315,-0.010267813141569097,0.03157731964480766,0.014119238276762442,0.010647177637377363,0.012838751073084608,0.006826174087044869,69,84
IDXX,mixed,Healthcare,517.75,517.75,2026-02-20,2026-02-20,218.23548387096773,49.68676902819512,33.75353225990309,-5.673320218837039,154.63658558358762,3.1,0.1545973764516006,0.6034537617173996,0.2893921485742894,4.02751697962445,2.2481771873751497,0.3674840191769876,0.9163859076989508,0.3064221014019676,0.5208897446817273,1.087202243950509,0.0180127291000522,1.1666501278710044,1.5732734556565218,0.3254722288293488,3.9169715962611407,30.011886648915937,0.5825180919925184,0.0,0.1643823451221971,19.899386427022,,-0.18682267944086706,0.005730380730380791,0.0,0.0,0.0,0.0,-0.18825527462346225,defensive,2026-10-02,2026-10-02,False,False,False,False,False,False,True,False,False,False,False,,0.01279131783231228,Stacking,-0.011544752646385293,-0.0663856,-0.07467376951485002,-0.05697747976702378,-0.010075779550984012,0.010435647296961555,0.01279131783231228,-0.026812584990587578,70,114
ETR,mixed,Utilities,100.4000015258789,100.4000015258789,2026-02-19,2026-02-19,177.75,14.11217088786743,2.4358849338205677,-0.6531296724898034,48.26189113935967,0.52,0.0140311037733966,0.2252597548314533,0.1624826289378913,-2.205778312874752,4.269683624424478,4.901985122123173,-0.8181042734958532,0.1557038198289958,0.75979410697318,3.1863612430542454,0.7408301266761596,0.7312255399740866,1.9692736909639308,0.0411589088050712,0.8935380616835559,0.8364452161326128,0.402207500623666,0.0070425349312167,0.016042172486317,37.37981363426921,,-0.05842631974229662,0.20760165414817067,0.0,0.0,0.0,0.0,-0.11032673327933928,defensive,2026-10-02,2026-10-02,False,False,False,False,False,False,False,False,False,False,True,,0.012734979000352135,Stacking,0.015699459867068413,0.0431047,0.03294239884111558,0.026477429513146366,0.01746015453065585,0.010712941801251048,0.012734979000352135,0.02225428450566839,71,41
MO,mixed,Consumer Defensive,66.94999694824219,66.94999694824219,2026-02-25,2026-02-25,87.36363636363636,16.540509750256586,-27.611599086236435,-0.4068669239033124,65.62649972175849,0.66,-0.3189605939463164,0.6211084502223743,0.2824153267191241,1.8956469886702445,2.667859272510435,0.0548598688133571,0.9718740446346684,0.3573301289053965,1.0985806893794443,-10.984865790976585,0.2658749881845978,0.6056368800524361,22.22813688212928,0.1669474826512836,2.953333333333333,6.253787878787879,0.7643207855973814,0.0184599499750868,0.0295562660843796,-2.088252832438879,,-0.025331242564533563,0.10423877532974091,0.0,0.0,0.0,0.0,-0.05139093639696879,defensive,2026-10-02,2026-10-02,False,False,False,True,False,False,False,False,False,False,False,,0.012199357037865927,Stacking,0.016774891198189364,0.032778382,0.06884084715409897,0.03550656924270226,0.016897990418435208,0.008651033539699322,0.012199357037865927,0.026910246501046543,72,31
AES,mixed,Utilities,14.920000076293945,14.920000076293945,2026-03-02,2026-03-02,31.173913043478255,3.30176072234763,1.486679250762306,-0.1645330131445905,77.45022132796781,0.46,0.0467547553361405,0.1876813930990003,0.1654305062882941,-0.0658263305322128,3.147058823529412,2.149859943977591,-0.0315860215053763,0.1752237399905793,0.7695680729408129,5.784666763467403,2.7734993904127725,0.7656617993405558,1.7699771689497716,0.0599018698810075,1.272222222222222,1.3753351206434317,0.1806818181818182,0.0122085096242123,0.0181480458846858,9.645658263305322,,0.049964818880643413,0.4656188680052993,0.0,0.0,0.0,0.0,-0.0664398981206814,defensive,2026-10-02,2026-10-02,False,False,False,False,False,False,False,False,False,False,True,,0.012060017624693534,Stacking,0.014709559988646797,0.028782383,0.010817470070412795,-0.00939974701368103,0.014336504608588416,0.008065643947422214,0.012060017624693534,0.011121765782048376,73,74
PG,mixed,Consumer Defensive,143.9499969482422,143.9499969482422,2026-01-23,2026-01-22,78.74175824175823,15.642265850144092,6.515434851923401,-2.2280166243361816,66.63050169612569,1.82,0.0812311270326537,0.5121577809798271,0.2416246397694524,1.5697194719471947,4.465759075907591,0.4814356435643564,0.7652855993563958,0.135480530804654,0.5811243970271671,1.3873436239848451,0.1054713488933151,0.7244884056786288,3.536868928173276,0.1744732335056487,0.7140315033282805,-13.650862068965514,0.4160671462829736,0.0073233197299214,0.0585515553813083,21.995462046204626,,-0.11962572962973395,-0.1420312495634629,0.0,0.0,0.0,0.0,-0.08411791723886822,defensive,2026-10-02,2026-10-02,False,False,False,True,False,False,False,False,False,False,False,,0.011766901380481757,Stacking,0.011773797614293783,0.041219812,0.020819539297603013,0.012637349305643393,0.00827331965609865,0.006419209401458896,0.011766901380481757,0.0156677937960545,74,57
MDLZ,mixed,Consumer Defensive,57.7599983215332,57.7599983215332,2026-02-04,2026-02-04,103.51923076923076,6.610791730182926,2.685458239801842,-2.973723000000002,67.6716,0.52,0.02573728616766,0.2816310975609756,0.0932736280487804,1.5508145849495734,1.6485647788983708,0.3087664856477889,0.833959115561118,0.1096322722283205,0.6378222613901828,1.764687669324251,0.3142381260316252,0.5923435784851812,2.160559901193907,0.1468238980513939,0.7436630831442943,18.12962962962963,0.2635620510279911,0.0092957068102365,0.022304588121765,19.9984520123839,,-0.044341523469007216,-0.14442307329976,0.0,0.0,0.0,0.0,-0.008235755144067214,defensive,2026-10-02,2026-10-02,False,False,False,True,False,False,False,False,False,False,False,,0.011757416023435866,Stacking,0.011965357739449164,0.005139024,-0.0005588481470460141,-0.0063169739415849906,0.011309233967066597,0.006985933268702166,0.011757416023435866,0.005869526031231612,75,87
EW,mixed,Healthcare,85.19000244140625,85.19000244140625,2026-02-25,2026-02-25,532.8125,31.523381753312947,4.786323711499768,-1.994610261867905,354.96619083395944,0.16,0.0088221637517412,0.7830020387359837,0.2359199796126401,0.6090627153687113,7.282563749138525,0.167815299793246,0.783987580394766,0.2486078182720406,0.2452764068568758,0.3249883918898003,0.0125871327489788,3.715553840216133,1.7208639403574169,0.1145927634845077,1.497142857142857,0.0,4.363265306122449,0.0,0.0398559352303845,17.76830525953936,,-0.022826308311467702,0.09078108119598283,0.0,0.0,0.0,0.0,-0.04552157861046341,defensive,2026-10-02,2026-10-02,False,False,False,False,False,False,True,False,False,False,False,,0.011727559173960346,Stacking,-0.0016990214364063089,0.015436916,0.02956222126585295,0.024904450983508707,0.010100373446251318,0.009293160996375734,0.011727559173960346,0.01399350085312227,76,63
GIS,mixed,Consumer Defensive,31.670000076293945,31.670000076293945,2026-03-18,2026-03-18,65.2982456140351,5.536591160096468,2.629070456904948,-0.7525440024508648,69.23403154805575,0.57,0.0324403583316387,0.3061058895124754,0.1228841255888385,0.5459079992610383,1.451136153704046,0.1891742102346203,0.7426489067604926,0.0458130404246255,0.7112313328045773,2.466591033146747,0.5686203259915632,0.5628590837391915,2.3890474395562973,0.1369220846153608,0.8470724191063174,4.246105919003115,0.1434600515463917,0.0133690525323159,0.0131518998876165,17.22267281105991,,-0.04198025927898397,-0.3578669895317529,0.0,0.0,0.0,0.0,0.047486488103954255,defensive,2026-10-02,2026-10-02,False,False,False,True,False,False,False,False,False,False,False,,0.011726020221902334,Stacking,0.013341532923241053,0.011991105,-0.0014021100767512718,0.002076747736755521,0.012531092405635458,0.006872102189102655,0.011726020221902334,0.008188493271164016,77,81
CHD,mixed,Consumer Defensive,94.11000061035156,94.11000061035156,2026-02-12,2026-02-12,139.75,12.173090256659776,5.000998200989456,-1.7434664634146335,78.31631956912028,0.6,0.035855279596222,0.458460041357499,0.1617808052548351,1.291160452450775,1.7134478424801003,0.2312526183493925,0.8481012658227848,0.2426387126927956,0.5509402630043535,1.2268752186297536,0.1101723982444162,1.066301662549242,2.7708122682844625,0.1844845383959427,1.2157291097760787,10.8130081300813,9.508130081300813,0.0035373478734318,0.0426255549672111,16.703672787979965,,-0.09466088878930679,-0.049777861365594145,0.0,0.0,0.0,0.0,-0.08221642344790825,defensive,2026-10-02,2026-10-02,False,False,False,True,False,False,False,False,False,False,False,,0.011665893473359803,Stacking,0.014318364833038957,0.024903871,0.029618543165654276,0.023915245452627524,0.014963793016352115,0.006995974107399917,0.011665893473359803,0.017799564155137747,78,52
A,mixed,Healthcare,166.67999267578125,166.67999267578125,2026-03-03,2026-03-03,105.53703703703704,21.067602892102336,5.483432252460915,-1.0556595901639343,86.56918859649123,1.08,0.044151708164447,0.5261401557285873,0.1963292547274749,0.6183745583038869,6.212014134275618,0.3286219081272085,0.6529850746268657,0.1199641897940913,0.4608600639975025,0.8548060220034742,0.0885438184983718,2.0658012533572068,1.1821170282708744,0.1403262311714664,1.415282392026578,14.12,1.206686930091185,0.0019007617566734,0.0629974597798475,24.323943661971832,,0.2281261764258682,0.331203519493501,0.0,0.0,0.0,0.0,0.14532529655249293,defensive,2026-10-02,2026-10-02,False,False,False,False,False,False,True,False,False,False,False,,0.011639182584561538,Stacking,0.009874062974252007,-0.003928182,-0.00870033713516854,-0.03187609897960593,0.011265457955012763,0.007000330675587873,0.011639182584561538,-0.00040548809517269163,79,97
TECH,mixed,Healthcare,72.4000015258789,72.4000015258789,2026-02-04,2026-02-04,245.04166666666669,30.97534309865248,4.557405132499482,-15.070265578547174,120.29907795117428,0.24,0.0189006503765062,0.6464747175346512,0.1840663518962271,0.4908270715289498,1.109343617451344,0.0379943403127586,0.9281527951365716,0.5868642559070257,0.2028422732953872,0.2544568866363764,0.028369129896058,4.539273353937305,1.602679103426609,0.1172858910238597,3.981879782252846,25.08567480423768,29.888991248272685,0.0013606271146301,0.1225655156240839,12.808928719291206,,0.2521619080919908,0.48940550351530354,0.0,0.0,0.0,0.0,0.1298105322131649,defensive,2026-10-02,2026-10-02,False,False,False,False,False,False,True,False,False,False,False,,0.011516629082815664,Stacking,0.011804239296658697,-0.012590006,0.025784703141504575,0.029038333975011578,0.014334693830457768,0.006869677392287176,0.011516629082815664,0.012643609414601307,80,70
D,mixed,Utilities,60.7599983215332,60.7599983215332,2026-02-23,2026-02-23,90.13846153846154,12.226171268018568,1.7206518928583707,-0.4753141575439502,66.2191274312542,0.65,0.0201492280713819,0.4490593696555094,0.1847055949181529,-2.8088045896265075,0.2927057721578269,3.964406978105608,-2.430597771023303,0.0945040214477211,0.7115668453351977,2.8346456692913384,0.9780039730449708,0.7727882037533512,1.1999413661682792,0.0353280336967123,1.6853512705530642,1.4538461538461538,0.2692164871890085,0.0113904959979492,0.0117782629791363,34.0032737051327,,-0.03632040727147967,0.07028357092713056,0.0,0.0,0.0,0.0,-0.05389130000326231,defensive,2026-10-02,2026-10-02,False,False,False,False,False,False,False,False,False,False,True,,0.011434011965261393,Stacking,0.01415562589761315,0.04191601,0.03490268007841503,0.021434409500924168,0.01409547579045796,0.006094839105711115,0.011434011965261393,0.020066645131970765,81,48
BIIB,mixed,Healthcare,222.82000732421875,222.82000732421875,2026-02-06,2026-02-06,-533.3030303030303,11.3270447067082,1.4141433876692522,1.2079085729085726,99.622474054235,-0.33,-0.0026516695149204,0.7822577107006538,-0.0250076777958145,3.789366053169734,26.01022494887525,0.2992501704158146,1.0857421875,0.1528631993789932,0.3798535980570322,0.6125224573857412,0.2578692714809623,2.67931569833403,1.2208355650776648,0.0774231899318942,1.1488425925925927,-0.8444444444444444,3.118924949290061,0.0,0.027478963041126,124.44989775051124,,0.1848976725563347,0.6991002541117797,0.0,0.0,0.0,0.0,0.010122609028389795,defensive,2026-10-02,2026-10-02,False,False,False,False,False,False,True,False,False,False,False,,0.011425227933687675,Stacking,0.01402957246908202,-0.03320682,-0.05006066346799677,-0.013876600448735812,0.01131520755358665,0.005509636785557066,0.011425227933687675,-0.0070389276613939695,82,100
KVUE,mixed,Consumer Defensive,17.219999313354492,17.219999313354492,2026-02-20,2026-02-20,101.47058823529412,8.713238095238097,3.0595485369252207,-1.309956136363637,60.932187028657616,0.17,0.0306549001393404,0.5653439153439154,0.2182539682539682,0.3883089770354906,0.5542797494780793,0.05741127348643,0.8711943793911007,0.1436501261564339,0.6024154232530654,1.5151881096144917,0.2588046407521973,0.9582842724978974,1.670777022829494,0.139607032057911,0.6643752527294784,8.418367346938776,0.3649258542875564,0.022378346669402357,0.0286922935442339,5.606770833333333,,-0.08840660066942874,-0.2724968604412974,0.0,0.0,0.0,0.0,-0.020282385559104388,defensive,2026-10-02,2026-10-02,False,False,False,True,False,False,False,False,False,False,False,,0.011049822537892096,Stacking,0.015763116363510313,0.015858833,0.02699335832665751,0.027062859540351997,0.01469720199627892,0.004663418592407497,0.011049822537892095,0.01644870631575639,83,55
DUK,mixed,Utilities,113.73999786376953,113.73999786376953,2026-02-10,2026-02-09,78.14,11.472936507936508,1.756725627869295,-1.1227701864919353,48.73824302575108,1.5,0.0228386250530457,0.3048626858150667,0.2650541698160746,-0.5958815958815958,0.3153153153153153,5.332046332046332,-0.1258152173913043,0.1748467715113792,0.7291300527240774,2.752922340959068,0.1181590380464196,0.5517650971634912,1.8837209302325584,0.0405546245963951,1.0564809496457974,2.2241014799154333,0.3348323027918306,0.022378346669402357,0.0182739267221143,66.72072072072072,,-0.13591128265768038,-0.029770554774635083,0.0,0.0,0.0,0.0,-0.1284686439640216,defensive,2026-10-02,2026-10-02,False,False,False,False,False,False,False,False,False,False,True,,0.011000964088293323,Stacking,0.014993484435787782,0.049607895,0.03853152566244336,0.045053437900119654,0.018624033467480986,0.00547571978708028,0.011000964088293323,0.025544912952036307,84,36
GEV,mixed,Utilities,987.4500122070312,987.4500122070312,2026-01-29,2026-01-29,48.59256505576209,16.225907265425338,15.90365360529612,0.0170781113074139,126.53411235955056,10.58,0.3277867239219896,0.2118473895582329,0.0548557867834976,6.650735294117647,32.529411764705884,2.4669117647058822,0.7294354838709678,0.0605291418529727,0.8048908213786975,4.537573805689748,0.0,0.9815483744996584,0.5737026758129549,0.1738606068300114,0.0,0.0,0.0,0.0003825144972994,0.0767729342875731,40.5,,0.12059966432174041,1.0353079648096117,0.0,0.0,0.0,0.0,-0.13822732688066253,defensive,2026-10-02,2026-10-02,False,False,False,False,False,False,False,False,False,False,True,,0.010759134478160777,Stacking,0.06601764528220629,0.02369656,0.06599448674749207,0.04648412406203902,0.03229713239554964,-0.002369538366227872,0.010759134478160777,0.034538221929840525,85,16
CVS,mixed,Healthcare,85.19999694824219,85.19999694824219,2026-02-10,2026-02-10,34.20689655172414,0.9535844379476408,1.3400058499747387,-0.0491703117645041,56.52925790754258,2.32,0.0391283537639269,0.1283623324155809,0.0199824018619965,2.051968503937008,8.391338582677164,0.6173228346456693,0.7687315634218289,0.0382221620890271,0.7112508810100205,2.468715930544845,0.7807042957835916,0.8423984124836513,2.657004952361799,0.4048547482609628,1.5513606358615115,2.6836086404066077,0.7368021844660194,0.0083840011430022,0.0220269062160037,58.898981989036805,,0.04335044021849366,0.3396225935258206,0.0,0.0,0.0,0.0,-0.04155520816296149,defensive,2026-10-02,2026-10-02,False,False,False,False,False,False,True,False,False,False,False,,0.010681190599599048,Stacking,0.010088194212165088,0.0013332923,-0.002871498993187372,-0.015073856527148044,0.01074251878637614,0.0037456998107056657,0.010681190599599048,0.002809256853859536,86,91
MRK,mixed,Healthcare,143.80999755859375,143.80999755859375,2026-02-24,2026-02-24,88.45378151260505,15.98100964390244,4.982103907539064,-0.4540105661052688,68.655785404111,1.19,0.0563243736455917,0.9270731707317074,0.5326829268292683,0.7325548331750951,5.849594926093892,0.4148734334812901,0.6384319215960798,0.1008578388110283,0.6152294945421068,1.6006539178040529,0.1893749210131486,1.5362022099057435,1.293477403580724,0.1198252305174404,0.2715712988192552,0.0,1.3469760665972943,0.0076996875184762,0.0461300175763621,21.14389067524116,,0.18449878559092125,0.8860327548668032,0.0,0.0,0.0,0.0,-0.03700940312577955,defensive,2026-10-02,2026-10-02,False,False,False,False,False,False,True,False,False,False,False,,0.01050687888318875,Stacking,0.005250097643002741,-0.010962822,-0.06400616087241197,-0.11021219999501516,0.00688956788176722,0.0033161027370801135,0.01050687888318875,-0.02220810794254055,87,112
PM,mixed,Consumer Defensive,188.17999267578125,188.17999267578125,2026-02-06,2026-02-06,117.08029197080292,24.10179502026636,-24.98927356413849,-0.756175722059894,65.18104749223258,1.37,-0.2142285371222733,0.6564369812777456,0.3255163095927427,2.739242132305716,3.1290944123314066,0.2851637764932562,0.9057124654916118,0.1851968380068431,1.1160367131603672,-7.725935561336802,0.1955411727585339,0.9581547174263578,1.7834767641996558,0.1497723494977235,0.807805763557976,4.020262216924911,0.8438325991189427,0.0091894541103887,0.0344760597308743,-6.414634146341464,,0.023718815557508766,0.02971268222041723,0.0,0.0,0.0,0.0,0.016290645002404458,defensive,2026-10-02,2026-10-02,False,False,False,True,False,False,False,False,False,False,False,,0.010184431461168575,Stacking,0.012016270503775519,0.02434913,0.01076571496510998,0.014157987553467206,0.010895032332682913,0.0017933361279248734,0.010184431461168573,0.011789487012964433,88,72
EVRG,mixed,Utilities,78.79000091552734,78.79000091552734,2026-02-19,2026-02-18,195.9189189189189,12.580142297846708,1.6347181865320457,-0.6040070103953898,60.12981093223512,0.37,0.0082474831968536,0.2462731516337901,0.1709079957837675,-2.301518438177874,0.1101952277657266,3.7505422993492408,-1.5883233532934131,0.0903704104548283,0.7102569022732916,2.4624852024693533,0.9145700102549864,0.4913011715684948,2.127162075592569,0.0374799647831681,1.530032095369097,1.4367088607594938,0.2334337988708239,0.009420104022127,0.0154470834094827,43.75556506849315,,-0.062135449166440426,0.18481204384251648,0.0,0.0,0.0,0.0,-0.10833846012706955,defensive,2026-10-02,2026-10-02,False,False,False,False,False,False,False,False,False,False,True,,0.010060711333544801,Stacking,0.012843866600600405,0.0025200814,-0.006052545111628192,0.0211929517825799,0.014169940332756648,0.0019162699543170784,0.010060711333544801,0.008211990624091194,89,80
XEL,mixed,Utilities,70.55000305175781,70.55000305175781,2026-02-25,2026-02-25,77.74736842105264,12.34111204717776,1.86143843449532,3.487833333333332,54.48173611111111,0.95,0.0240162649836926,0.019323034352334116,0.2459983150800337,1.2050420168067226,0.4605042016806722,6.505508236846493,-0.1850800206504904,-0.15505345437888604,0.7098597780536063,2.446609343894277,0.7710021457811395,0.7072929891381012,1.6113122171945702,0.0437625198166422,2.29692241005635,2.4676056338028167,0.6533665835411472,0.0217081146024616,0.0210692150548803,39.54606365159129,,-0.158114522055396,0.011759688107813027,0.0,0.0,0.0,0.0,-0.16105444408234926,defensive,2026-10-02,2026-10-02,False,False,False,False,False,False,False,False,False,False,True,,0.00992873255036082,Stacking,0.018840143037050474,0.033458307,0.051726779397177666,0.0939846338741573,0.02988312555760428,0.0036079181226177266,0.00992873255036082,0.03400873307771602,90,18
STZ,mixed,Consumer Defensive,112.98999786376953,112.98999786376953,2026-04-08,2026-04-08,129.31034482758622,14.26058999062598,3.388001695041077,-0.5680242102473091,61.9059288518155,1.16,0.0249678313372265,0.4956254556816998,0.2600249973961046,1.982532499351454,0.5903208139970599,1.2619260369526994,0.6110518834399431,0.2092348873522194,0.617045272938974,1.6719786202118183,0.3859485315018998,1.080489255706744,2.9173503494378608,0.0876783635076824,1.0086440324932306,6.02291917973462,0.5058946270213875,0.0064601689192114,0.0232284513379114,46.536426395822176,,-0.16418128249398234,-0.2530080797053449,0.0,0.0,0.0,0.0,-0.10092926256764612,defensive,2026-10-02,2026-10-02,False,False,False,True,False,False,False,False,False,False,False,,0.009486454852913976,Stacking,0.01624902115410998,0.01604459,0.016100532439252396,0.02588277081106593,0.013381643286258942,-0.0007710357027096298,0.009486454852913976,0.01362690906838603,91,67
ATO,mixed,Utilities,156.3800048828125,156.3800048828125,2026-02-03,2026-02-03,67.59274193548387,20.317467430367536,1.9098321971488688,0.130551192320264,51.50666824074688,2.48,0.0282130537709029,0.6083607369365813,0.383412595850542,-4.457090710207894,2.283032317931259,6.350187737744812,-2.354391056229671,0.2128897031231535,0.5206825065578197,1.0862998193923192,0.3531381983854058,1.130468524862287,1.836312507608076,0.0450556145725298,0.852386332872402,18.84684948559294,15.882885468301591,0.0058804688472549,0.0385168950049508,86.63071128336699,,-0.1640562095321938,0.011251971565005903,0.0,0.0,0.0,0.0,-0.16686920242344527,defensive,2026-10-02,2026-10-02,False,False,False,False,False,False,False,False,False,False,True,,0.009436309019485027,Stacking,0.019858336927169384,0.040713094,0.040377887729225334,0.069422179192516,0.01784342656208137,-0.0007024397461001392,0.009436309019485027,0.02757571328681352,92,28
KDP,mixed,Consumer Defensive,30.690000534057617,30.690000534057617,2026-02-24,2026-02-24,107.73076923076924,8.455296954878863,1.4908442153942625,-0.5739557423943836,72.41877520435968,0.26,0.0138344568114124,0.5376750388975328,0.2133807512780618,0.4167587070171563,0.7554671968190855,0.1075031293719166,0.7949438202247191,0.0858866103739445,0.539912367695054,1.1734989810315095,0.4243122591227464,0.6352231604342582,2.692399760622382,0.0811229917596783,0.6942590120160214,4.033613445378151,0.1884534848938079,0.008228098451485,0.0130915405937948,18.72321690636924,,0.024024041843764277,-0.07699246514112434,0.0,0.0,0.0,0.0,0.04327215812904536,defensive,2026-10-02,2026-10-02,False,False,False,True,False,False,False,False,False,False,False,,0.009318575557748052,Stacking,0.00934835111604576,-0.0077720317,-0.007112461199185948,-0.014451849159820663,0.009192865695153011,-0.0008489881568572444,0.009318575557748052,-8.827130009194674e-05,93,96
WST,mixed,Healthcare,365.010009765625,365.010009765625,2026-02-17,2026-02-17,150.34972677595627,24.711331677018634,6.263420025188917,-6.63954419516896,92.7084582338902,1.83,0.0415931989924433,0.3775155279503105,0.1945341614906832,2.420470262793914,10.944674965421854,1.052558782849239,0.6969334926324173,0.3834173156207054,0.2562060889929742,0.3444584382871536,0.0101947345101113,3.0206138341731563,1.4014623955431755,0.1885245901639344,1.9751675206937327,0.0,0.0,0.0007942643257384,0.1637111517367458,43.68638239339752,,0.43095567380159366,0.7432065034893023,0.0,0.0,0.0,0.0,0.2451540479292681,defensive,2026-10-02,2026-10-02,False,False,False,False,False,False,True,False,False,False,False,,0.009122877010781514,Stacking,-0.007339246696485441,-0.053848628,-0.012639047548446717,-0.037124702742627774,0.0016337321483470212,0.0001811289957716171,0.009122877010781514,-0.013468331035150683,94,107
TSN,mixed,Consumer Defensive,50.470001220703125,50.470001220703125,2026-02-02,2026-02-02,234.48,1.4115279815552295,1.1209676524440992,0.7562695187165777,44.95420098846788,0.25,0.0047161959718137,0.0572905750017466,0.030112485153357,2.0,3.704347826086957,0.7304347826086957,0.732484076433121,0.1518620022569724,0.4957383603098365,0.9907340620318482,0.4138948285420131,1.5334515556988555,5.8925483738163855,0.3973736083733585,4.95519647447668,4.144230769230769,0.562685093780849,0.0087609883582798,0.0258176523297491,52.24057971014493,,-0.21630432887106954,-0.10131764208149696,0.0,0.0,0.0,0.0,-0.1909749183506953,defensive,2026-10-02,2026-10-02,False,False,False,True,False,False,False,False,False,False,False,,0.008330673625961182,Stacking,0.010855763288966177,-0.0027597414,-0.009880857420355774,0.01035844868437765,0.009922818432252544,-0.004190031676188449,0.008330673625961182,0.003386174732167297,95,90
AWK,mixed,Utilities,127.86000061035156,127.86000061035156,2026-02-18,2026-02-18,106.9672131147541,20.02163650668765,2.3482052228476515,-0.7202402836134453,79.78046421663443,1.22,0.0219617975454461,0.019323034352334116,0.3186467348544453,-1.9743589743589745,0.8923076923076924,5.374358974358974,-0.5806938159879337,0.1396671582051822,0.7032991101984942,2.3703977115437853,0.6255231358679635,0.4615546661049083,0.7787990196078431,0.034798083504449,3.814814814814815,2.5,0.1464849798699287,0.0063267511543373,0.0182575521644347,55.57435897435897,,-0.055965736781219966,-0.10223282818177526,0.0,0.0,0.0,0.0,-0.03040752973577615,defensive,2026-10-02,2026-10-02,False,False,False,False,False,False,False,False,False,False,True,,0.008279530717998073,Stacking,0.023334843440366213,0.019464904,0.002855192065512681,-0.011130727005771834,0.02435236211282067,-0.003765269950235864,0.008279530717998073,0.008953711763683179,96,79
PNW,mixed,Utilities,94.62999725341797,94.62999725341797,2026-02-25,2026-02-25,682.3076923076923,9.410164363963846,1.5066061416955867,-1.7905493934936003,77.01137920303091,0.13,0.0021859209265137,0.1826626731680682,0.1285075702444762,-1.6103336201926692,0.0823314144393292,5.593890731658409,-0.4042451445110953,0.1508307745649671,0.7763111360177712,3.4904997659817174,1.346958638422999,0.4918153156601685,1.5369976035650883,0.0356082579360651,1.3556144268696255,1.27219438570012,0.2226675906119128,0.0101098911988295,0.0103016141872183,57.77158504890507,,-0.05868897589358435,0.0417216782630776,0.0,0.0,0.0,0.0,-0.06911939545935375,defensive,2026-10-02,2026-10-02,False,False,False,False,False,False,False,False,False,False,True,,0.008261341881089764,Stacking,0.016429828586338825,0.040681016,0.03242305681300704,0.0017666924866618734,0.016895802034271427,-0.004040588646675031,0.008261341881089764,0.015525190971638514,97,58
ILMN,mixed,Healthcare,265.7200012207031,265.7200012207031,2026-02-12,2026-02-11,60.16513761467889,17.752752372735117,7.556165993389643,0.1257730239520958,48.78750561797753,2.18,0.1226588321704003,0.6704055220017257,0.2208800690250215,1.7450980392156863,10.673202614379084,0.3529411764705882,0.8317757009345794,0.2025236593059937,0.5901565322095124,1.4399559309585015,0.0966686496133254,2.0750788643533125,1.3571428571428572,0.1744431065623118,1.5916666666666666,0.0,0.8036072144288577,0.0,0.1022698291252231,17.681818181818183,,0.43095567380159366,1.0930483982474672,0.0,0.0,0.0,0.0,0.15769357423972685,defensive,2026-10-02,2026-10-02,False,False,False,False,False,False,True,False,False,False,False,,0.008084155357147007,Stacking,-0.023916724830999252,-0.025545614,-0.05689446550506986,-0.04738147323408556,-0.005878737306409562,-0.0015316068193772271,0.008084155357147007,-0.02138771847632026,98,110
ISRG,mixed,Healthcare,401.239990234375,401.239990234375,2026-02-03,2026-02-03,252.8392857142857,69.93691086052125,11.276995287253142,4.814736952692495,182.39583855510503,2.24,0.0445915619389587,0.6643988556276603,0.3015490893866443,2.056917441532826,16.722738799661876,0.4578754578754578,0.8179271708683473,0.444870900209351,0.17159221306224293,0.1508920556552962,0.0008502438324188,4.874638620277141,1.7603488514924457,0.1389255108767303,3.7706781654253234,0.0,23.82307692307692,0.0,0.31358596093688235,49.45615982241954,,-0.19145593907430736,-0.27481069559476035,0.0,0.0,0.0,0.0,-0.12275326517561727,defensive,2026-10-02,2026-10-02,False,False,False,False,False,False,True,False,False,False,False,,0.007821617502099322,Stacking,-0.012099909180130892,-0.08243142,-0.09409074566371764,-0.06510188528962986,-0.00276803173906922,-0.00402930849796743,0.007821617502099322,-0.034673049183873525,99,119
KHC,mixed,Consumer Defensive,22.459999084472656,22.459999084472656,2026-02-12,2026-02-12,44.090909090909086,4.507760465848285,0.6874594374039938,1.906554173067076,34.08824675324675,0.55,0.015625,0.3260937991816179,0.1706011960969468,0.9865206402695872,3.096040438079191,0.172704296545914,0.8510174418604651,0.1567555251765778,0.4890445797569266,0.9599894393241168,0.7408271190417254,1.1536796536796536,2.818988464951198,0.0776905582862592,0.9939647168059424,4.554621848739496,0.5298229263746506,0.0165489445509108,0.0225516913768532,35.10025273799494,,-0.08363936823856977,-0.1565903460581053,0.0,0.0,0.0,0.0,-0.044491781724043444,defensive,2026-10-02,2026-10-02,False,False,False,True,False,False,False,False,False,False,False,,0.0077773568340015285,Stacking,0.014146734840803098,0.011819682,0.003265136029753277,0.013135872990170527,0.012974760587123109,-0.005984444766198225,0.0077773568340015285,0.008077838199861711,100,82
LH,mixed,Healthcare,304.6000061035156,304.6000061035156,2026-02-24,2026-02-24,125.44,5.887024290346436,2.4011694006821505,-0.8653488000511295,65.39393215719063,2.0,0.0191071718601359,0.2618465214176005,0.1086523693042835,5.943030303030303,6.4521212,1.5018181818181815,0.7982741777922501,0.2175314326190897,0.530427832781484,1.131812803081278,0.3122584260977118,1.4239419160616256,1.5551820232671296,0.191151924404791,3.086584205518554,6.945454545454545,0.5233084709643048,0.0028650664811379,0.0346145961459614,103.6033653846154,,0.06328762559261203,0.22896915918303673,0.0,0.0,0.0,0.0,0.0060453357968528465,defensive,2026-10-02,2026-10-02,False,False,False,False,False,False,True,False,False,False,False,,0.0074711539117273155,Stacking,0.008489466427674754,0.00626909,0.012072709944482677,0.01104876191453481,0.010794163090171512,-0.006332444232738783,0.007471153911727315,0.007047369273288884,101,83
SJM,mixed,Consumer Defensive,115.94999694824219,115.94999694824219,2026-02-26,2026-02-26,-14.20324005891016,4.782663076002394,2.136812131166326,0.0096452973523079,-44.979583837406246,-3.7645,-0.1383090468096484,0.3576985551850902,0.2024450713858254,4.564198687910028,0.4948453608247423,0.6701030927835051,0.8719785138764548,0.2369235990327917,0.6780894766287341,2.1064532762934247,0.6662429005621991,0.8435922453654605,3.623044757627381,0.143824120695697,1.3349324804548686,5.011640211640212,-0.8352253181974544,0.0104302947957029,-0.048993395475977634,49.07310215557638,,0.163270443071436,0.06035662504108097,0.0,0.0,0.0,0.0,0.14818128681116577,defensive,2026-10-02,2026-10-02,False,False,False,True,False,False,False,False,False,False,False,,0.0074114278732538355,Stacking,-0.0007909785995250587,-0.02001294,-0.02975023496719381,0.001489106190575961,-0.014845494893564626,-0.010081910472186748,0.0074114278732538355,-0.00917098334825607,102,103
VTRS,mixed,Healthcare,17.459999084472656,17.459999084472656,2026-02-26,2026-02-26,-41.5,3.8745733880548654,0.9754318109208566,-0.0610689464399015,50.98135811556864,-0.3,-0.0231182832244601,0.3063235770601576,-0.0716870072362026,0.4776158250910984,1.2618427902134306,0.2301752559430852,0.6747977445452317,0.1149937273585836,0.6044615802393455,1.5281994113368635,1.0120858237740131,1.2997617805844128,1.1065101132323505,0.0995776098254783,1.985854525778774,-2.2198996655518397,0.2526476437127133,0.0096307492681118,0.0189797969913441,12.76357799757071,,0.11210185251418192,1.0092058785354037,0.0,0.0,0.0,0.0,-0.140199617119669,defensive,2026-10-02,2026-10-02,False,False,False,False,False,False,True,False,False,False,False,,0.0073836521079682,Stacking,0.018199151751096935,-0.036900207,-0.010762518296580906,-0.049252259465463036,0.015532845769583708,-0.007513042598863751,0.0073836521079682,-0.008371035748768383,103,101
COST,mixed,Consumer Defensive,914.9400024414062,914.9400024414062,2026-03-11,2026-03-11,217.56113537117903,6.496909339195655,14.09185649266058,19.63339093318991,131.92954117927337,4.58,0.0634213232773397,0.1275629696682328,0.0374441427073006,3.8449323251366674,41.084689871407626,2.9034081822502427,0.5697596795727636,0.0734980251698844,0.6163631798562872,1.6066319693333748,0.0127387013892966,1.058140961165763,18.40216816499207,0.8272078788040532,2.940814646195573,78.96969696969697,25.44761904761905,0.0012760817190319,0.0510552451893234,72.18429074384441,,-0.0314078927150504,-0.025436183249817668,0.0,0.0,0.0,0.0,-0.025048846902595984,defensive,2026-10-02,2026-10-02,False,False,False,True,False,False,False,False,False,False,False,,0.006785185198879992,Stacking,0.006557639076166574,0.0076374877,0.03622684874593607,0.024980117547717187,0.011188650392972737,-0.008096756626586904,0.006785185198879992,0.011986614803499345,104,71
UNH,mixed,Healthcare,365.20001220703125,365.20001220703125,2026-03-02,2026-03-02,1304.7202702702796,2.6533595371638032,3.1920104133460843,-20.54187414353298,258.51502552881107,0.011,0.0001062586335139,0.1633529125999205,0.003356445700658,0.1758241758241758,30.9021978021978,1.0417582417582418,0.1444043321299639,0.0096434197585663,0.6714979278444091,2.208936351078525,0.2609486481529134,0.7883756756051071,2.147680925732714,0.3657039676207519,2.490560580563736,0.3901437371663244,0.3278432486156467,0.0066644451849383,0.0054213187225506,103.41758241758242,,0.23825996747374378,0.19847733068729068,0.0,0.0,0.0,0.0,0.18864063480192111,defensive,2026-10-02,2026-10-02,False,False,False,False,False,False,True,False,False,False,False,,0.005970514728266362,Stacking,-0.006658323131664645,-0.04171415,-0.040676012808460144,-0.045392748770559176,-0.015518437097010984,-0.01375006794651561,0.005970514728266362,-0.02189228153020904,105,111
BDX,mixed,Healthcare,178.07000732421875,178.07000732421875,2026-02-09,2026-02-09,113.8507462686567,8.28084255428789,1.7202351512981566,-1.2883110768050154,51.32945786019868,1.34,0.0151095641167629,0.4463061690784463,0.1130997715156131,1.9258115174171568,3.6306282705405417,0.3788481673607521,0.8356164383561644,0.0749914393334094,0.5389945478747652,1.1691717427418715,0.4492655192165885,1.0488528706768634,2.094098883572568,0.0957677649933444,0.4737699576409254,5.551401869158879,0.404029304029304,0.0068749879853503,0.0336953212219628,88.6855496964309,,0.008666632628405724,0.7007641578244388,0.0,0.0,0.0,0.0,-0.16652440682770397,defensive,2026-10-02,2026-10-02,False,False,False,False,False,False,True,False,False,False,False,,0.005497791226272897,Stacking,0.007473541189522176,-0.100431904,-0.012383558077723178,-0.00717946150024987,0.014825150066532688,-0.011685428692905685,0.005497791226272898,-0.01341194736427434,106,106
HUM,mixed,Healthcare,379.67999267578125,379.67999267578125,2026-02-19,2026-02-19,-38.748865355521936,0.9479448891280948,1.7456208908648128,0.0190550006538616,-57.75098988321168,-3.7645,-0.0450812708840686,0.1166846071044133,-0.0315239120405966,-6.374358103790715,34.901403535013586,1.678591312874463,1.12227602905569,-0.15505345437888604,0.6361641025641026,1.7564138868437449,0.4061652758688715,0.7242582897033158,9.9434250764526,0.666974358974359,2.9283238172920063,-7.02054794520548,-1.472972972972973,0.00353638589901,-0.0194112146519201,146.72716243279402,,0.43095567380159366,0.6408660386178369,0.0,0.0,0.0,0.0,0.27073916414713445,defensive,2026-10-02,2026-10-02,False,False,False,False,False,False,True,False,False,False,False,,0.005279973937795671,Stacking,-0.02371260798196495,-0.008445021,-0.027363875472428294,-0.07020809600314931,-0.010204738795144629,-0.011560595607827507,0.00527997393779567,-0.020796402598471847,107,109
STE,mixed,Healthcare,209.33999633789062,209.33999633789062,2026-02-06,2026-02-06,129.3469387755102,16.657319697881157,3.476752744876463,19.63339093318991,98.62933135215454,1.96,0.0268976966754558,0.4381391618207339,0.1811376244903415,2.0295015259409968,4.31027466937945,1.0040691759918616,0.6690140845070423,0.3233221294589612,0.3232339445210265,0.4776154801266759,0.0761766695226229,2.478802992518703,1.510296789824349,0.1412561134505353,2.948439144159944,18.31081081081081,13.89864864864865,0.0024838473680206,0.0563166350226376,72.54959514170041,,-0.15510353820926415,-0.13524456238478766,0.0,0.0,0.0,0.0,-0.12129239761306723,defensive,2026-10-02,2026-10-02,False,False,False,False,False,False,True,False,False,False,False,,0.004789973686435978,Stacking,0.007889465607504042,0.052037265,0.020597940122442676,0.024651178154361977,0.014325952877008614,-0.014163822434522185,0.004789973686435978,0.014945731255604708,108,60
DGX,mixed,Healthcare,231.08999633789062,231.08999633789062,2026-02-26,2026-02-26,78.52036199095024,6.864515324305061,2.68644769874477,14.282581428571628,64.24147132169576,2.21,0.0341701534170153,0.3257305773342837,0.1393442622950819,2.765765765765766,3.783783783783784,1.423423423423423,0.6602150537634408,0.204126426690079,0.550939907550077,1.2467224546722455,0.3313288508931913,1.0438981562774363,1.9928977272727275,0.1729429892141756,1.1825,6.109375,0.431266846361186,0.0046724532404241,0.0274079874706343,64.01785714285714,,0.09912007770697095,0.3250573184512078,0.0,0.0,0.0,0.0,0.01785574809416901,defensive,2026-10-02,2026-10-02,False,False,False,False,False,False,True,False,False,False,False,,0.004410435694570867,Stacking,0.00829001827087147,-0.00054531486,-0.0021851262463516413,0.010586781299522683,0.009978977992595815,-0.016380107088742615,0.004410435694570867,0.0020159129248390486,109,93
KO,mixed,Consumer Defensive,86.0999984741211,86.0999984741211,2026-02-20,2026-02-20,131.9056603773585,25.44009643038403,9.349150424321552,-0.862813822505104,92.58055111600991,0.53,0.0705959153222046,0.6004906107257655,0.1557266114024699,0.6680613668061367,3.224546722454672,0.205020920502092,0.7651757188498403,0.1764954654386542,0.6729983971912685,2.1928253909042867,0.1512604270842747,1.4587660354306655,3.89137590520079,0.1127881239505419,0.3188415580908661,4.271461716937355,0.7841745531019979,0.0145900543841949,0.0355396152592109,7.458613494087642,,0.07329841029819373,0.19583331214057065,0.0,0.0,0.0,0.0,0.024340082263051066,defensive,2026-10-02,2026-10-02,False,False,False,True,False,False,False,False,False,False,False,,0.004091747554411968,Stacking,0.010387153241207687,0.003975919,-0.0018237469914880763,-0.007022103611862182,0.009479465698582502,-0.01792474588918807,0.004091747554411968,0.0001077955061024136,110,95
IQV,mixed,Healthcare,260.7200012207031,260.7200012207031,2026-02-17,2026-02-17,74.63907284768212,8.780866177818515,5.89261879132708,0.3347934590719124,50.15635148042025,3.02,0.0790404428725203,0.0669110907424381,0.1677360219981668,3.3,12.594117647058823,1.0235294117647058,0.763265306122449,0.0881506356440393,0.7785866951643067,3.585114562509611,0.4162088951635843,0.7494603022307508,1.2734169827837758,0.1457387122628907,1.0855771794188216,3.7927461139896375,0.4864731923266109,0.0,0.0356438191644505,37.83013379872018,,0.43095567380159366,0.8743350195593325,0.0,0.0,0.0,0.0,0.21237191891176055,defensive,2026-10-02,2026-10-02,False,False,False,False,False,False,True,False,False,False,False,,0.0040164643924913415,Stacking,-0.010289591695588183,-0.052055955,-0.09000131689713167,-0.08789538640743759,0.002894121934211906,-0.01552534069807614,0.0040164643924913415,-0.03460923316218857,111,118
WAT,mixed,Healthcare,425.5299987792969,425.5299987792969,2026-02-23,2026-02-23,100.484126984127,24.25812847370442,8.83062091750799,0.4903616753641813,72.03839445514967,3.78,0.0879315582049646,0.5978589861019646,0.3331077414137427,2.108957780539415,9.87188056292614,0.6545024015047191,0.7631583745054785,0.0,0.4962129057625555,0.9849654972079952,0.0622285348725257,0.0,1.1248944312801927,0.1833922537415098,0.0,36.0381759108842,33.22963553028545,0.0,0.1101007438355594,42.856650435888426,,0.3850535389750247,0.2381575849025166,0.0,0.0,0.0,0.0,0.32512160904057463,defensive,2026-10-02,2026-10-02,False,False,False,False,False,False,True,False,False,False,False,,0.003909028777038378,Stacking,-0.006092231686176247,-0.1158976,-0.1443349090626425,-0.0740950198692163,0.004570083689858531,-0.016339093229600605,0.003909028777038378,-0.0477632425030058,112,123
DHR,mixed,Healthcare,211.75999450683594,211.75999450683594,2026-02-24,2026-02-24,135.45562130177515,23.67872418835917,3.0821014200327403,1.0557458100535893,85.67436177474403,1.69,0.0227852438420832,0.5799941503363557,0.2196548698449839,2.468542344125548,6.524812667891983,0.5245299024459211,0.8247520075578649,0.3110033788746878,0.3705789322342567,0.5887615639395439,0.1137509607194426,1.873953283384751,1.7475083056478404,0.0819275376210102,1.5574837310195229,27.30909090909091,32.89473684210526,0.0013957930895099,0.0588425476883284,73.88748241912799,,0.027961138382698758,0.11906143057039564,0.0,0.0,0.0,0.0,-0.0018042192599001527,defensive,2026-10-02,2026-10-02,False,False,False,False,False,False,True,False,False,False,False,,0.0038800819967509635,Stacking,0.010094368405454175,0.018268088,-0.012092367474360101,0.007123914966940623,0.010943061136221097,-0.01824758459465889,0.0038800819967509635,0.0026203142394448323,113,92
TGT,mixed,Consumer Defensive,156.6999969482422,156.6999969482422,2026-03-11,2026-03-11,40.53511705685619,1.5255960086468874,3.0124032786885246,0.0910850370654774,18.56906354642313,2.99,0.0854933498298793,0.2473135123280804,0.0585544659920423,4.953432965128871,11.886506389430366,1.711067792939138,0.7432564185895353,0.1449364107395195,0.7282736594385611,2.6801732137333745,0.114836075506691,0.9422986340084786,1.670777022829494,0.5365439569675575,1.90342259546823,16.539823008849556,0.9915292019616584,0.0105964619029779,0.0487247547605308,34.90606780393004,,0.2763944089773047,0.6951535801410882,0.0,0.0,0.0,0.0,0.10260601394203267,defensive,2026-10-02,2026-10-02,False,False,False,True,False,False,False,False,False,False,False,,0.003774121103927992,Stacking,0.009859246021486056,-0.0018488903,0.010063061886767895,0.03752132401286002,0.006436980975161631,-0.019487215565360323,0.003774121103927993,0.006556066492288225,114,85
BG,mixed,Consumer Defensive,106.61000061035156,106.61000061035156,2026-02-19,2026-02-19,181.79591836734693,0.918021940466253,1.0000921181415163,-1.0624975817923186,62.85530303030303,0.49,0.0054695146525418,0.0425469236596246,0.0157394158740846,4.097435897435897,6.887179487179488,2.758974358974359,0.5976065818997757,0.0883850069412309,0.6087405677326626,1.560596464966319,0.9127491278366896,1.6124148872876314,6.140051679586564,0.5336417535034136,4.661135013316943,1.7314814814814814,0.0862770633241087,0.0077717522710787,0.0118423965173762,89.07179487179488,,-0.11607660550243293,0.3603419753777155,0.0,0.0,0.0,0.0,-0.2061620993468618,defensive,2026-10-02,2026-10-02,False,False,False,True,False,False,False,False,False,False,False,,0.0035357603231252754,Stacking,0.020257561876383775,0.07025714,0.04094071411501325,0.03488542037559219,0.018773926788996947,-0.01970193070003491,0.0035357603231252754,0.023055482175609546,115,38
CI,mixed,Healthcare,267.9599914550781,267.9599914550781,2026-02-26,2026-02-26,59.3168103448276,1.0100030908968982,1.7547753458988804,-0.4373991689460639,38.12261949822327,4.64,0.0295831035888092,0.0766364940942709,0.0296390330058505,14.627581371698614,28.86275525245368,1.2107617497772387,0.94763376158725,0.1091370558375634,0.7348387464459628,2.781986431088629,0.4298403495985317,0.8486386709736964,2.5191879866518354,0.4589188128090983,6.278074866310161,6.411940298507463,2.3182308522114345,0.0054100619280112,0.0156318669481666,156.84628841136012,,-0.07870039038996701,-0.14930635431258732,0.0,0.0,0.0,0.0,-0.04137380181182018,defensive,2026-10-02,2026-10-02,False,False,False,False,False,False,True,False,False,False,False,,0.0030197843749932693,Stacking,-0.010585389283601648,-0.058550183,-0.039858199077225626,-0.049174237036093645,0.00953581017163709,-0.017308308975119334,0.0030197843749932684,-0.022440363599242973,116,113
RVTY,mixed,Healthcare,149.05999755859375,149.05999755859375,2026-02-24,2026-02-24,111.20689655172414,14.240173692063788,1.5163676755361115,0.2378099655037261,62.29890874252815,0.87,0.0135667746153294,0.4379682302838136,0.144742091247267,1.4406963803063226,8.124966876888017,0.1781670111470313,0.8899431464769367,0.1376740286919172,0.4041654247214365,0.6783181800627831,0.3063586677176124,1.6824441162640114,1.0367746293329538,0.0634475610661079,2.339645429840832,4.752647471611449,0.3673704684154744,0.0007235625739105,0.0409599249784111,64.04119631847651,,0.43095567380159366,0.6688311414979149,0.0,0.0,0.0,0.0,0.26374788842711494,defensive,2026-10-02,2026-10-02,False,False,False,False,False,False,True,False,False,False,False,,0.00218356518096324,Stacking,-0.005273808451898804,-0.08230836,-0.053930000681301236,-0.06710839394369636,0.0007656210789968933,-0.022883688545409078,0.00218356518096324,-0.031454439459180604,117,116
LLY,mixed,Healthcare,1149.8499755859375,1149.8499755859375,2026-02-12,2026-02-12,145.0310391363023,50.02409233671988,36.36950402713398,1.9003496936177005,119.26618852646638,7.41,0.2500847936687394,0.8505235330707028,0.4548673025088119,0.7548980959953319,8.093523177008514,2.8359625034242684,0.2102276251317993,0.0915351425002838,0.7640830043742665,3.2387789711701527,0.044041602666062,1.5791132054047916,0.9571818407343092,0.1715210355987055,0.5361033649377208,71.34390243902439,3.8447098976109215,0.0013942069121517,0.078986746721588,29.54893196228961,,0.12955192744966704,0.5390432267720546,0.0,0.0,0.0,0.0,-0.00520887924334662,defensive,2026-10-02,2026-10-02,False,False,False,False,False,False,True,False,False,False,False,,0.001962387058334545,Stacking,-0.014994625469315966,-0.08892928,-0.07697296643134903,-0.05113705355776652,0.006329808455364973,-0.02054702551110442,0.001962387058334545,-0.03358037283281386,118,117
MRNA,mixed,Healthcare,188.94000244140625,188.94000244140625,2026-02-20,2026-02-20,-13.976303317535544,17.050265486725664,1.3364254335260115,-0.0111524682203389,-14.864863387978142,-2.11,-0.0954913294797687,0.3333333333333333,-0.34526752748315304,2.326530612244898,14.793367346938776,0.0994897959183673,0.9589905362776026,0.4786109713135379,0.2989139244610147,0.4263583815028902,0.1075252074380108,3.293407146451937,3.684782608695652,0.0549521802561193,1.4258675078864351,0.0,0.0,0.0,-0.048993395475977634,22.066326530612244,,0.43095567380159366,1.0930483982474672,0.0,0.0,0.0,0.0,0.15769357423972685,defensive,2026-10-02,2026-10-02,False,False,False,False,False,False,True,False,False,False,False,,0.0005788182659522429,Stacking,-0.018692519097654004,0.02767181,-0.04292550367030247,-0.05761328591537401,-0.007925904071263758,-0.02729085246193695,0.0005788182659522446,-0.01847582176245021,119,108
ELV,mixed,Healthcare,381.6700134277344,381.6700134277344,2026-02-06,2026-02-06,141.9230769230769,1.5629483184915671,1.7718424410920195,-0.6633320292504572,102.8328166160081,2.47,0.0124652477097671,0.2348282308480913,0.0116790962269081,-0.9422903516681695,42.79080252479712,1.321009918845807,-2.488095238095238,0.0042090494563311,0.63762819563106,1.7653707670571075,0.4206451822004813,1.2389637721100366,3.2653101411224155,0.409460549492156,2.228108171388433,1.5874316939890711,0.7548682703321878,0.0048487504950034,0.0123018536686115,188.93876869410323,,0.2978883035594735,0.012253052453877089,0.0,0.0,0.0,0.0,0.2948250404460042,defensive,2026-10-02,2026-10-02,False,False,False,False,False,False,True,False,False,False,False,,0.0003100614002177829,Stacking,-0.010870530736760762,-0.017428938,-0.0796661340120196,-0.08454394290978756,0.003652234218289865,-0.02726178233359554,0.0003100614002177829,-0.030483894460491864,120,115
CRL,mixed,Healthcare,286.8299865722656,286.8299865722656,2026-02-18,2026-02-18,-35.494661921708186,10.08153123984764,3.167299355690871,0.0149443992565824,64.86281183090928,-3.7645,-0.0873893630535007,0.3096425665366158,0.1209180599601499,1.190060143042913,4.343506176853056,1.8073390767230169,0.3970309110629067,0.1316772514873049,0.5499643889317268,1.240027428166958,0.2600749306226612,1.2916447606253598,1.402579649463361,0.1393368184810933,4.6127150537634405,5.056572029442692,2.549816107129385,0.0,-0.048993395475977634,64.30083712613784,,0.43095567380159366,1.0930483982474672,0.0,0.0,0.0,0.0,0.15769357423972685,defensive,2026-10-02,2026-10-02,False,False,False,False,False,False,True,False,False,False,False,,-0.0011105790654633886,Stacking,-0.0366536759611802,-0.07843416,-0.10000510007593585,-0.06153130927474005,-0.026632507665142472,-0.033182887712121606,-0.0011105790654633886,-0.04718765641994366,121,122
REGN,mixed,Healthcare,734.8099975585938,734.8099975585938,2026-02-04,2026-02-04,94.01583434835564,20.447808614164718,2.5410524716142677,-0.5633549764681507,65.79500624531602,8.21,0.0270212337115964,0.8494966918106223,0.2265273022166156,8.960155490767736,83.6268221574344,2.416909620991253,0.7875629964978218,0.267992857796905,0.2293416702211856,0.2975918917103103,0.025003329223692,4.125515062723194,0.6765776593335772,0.0957698348319842,0.6225772097976571,72.12295081967213,82.11475409836065,0.0011671325943079,0.1063880109226171,188.93876869410323,,-0.07081347282078654,0.49713738016461306,0.0,0.0,0.0,0.0,-0.1950978178619398,defensive,2026-10-02,2026-10-02,False,False,False,False,False,False,True,False,False,False,False,,-0.002278865439442274,Stacking,-0.03299013426879285,-0.056666795,-0.04557403800678214,-0.11674896194306843,-0.00419000158404348,-0.03298824140773962,-0.002278865439442274,-0.04100429791299378,122,121
TMO,mixed,Healthcare,652.510009765625,652.510009765625,2026-02-26,2026-02-26,111.0057471264368,17.836528857961525,4.079487707603873,1.2557194936708864,77.40939346811821,5.22,0.0369801711386147,0.3795333606221858,0.1884568153909128,7.957446808510638,26.888297872340427,1.2367021276595744,0.8654903095169222,0.2275989202712489,0.5148219642387827,1.0636620667702736,0.1820324849499617,1.8899861742050168,1.1560666288093886,0.110700270973238,2.0924903368304806,6.306849315068493,0.7337646776899114,0.0007435517539559,0.0475645607055468,141.6631299734748,,0.28300367644348,0.6457992023750219,0.0,0.0,0.0,0.0,0.12155387584972455,defensive,2026-10-02,2026-10-02,False,False,False,False,False,False,True,False,False,False,False,,-0.004235671634229698,Stacking,-0.010671229708634457,-0.07221964,-0.07100265845646664,-0.08579577745085004,0.00594891020907796,-0.04154749846191366,-0.004235671634229698,-0.038971403895734134,123,120
