tic,datadate,gsector,adj_close_q,trade_price,filing_date,accepted_date,pe,ps,pb,peg,ev_multiple,EPS,roe,gross_margin,operating_margin,fcf_per_share,cash_per_share,capex_per_share,fcf_to_ocf,ocf_ratio,debt_ratio,debt_to_equity,debt_to_mktcap,cur_ratio,acc_rec_turnover,asset_turnover,payables_turnover,interest_coverage,debt_service_coverage,dividend_yield,solvency_ratio,BPS,y_return,ret_1q,ret_4q,eps_chg,roe_chg,gm_chg,om_chg,ret_accel,bucket,data_vintage,original_datadate,sector_Basic Materials,sector_Communication Services,sector_Consumer Cyclical,sector_Consumer Defensive,sector_Energy,sector_Financial Services,sector_Healthcare,sector_Industrials,sector_Real Estate,sector_Technology,sector_Utilities,tradedate,predicted_return,best_model,pred_RF,pred_XGB,pred_LGBM,pred_HistGBM,pred_ExtraTrees,pred_Ridge,pred_Stacking,pred_ensemble_avg,rank_best,rank_ensemble
DELL,mixed,Technology,541.739990234375,541.739990234375,2026-09-08,2026-09-08,47.29971181556196,2.2346015327936724,-30.197880389927125,0.1643808350322915,23.74184397768516,6.34,-0.9141149527266523,0.2016237754276641,0.0942209173432397,6.065006206359361,17.687172159603016,1.1062153996420692,0.845742404792469,0.073875041489513,1.0112015573854136,-37.46687540719627,0.4223558358221753,0.9104300684379396,1.281687977575548,0.36870942673459295,0.7924174843889384,7.652068126520681,0.4098321628377574,0.0046387683456963,0.0292224064150506,-3.6847720257430585,,0.43095567380159366,1.0930483982474672,2.8699999999999997,-0.8404039533076916,0.0,0.0,0.15769357423972685,growth_tech,2026-07-31,2026-07-31,False,False,False,False,False,False,False,False,False,True,False,,0.6774109937552272,ExtraTrees,0.6113714942618029,0.60276467,0.2198023152243871,0.26441945030343245,0.6774109937552274,0.06677662397253806,0.20845658752138585,0.37968530003584045,1,1
LRCX,mixed,Technology,340.1000061035156,340.1000061035156,2026-08-07,2026-08-07,134.78740157480314,41.44873417314166,21.835930927888096,14.361366191821732,110.86082741388093,5.76,0.5825869637054072,0.4960272534510704,0.3386854602920862,1.321926470109578,4.906470125455384,0.146962134750022,1.1250779537108668,0.2382115811408474,0.4699933186690564,0.8867686676870137,0.0202394728389511,2.2561850641695127,1.53058731318301,0.028005448253302215,2.6229739506902567,42.6210915426634,2.1851086910121813,0.0014783544996432,0.1509832385493357,8.016766150991762,,0.43095567380159366,1.0930483982474672,4.49,0.4254724177021147,0.0,0.0,0.15769357423972685,growth_tech,2026-06-28,2026-06-28,False,False,False,False,False,False,False,False,False,True,False,,0.2644838867194203,ExtraTrees,0.2448574083652809,0.019350272,0.025060832812246966,0.07347085422249107,0.2644838867194203,0.01997919772797938,0.09304040485842172,0.10652210188856982,2,5
ZBRA,mixed,Technology,375.45001220703125,375.45001220703125,2026-08-04,2026-08-04,174.69064748201438,8.290403571416949,3.408122984347826,-1.4484766120834285,53.09375540156584,4.85,0.0678311499272198,0.4461016949152542,0.1505084745762711,6.493285743969306,2.482142868489796,0.595714288437551,0.9159663865546218,0.1927645788336933,0.6022924626606461,1.514410480349345,0.2174456103225226,0.9697624190064796,1.7728365384615383,0.18027092740534909,1.1755395683453238,6.0,1.4213483146067416,0.0,0.0262515262515262,70.83602341095038,,0.43095567380159366,0.31294590924266075,3.46,0.0483216738960047,0.0,0.0,0.32512160904057463,growth_tech,2026-07-04,2026-07-04,False,False,False,False,False,False,False,False,False,True,False,,0.2242542646582102,ExtraTrees,0.2574287000135585,0.039620582,0.1833104974070212,0.1671941138732076,0.22425426465821016,0.05138941849816954,0.09815085907853138,0.14559577404509977,3,3
FTNT,mixed,Technology,178.72000122070312,178.72000122070312,2026-07-30,2026-07-30,116.77941176470588,30.976152755905517,47.684501818181815,3.673520724308293,82.78475744925868,0.82,0.390883888853072,0.7956955380577427,0.3283989501312336,0.7770152065670838,4.821020051137128,0.0575965549724128,0.9309900032247662,0.123202224870878,0.8571625902460587,6.000967055637934,0.0168837017981371,1.1720699245133095,1.1264191106906338,0.18858663621629587,1.6863084922010398,142.1818181818182,1.0908549890894663,0.0,0.0596064119234677,1.6544117647058822,,0.43095567380159366,0.744120242224096,0.1399999999999999,-0.018005000035816898,0.0,0.0,0.24492561324556966,growth_tech,2026-06-30,2026-06-30,False,False,False,False,False,False,False,False,False,True,False,,0.1867041669929411,ExtraTrees,0.14286371728317288,0.13296592,0.18468136555988993,0.1719274860733349,0.1867041669929411,0.05330469817047423,0.07160257635513748,0.13427637302096532,4,4
INTC,mixed,Technology,120.0,120.0,2026-07-24,2026-07-24,-307.5,12.85557993271903,1.538201450809846,0.6561182442520156,57.0469298245614,-2.16,-0.12603093372324142,0.3614889571449466,0.0402223197308761,0.1647446457990115,7.70510708401977,0.7182866556836903,0.1865671641791045,0.1358036421219319,0.4023525627988591,0.7443844558588042,0.2650079186652953,2.017038796516231,3.561865069028393,0.07966844333354739,0.8835256021048371,1.9434628975265016,1.0700934579439252,0.0,0.0286355781777145,23.53397858319605,,0.43095567380159366,1.0930483982474672,-2.04,-0.12085947040037942,0.0,0.0,0.15769357423972685,growth_tech,2026-06-27,2026-06-27,False,False,False,False,False,False,False,False,False,True,False,,0.1775675525826629,ExtraTrees,0.4809142751992318,0.6157626,-0.08034670066210335,-0.11185568025302678,0.17756755258266288,0.09609129698799226,0.14950769734947325,0.19201383123311783,5,2
FFIV,mixed,Technology,443.67999267578125,443.67999267578125,2026-08-06,2026-08-06,81.81410256410255,17.892237359644483,4.159027986605861,-3.745939389479459,56.63319638189655,3.62,0.0508876669462764,0.8154511134212398,0.2603685263202689,2.593078924544666,20.81065047701648,0.1686036426712922,0.93894894197009,0.0983440791936342,0.23850642122196947,0.7781833124944888,0.0181926303531205,1.5302393326901054,0.8173792662056684,0.126675593206341,2.5022667699764254,0.0,6.229151448746044,0.0,0.0743312493780457,60.83254246613025,,0.43095567380159366,0.551220168784635,0.5,0.0,0.0,0.0,0.2931506316054349,growth_tech,2026-06-30,2026-06-30,False,False,False,False,False,False,False,False,False,True,False,,0.1487510414732116,ExtraTrees,0.17033721307013847,0.06030368,0.028388180321385126,0.03973976577129596,0.1487510414732116,0.035560844122553815,0.07156783626906094,0.0797613180766831,6,9
WDAY,mixed,Technology,186.75,186.75,2026-08-27,2026-08-27,236.2181818181818,18.1229766943128,5.879228313901345,-1.879008971573276,133.53844041551247,2.57,0.0978328173374613,0.7586887835703001,0.1200631911532385,4.661790540928454,20.832615693163856,0.2296448542329287,0.9530516431924884,0.2003762935089369,0.5926089424229047,1.4546439628482972,0.0679271774605742,1.321574161179053,1.085763293310463,0.039013873998864856,4.302816901408451,10.857142857142858,1.5316455696202531,0.0,0.0235660726458272,29.63050138376909,,0.43095567380159366,-0.18410590239853197,2.0199999999999996,0.0792549826161289,0.0,0.0,0.32512160904057463,growth_tech,2026-07-31,2026-07-31,False,False,False,False,False,False,False,False,False,True,False,,0.1451356504238683,ExtraTrees,0.17225454811466043,0.02782188,0.06720811374048112,0.0923621306985793,0.14513565042386836,0.12218505004766111,0.08660066870816405,0.10232882842698278,7,6
ORCL,mixed,Technology,138.07000732421875,138.07000732421875,2026-09-11,2026-09-11,114.9296875,24.148749272833044,10.783660215612418,-0.689239351367047,65.68657808118981,1.56,0.07128736596178038,0.6215823152995927,0.3279232111692844,-4.022416812609457,13.70647985989492,6.505508236846493,-1.6059292406656411,0.1755406632790829,0.8407641494046648,5.356254058968697,0.3460542449478099,1.3470309546603825,1.603694374475231,0.22211047322585645,0.6866160016888326,4.777118644067796,0.5212440988614274,0.0034616746603969,0.0304914423174854,13.210363761153054,,-0.29651158279188033,-0.38717262616858084,0.28,-0.025374538181614822,0.0,0.0,-0.19971842624973513,growth_tech,2026-08-31,2026-08-31,False,False,False,False,False,False,False,False,False,True,False,,0.1361626788165317,ExtraTrees,0.04700108350420439,0.12828015,0.029158987540054103,0.06534176208174851,0.1361626788165317,0.08123391698260005,0.0525179278778443,0.07746236511788167,8,10
DDOG,mixed,Technology,276.4599914550781,276.4599914550781,2026-08-06,2026-08-06,1046.076923076923,50.06095619569574,12.785415135177429,7.591622605954074,392.80539677707253,0.12,0.010202969435514155,0.8039286860806929,0.0098154205754547,0.9067661844670156,12.752744434184878,0.0253411306042884,0.9728130761398972,0.2055226809584762,0.4213900307048197,0.7282799347859936,0.0268035181304495,3.382101682731128,1.285907007239006,0.1485827092448999,1.2560840373409683,3.5984615384615384,0.9005694679406229,0.0,0.0281319312359572,10.210786942295275,,0.43095567380159366,0.08978806040482157,-0.010000000000000009,-0.002274101765807444,0.0,0.0,0.32512160904057463,growth_tech,2026-06-30,2026-06-30,False,False,False,False,False,False,False,False,False,True,False,,0.12994298612593538,ExtraTrees,0.07678544854600165,0.020654514,0.044259017401788066,0.0503039322642808,0.12994298612593538,0.09326603468975167,0.06040690997875166,0.06839013308846811,9,14
PLTR,mixed,Technology,190.0399932861328,190.0399932861328,2026-08-04,2026-08-04,683.6538461538461,69.93691086052125,57.43289481307568,5.8086757979614765,392.80539677707253,0.41,0.1086422062013502,0.8464844377531451,0.4090085171900523,0.3200895381632441,3.006841917395924,0.0055603409269916,0.982925400266308,0.6612007169221007,0.17106630394355885,0.18351180670242478,0.0004324440914446,7.109823993412619,1.3500136747707676,0.1657279096984869,15.251229983516517,0.0,0.0,0.0,0.31358596093688235,2.870517432116688,,0.30908585304217695,0.43926077920427775,0.14999999999999997,0.02624692827180991,0.0,0.0,0.1992706582411075,growth_tech,2026-06-30,2026-06-30,False,False,False,False,False,False,False,False,False,True,False,,0.09616871791284565,ExtraTrees,0.028545236180056843,0.15817565,0.031583973526189,0.04549287808520518,0.0961687179128456,0.05397074575481209,0.04102169659640041,0.06520723278448681,10,18
NOW,mixed,Technology,137.75999450683594,137.75999450683594,2026-07-23,2026-07-23,392.79487179487177,44.608859304932736,12.27741514964517,-5.292249709060685,210.67916334661356,0.29,0.023809523809523808,0.7662556053811659,0.1241591928251121,1.9249278152069296,6.048123195380173,0.2290664100096246,0.8936550491510277,0.2143062338408503,0.6047495736752353,1.5300415468200703,0.0150975962528306,0.9461840467298668,1.3582032736962315,0.01992850375797385,4.088235294117647,0.0,5.473214285714286,0.0,0.0468869512008566,12.38204393505253,,0.259001960398793,-0.31943486559215517,-0.10000000000000003,-0.007122287359868293,0.0,0.0,0.32512160904057463,growth_tech,2026-06-30,2026-06-30,False,False,False,False,False,False,False,False,False,True,False,,0.09465866358455871,ExtraTrees,0.06398346542980382,0.050672334,0.03013552213514181,-0.0014129676639378034,0.09465866358455871,0.08335200881691948,0.05342850025022578,0.05415060356663484,11,22
SMCI,mixed,Technology,41.91999816894531,41.91999816894531,2026-08-31,2026-08-31,43.6865671641791,1.3773907491832638,2.4983850549519704,0.0782750299385558,33.9548250764049,3.26,0.1540426391827536,0.0629661002716264,0.0373978581967848,-0.0755997681019547,6.854871031845768,0.035557141756058,1.8879822579295336,-0.0015521499790734,0.5164671834972552,1.0681240560761553,0.279232181945463,1.696765113685341,1.152455656891558,0.02264676653731932,0.8640838460440535,18.704077608644216,1.934659716290824,0.0,0.0196853004076787,10.372862975248788,,0.3169964866146815,0.01747568371226471,2.59,0.09675386048305121,0.0,0.0,0.3126275656866153,growth_tech,2026-06-30,2026-06-30,False,False,False,False,False,False,False,False,False,True,False,,0.09020767235457443,ExtraTrees,0.11308916042486278,0.0860469,0.1264946885936611,0.09407621379815767,0.09020767235457444,0.057064872059426786,0.05892895603925814,0.08911269062256338,12,8
SATS,mixed,Technology,108.7,,2026-03-02,2026-03-02,-26.00478468899522,8.235197314867648,5.4217994118406105,0.0086369647597797,-119.60118186265674,-3.7245,-0.9141149527266523,0.6218875905094133,-0.2054078304242292,-2.028658954271547,7.159216798973535,0.5497359078407033,1.3717136663516112,-0.0344016489289896,0.8648886452606224,6.452610260807551,0.8594345049484029,0.4151902479403149,2.9799560230451174,0.0882458311495709,2.64962913462284,-1.3458628058147524,-1.0464892678426518,0.0,-0.048993395475977634,20.04869449109667,,0.02248770203794792,0.08978806040482157,0.0,0.0,0.0,0.0,4.068693674252888e-05,growth_tech,2026-10-02,2026-10-02,False,False,False,False,False,False,False,False,False,True,False,,0.07674850846562614,ExtraTrees,0.07230750366369422,0.110532716,0.1002140385817171,0.15838138556520118,0.07674850846562614,0.09130788304924956,0.055241870311613386,0.09443703662145221,13,7
HPQ,mixed,Technology,32.150001525878906,32.150001525878906,2026-08-27,2026-08-27,32.55932203389831,1.2468098074525558,5.283663046668623,-0.2699580804516584,25.227584789311408,0.71,-0.9141149527266523,0.1963568361268873,0.0525696079789444,0.161987041036717,3.4060475161987043,0.2516198704103671,0.391644908616188,0.0130761351997268,0.917972794029132,11.191077194012328,0.5387902301149241,0.7588255377261864,2.707801950487622,0.34303406927638347,0.6368276619099891,8.625,0.8925184404636459,0.0153876578762587,0.0199066302979437,3.655579399141631,,0.11989374719909551,0.11091919578019716,0.12,-0.8404039533076916,0.0,0.0,0.09216394825404622,growth_tech,2026-07-31,2026-07-31,False,False,False,False,False,False,False,False,False,True,False,,0.07413812340968712,ExtraTrees,0.03555931461937762,0.050942726,0.04696848689074829,0.06942522929491697,0.07413812340968712,0.11323762102806473,0.051079866168414756,0.06321901048339143,14,19
IT,mixed,Technology,192.8000030517578,192.8000030517578,2026-08-04,2026-08-04,75.08333333333334,10.36412187606984,56.77932405566601,0.0305042641591952,51.96845850840336,4.14,-0.9141149527266523,0.645954581764236,0.1906881205066758,3.759888888888889,23.923902777777776,0.331,0.9190884893258732,0.0723323539841437,1.0232628000657245,-37.46687540719627,0.1641514939309057,0.9985867215180796,1.015967017882318,0.065500049070892,12.465346136847604,17.49738219895288,12.82572614107884,0.0,0.0373447039801212,4.437004160887656,,0.21052303039968479,-0.4637989252113081,0.7799999999999998,-0.8404039533076916,0.0,0.0,0.32512160904057463,growth_tech,2026-06-30,2026-06-30,False,False,False,False,False,False,False,False,False,True,False,,0.0708383189898013,ExtraTrees,0.07388484721655854,0.056508396,0.0859283330889152,0.0821154087192597,0.0708383189898013,0.00945801056276949,0.041070390900981274,0.05961088548255457,15,20
MSFT,mixed,Technology,512.7999877929688,512.7999877929688,2026-07-29,2026-07-29,93.36293436293435,44.21862389723525,9.194193079629038,0.6009601258067465,63.47133413544173,10.890440000000018,0.30233483352811,0.6803612515841669,0.4709436098089156,0.7915489167003095,12.03821827479478,4.020454851298614,0.1644946585379495,0.2750509595784777,0.41666534805953775,0.7142818392041358,0.0112032449218611,1.3860236144763662,1.4375696471212522,0.02631016804329251,0.6959387055293613,52.00407608695652,8.683294455410012,0.0018815841776768,0.1736563822072901,52.39611260053619,,0.2866641269425887,0.1100287633243906,7.28,0.20394532281496652,0.0,0.0,0.25915693611149104,growth_tech,2026-06-30,2026-06-30,False,False,False,False,False,False,False,False,False,True,False,,0.06529951985717228,ExtraTrees,0.023607486082361833,0.035984077,0.013924387412125715,0.03283558915936264,0.06529951985717229,0.050323048791165344,0.03709982655838842,0.037237815870051934,16,29
HPE,mixed,Technology,64.58000183105469,64.58000183105469,2026-09-03,2026-09-03,74.40625,3.086515428448554,1.1587825946556876,0.090805291005291,58.23006402048656,1.06,0.05808252244097458,0.3591011719169982,0.0965487581980432,0.4565217391304347,3.628935532233883,0.4265367316341829,0.5169779286926995,0.0483639200229913,0.17106630394355885,0.538432526212567,0.752795070866054,1.0347333415445252,1.8862299736361792,0.1460955069620556,0.711421410669531,16.62962962962963,0.1924242424242424,0.0010101826410214,0.0142173589049692,18.26991150442478,,0.38154824984507196,1.0930483982474672,0.74,0.041371454385755485,0.0,0.0,0.10828615028320515,growth_tech,2026-07-31,2026-07-31,False,False,False,False,False,False,False,False,False,True,False,,0.06312708969614747,ExtraTrees,0.015678818128349658,-0.12080758,-0.0635682942580282,-0.05344131936727582,0.06312708969614747,0.04277591370796094,0.033973302286871364,-0.010821934926037374,17,82
LITE,mixed,Technology,1045.780029296875,1045.780029296875,2026-08-17,2026-08-17,335.0818181818181,41.748680691209614,32.81803330970942,0.0509729541393602,182.02775985663084,-3.7245,-0.9141149527266523,0.3607813673929376,0.0966190833959429,2.853727144866385,16.248945147679326,1.0717299578059072,1.601420678768745,0.0336288353328378,0.36450222374273006,0.5735696289756455,0.1195915007432222,0.6060091304809427,1.766188959660297,0.05536777283612727,1.224525043177893,10.206349206349206,0.0457474226804123,0.0,0.036072448025867,9.64236902050114,,0.0,0.0,-6.3245000000000005,-0.8404039533076916,0.0,0.0,0.0,growth_tech,2026-06-27,2026-06-27,False,False,False,False,False,False,False,False,False,True,False,,0.05709131055525857,ExtraTrees,0.04301692178008985,0.008224953,0.11045592225521089,0.11784166077618904,0.05709131055525859,0.08058229167889855,0.04579163603453684,0.06566703400277152,18,16
COHR,mixed,Technology,319.19000244140625,319.19000244140625,2026-08-14,2026-08-14,212.1494252873563,17.02291518386714,3.3610071603092337,-1.6358148280933995,96.67056120107318,4.12,0.07382935471607957,0.3695136417556346,0.1180308422301304,-0.6154212218649517,5.554591639871383,0.9877684887459808,-1.6528151986183075,0.0296757501455598,0.3858857437754141,0.647650317627513,0.1167871721305121,2.2517626062996645,1.5345450110449013,0.017545223863012663,0.9503748750565486,4.332019940353092,1.9715813648293965,0.022378346669402357,0.0440393500502384,54.915086816720255,,0.0,0.0,3.25,0.056614820871603466,0.0,0.0,0.0,growth_tech,2026-06-30,2026-06-30,False,False,False,False,False,False,False,False,False,True,False,,0.05542267766615803,ExtraTrees,0.029657098559039377,0.034805626,-0.0171141573067967,0.015554929371568292,0.055422677666158035,0.019559847823833167,0.0323639381104123,0.02462192165137255,19,43
TXN,mixed,Technology,281.30999755859375,281.30999755859375,2026-07-24,2026-07-24,136.60629921259843,35.65507800135654,9.69104713328827,-2.21086409772328,82.06203381642511,2.14,0.10995723885155773,0.5588966764639385,0.3330318788152837,1.462046204620462,5.36963696369637,1.0176017601760177,0.5896184560780834,0.713516935739158,0.4981606376456162,0.9926695174098962,0.0937144841350236,4.352643241532131,2.253183902190525,0.15224903851513294,2.5806878306878307,10.4468085106383,2.448684210526316,0.0081799637684674,0.0939274792485801,17.823658269441403,,0.34072060603657306,0.527115778506019,0.8700000000000001,0.03848916289752352,0.0,0.0,0.2089416614100683,growth_tech,2026-06-30,2026-06-30,False,False,False,False,False,False,False,False,False,True,False,,0.05109951740412213,ExtraTrees,0.03649299555089729,0.06762071,0.11927365211552383,0.08465925174828011,0.05109951740412213,0.06115560564374606,0.040639695887286734,0.06542266940552095,20,17
QCOM,mixed,Technology,182.08999633789062,182.08999633789062,2026-07-29,2026-07-29,60.87188612099644,15.146106758080313,8.042738265505136,-0.0776279244193582,57.39218657159834,1.87,0.4078223670808719,0.545543584720862,0.2747306562193927,4.1271028037383175,11.04859813084112,0.5130841121495328,0.8894259818731118,0.5054978619425778,0.5178761308766364,6.051945406396415,0.0798458372334767,2.505396049684382,2.950156513363833,0.17339236843481445,2.055370985603544,19.91715976331361,16.70414201183432,0.0051139704079482,0.1002636761122792,21.38368860055607,,0.29114370231788,0.24183316059394833,-0.94,0.2776269005182229,0.0,0.0,0.23068541216939292,growth_tech,2026-06-28,2026-06-28,False,False,False,False,False,False,False,False,False,True,False,,0.049814407450118885,ExtraTrees,0.02828504447256725,0.041388176,-0.0002870193575280231,0.033193482771179075,0.0498144074501189,0.030956368918796683,0.03362465360228056,0.031160567266869763,21,33
PSKY,mixed,Communication Services,9.34000015258789,9.34000015258789,2026-08-04,2026-08-04,-25.76923076923077,1.7465879574970484,1.265167194047721,-0.1751922213911742,-3.9703465194725545,0.04,0.003483136521960751,0.3702479338842975,-0.34526752748315304,0.2146739130434782,2.965579710144928,0.0751811594202898,0.740625,0.0301915275025945,0.7026671588759171,2.6045497306080563,0.9717039800995024,1.2567223322954997,1.2804232804232805,0.15565963387449055,5.887417218543046,-13.650862068965514,-1.6732586147352595,0.0070976638546398,-0.0143162042357576,10.591485507246375,,-0.29651158279188033,0.08978806040482157,0.56,0.05248681393579805,0.0,0.0,-0.26656497501143467,growth_tech,2026-06-30,2026-06-30,False,True,False,False,False,False,False,False,False,False,False,,0.045275083733684586,ExtraTrees,0.1114025797699211,0.2050551,0.0678022891779441,0.060855911261640444,0.045275083733684586,-0.04015637149812214,0.03857715820373028,0.06943078080418563,22,13
GOOGL,mixed,Communication Services,338.239990234375,338.239990234375,2026-07-23,2026-07-23,109.82456140350877,33.17806595490623,9.099849493696796,-19.81003049267161,84.0430315696843,9.11,0.175170184861354,0.5981772845402824,0.3160953852637493,2.033545928932329,10.506336453242772,2.3068831276401887,0.4685126521888477,0.5100199523091148,0.30532341702612736,0.4395187984011991,0.0156902273681748,2.005333592875566,1.8111503355277805,0.12993298141072016,3.751311475409836,-13.650862068965514,-1.6732586147352595,0.0006711038202373,0.2249522264687583,33.960173372587505,,0.10348424322841909,1.0010648419474353,6.26,0.09219907003106499,0.0,0.0,-0.14678196725843973,growth_tech,2026-06-30,2026-06-30,False,True,False,False,False,False,False,False,False,False,False,,0.04490181085148463,ExtraTrees,0.11331424534266096,0.10703319,0.05167421074184748,0.0220062476689861,0.04490181085148461,0.016198361092644088,0.04864147046907687,0.05774244157172062,23,21
GEN,mixed,Technology,22.25,22.25,2026-08-07,2026-08-07,60.74193548387096,12.929879032258064,6.875235849056604,0.5103111979166666,41.64519230769231,0.2,0.08094879518072289,0.739516129032258,0.3580645161290323,0.8699186991869918,1.0065040650406505,0.0097560975609756,0.988909426987061,0.2012648809523809,0.8302224495014063,4.890060240963855,0.5243543804828151,0.4661458333333333,3.434903047091413,0.00969899920154235,3.891566265060241,3.240875912408759,1.206896551724138,0.0048025796713663,0.0235573005407808,3.7491961414791,,0.1480908152734779,-0.215444287729196,-0.10999999999999999,-0.0013839663973217176,0.0,0.0,0.2019518872057769,growth_tech,2026-07-03,2026-07-03,False,False,False,False,False,False,False,False,False,True,False,,0.04326821368604581,ExtraTrees,0.03664473071316324,0.033300124,-0.03063330366424244,-0.012681252652047493,0.04326821368604581,0.060472413971981956,0.03998224882147691,0.024942177147781214,24,40
PANW,mixed,Technology,396.25,396.25,2026-09-10,2026-09-10,262.8196721311475,47.41486121819584,13.094235068668157,2.906401114004629,190.42835463258783,0.4,0.011166884911974392,0.735929067077872,0.1542020046260601,0.9179856115107914,6.526618705035971,0.1208633093525179,1.151624548736462,0.0691721812960419,0.4326867519603797,0.7626946020660555,0.0030245340936947,1.0449494318891248,1.225897920604915,0.04690672719768882,2.614503816793893,0.0,0.0,0.0,0.042217374566919,13.173913043478262,,0.43095567380159366,1.0798341381482257,-0.20999999999999996,-0.03482481103181351,0.0,0.0,0.16099713926453724,growth_tech,2026-07-31,2026-07-31,False,False,False,False,False,False,False,False,False,True,False,,0.041377196597229854,ExtraTrees,0.014549814592420622,-0.034977034,-0.07542263668326668,-0.014156662211657024,0.04137719659722985,0.0690920804934943,0.03667140367267624,0.006080989422196344,25,66
VRSN,mixed,Technology,286.8999938964844,286.8999938964844,2026-07-23,2026-07-23,108.94618834080715,52.78292969668469,-10.420843004363569,-12.410951115421945,82.12240137221269,6.24,-0.09604720287476154,0.8847872090289207,0.6388028945699924,3.0854978354978355,6.282467532467533,0.0487012987012987,0.9844613259668508,0.2172380166529142,1.366482792187616,-1.7997870547003239,0.0796575997234569,0.4894606556147325,28.543624161073826,0.24106944752607057,3.550724637681159,15.068783068783068,11.989417989417989,0.0031672381950216,0.0611764029769259,-23.263498920086395,,0.2580574167791465,0.04115253990595291,4.01,-0.00032721401578843234,0.0,0.0,0.24776928180265828,growth_tech,2026-06-30,2026-06-30,False,False,False,False,False,False,False,False,False,True,False,,0.04047059251969242,ExtraTrees,0.026133779704604808,0.041719798,0.028884108039200555,0.010119776430869679,0.04047059251969242,0.03924468568106588,0.03391401019893521,0.031674883696837255,26,31
MU,mixed,Technology,1097.3900146484375,1097.3900146484375,2026-06-25,2026-06-25,27.57877551020408,19.593671416596816,6.45199354117501,0.052040041942122,25.15054808574977,10.890440000000018,0.28039990469004406,0.743880972338642,0.6388028945699924,14.627581371698614,12.991111111111111,4.790222222222222,1.4527430059648827,0.8326105204252938,0.24895609639704128,0.33148008419046104,0.0169559683853648,2.89682428651371,1.3780755458010858,0.06293247434979718,1.804251550044287,367.2,26.171799027552677,0.0002823499213912,0.31358596093688235,63.560526315789474,,0.05993117768546741,1.0930483982474672,7.28,0.09009918290255045,0.0,0.0,-0.2133309218763994,growth_tech,2026-05-28,2026-05-28,False,False,False,False,False,False,False,False,False,True,False,,0.03974792377018168,ExtraTrees,0.014598621449033386,0.03653059,-0.022060914774845508,-0.0258447612681839,0.03974792377018168,-0.007367853911681162,0.023417236145711666,0.008810506219369315,27,62
GOOG,mixed,Communication Services,334.92999267578125,334.92999267578125,2026-07-23,2026-07-23,110.10526315789474,33.17806595490623,9.099849493696796,-19.81003049267161,84.0430315696843,9.11,0.175170184861354,0.5981772845402824,0.3160953852637493,2.033545928932329,10.506336453242772,2.3068831276401887,0.4685126521888477,0.5100199523091148,0.30532341702612736,0.4395187984011991,0.0156902273681748,2.005333592875566,1.8111503355277805,0.12993298141072016,3.751311475409836,-13.650862068965514,-1.6732586147352595,0.0006711038202373,0.2249522264687583,33.960173372587505,,0.09325627587080954,0.9658977089615615,6.26,0.09219907003106499,0.0,0.0,-0.14821815136958083,growth_tech,2026-06-30,2026-06-30,False,True,False,False,False,False,False,False,False,False,False,,0.03974742971862134,ExtraTrees,0.11651219283051101,0.10703319,0.08958403104381442,0.0859960391558334,0.039747429718621344,0.015520966715426833,0.04882226546636749,0.07145519276111584,28,11
GRMN,mixed,Technology,282.4599914550781,282.4599914550781,2026-04-29,2026-04-29,73.76363636363637,18.601321609163488,4.405315064902296,0.5918916257629835,56.65175719178808,2.09,0.04369290814045999,0.5921348922683068,0.2890197674774289,2.233653606189169,14.23471425006239,0.6456045670077365,0.7757739917115848,0.3219547332639176,0.1838426279706984,0.2252538962107152,0.0041701904883815,3.632533773315172,1.6958735529901876,0.16010033565129517,2.494136572535274,0.0,0.0,0.0043758981285127,0.2844646863967978,46.3035551174804,,0.10699165799920873,0.3917713301555956,-0.6600000000000001,-0.015229045495089404,0.0,0.0,0.009048825460309828,growth_tech,2026-03-28,2026-03-28,False,False,False,False,False,False,False,False,False,True,False,,0.035854547014964454,ExtraTrees,0.05461669463406453,0.09562022,0.0888457785440832,0.10655751311573322,0.03585454701496446,0.05353061134944741,0.04203342873353631,0.06766025507004948,29,15
NTAP,mixed,Technology,215.0500030517578,215.0500030517578,2026-09-02,2026-09-02,60.58579881656805,11.26045534150613,16.657305699481864,1.3806331773952116,40.22516765285996,1.88,0.2508361204013378,0.7057793345008757,0.2516053706946877,1.3686868686868687,15.227272727272728,0.2323232323232323,0.8548895899053628,0.0882025598219254,0.8635326335006847,6.327759197324415,0.1310062231844206,1.372565386755704,1.3036529680365296,0.16604290278411685,1.2203389830508475,16.576923076923077,6.08955223880597,0.0053397866988505,0.0433450584364007,5.79,,0.20035153443609688,0.8640028001365849,0.18999999999999995,-0.03759220429641691,0.0,0.0,-0.015649165598049353,growth_tech,2026-07-31,2026-07-31,False,False,False,False,False,False,False,False,False,True,False,,0.03555179374792019,ExtraTrees,0.04123550760961434,0.038395617,0.02284057469376519,0.0572939772912764,0.03555179374792019,0.04143837721486518,0.037113365348900695,0.039078751806703386,30,28
META,mixed,Communication Services,725.9299926757812,725.9299926757812,2026-07-30,2026-07-30,73.09966777408638,27.78386633051725,7.660025363302845,0.0248226276037868,54.40108318505338,6.18,0.06066893549906018,0.8179116439042308,0.41314655892076,5.8829829432764775,32.36493454978184,6.505508236846493,0.40953774783233,0.8656181279281002,0.4194521242077003,0.7225108241680416,0.0353010412815643,2.5987666124868536,3.0296929536142447,0.03050742739290064,1.226219923543962,34.95056497175141,40.80084745762712,0.0008040445532264,0.1894030031321835,84.3989898989899,,0.11073197973526727,0.08202413575164891,-2.8499999999999996,-0.04413536199268862,0.0,0.0,0.09022594579735504,growth_tech,2026-06-30,2026-06-30,False,True,False,False,False,False,False,False,False,False,False,,0.03524705123688644,ExtraTrees,0.024852895161830715,0.07994617,0.056794598286738954,0.05950513672465525,0.03524705123688644,0.009786120580333672,0.02819797585038552,0.04173990388576668,31,27
AAPL,mixed,Technology,330.32000732421875,330.32000732421875,2026-07-31,2026-07-31,95.38947368421051,28.04854334566905,45.72112934799864,0.4429930181972586,75.20544483547292,2.02,0.277055431547619,0.4815868555051615,0.3537382787501043,3.495487368659869,4.536634337657625,0.1609014495233913,0.9559944367176634,0.3321179796387197,0.7194637666790167,2.5646019345238096,0.0224468536318153,0.9737446648641658,2.044311717861206,0.16411578381593983,1.055789309646252,0.0,3.277705439814815,0.0009724349301212,0.1556506714026114,5.9546171611269845,,0.24780903340971117,0.6376797586723786,-0.8300000000000001,-0.2002889385623708,0.0,0.0,0.08838909374161652,growth_tech,2026-06-27,2026-06-27,False,False,False,False,False,False,False,False,False,True,False,,0.03494466460261083,ExtraTrees,0.04314273813384943,0.12808369,0.09133698776577703,0.11546244833192679,0.03494466460261083,0.04686214233958725,0.03840330226630014,0.07058989951378321,32,12
MCHP,mixed,Technology,78.5,78.5,2026-08-06,2026-08-06,984.853168469861,28.96949747048904,5.2371538320834095,-15.407275421063655,120.3524946695096,0.37,0.03562238412649202,0.5960370994940978,0.1279089376053963,0.5914317507418397,0.4649480712166172,0.0417284866468842,0.9340949033391917,0.3222883035967148,0.5420473979965795,1.1836320956039266,0.1561798558604875,2.162371377324648,1.6219912472647702,0.09180004719796771,2.9831880448318806,2.713774597495528,5.320214669051879,0.0079719833246715,0.0266191034242958,12.026397800183318,,0.05638541246131079,0.30833333333333335,0.3053,0.03030258655317332,0.0,0.0,-0.020697920872022546,growth_tech,2026-06-30,2026-06-30,False,False,False,False,False,False,False,False,False,True,False,,0.03486686352313864,ExtraTrees,0.047844167242569464,0.087577075,0.0338543830989587,0.06382976548362294,0.03486686352313864,0.04558774611677324,0.03916895662228405,0.050287462897250355,33,23
MPWR,mixed,Technology,1360.969970703125,1360.969970703125,2026-08-05,2026-08-05,258.22222222222223,58.52357066118178,12.448056084997384,-11.44268160530398,191.90184862668588,5.22,0.06605134640028916,0.5515066797132416,0.2661714293321618,1.2761741783843965,25.90707599686611,0.8868294090965321,0.5900009531979792,0.284027993989685,0.17106630394355885,0.2030030620543489,9.39712095580466e-05,5.912314377377391,2.3798894894590434,0.0456260254828692,2.4364151816709096,0.0,44.50181554103123,0.0017019685131744,0.2774052288962459,71.8251098275301,,0.19113757522722707,1.0353692021402883,1.71,0.01787461001908886,0.0,0.0,-0.06770472530784499,growth_tech,2026-06-30,2026-06-30,False,False,False,False,False,False,False,False,False,True,False,,0.03466403493303111,ExtraTrees,0.021220353150644734,-0.051211454,-0.029781154583875584,-0.10012184117956398,0.03466403493303111,0.04920270766981951,0.03416687620302526,-0.004991988888396097,34,73
TTWO,mixed,Technology,203.6199951171875,203.6199951171875,2026-08-07,2026-08-07,-512.06,27.63737610359034,13.432859022771485,4.010601448495342,180.5818256029684,-0.18,-0.009450171821305841,0.5565038257798706,-0.0224249558563861,1.2878953107960742,12.934569247546348,0.376226826608506,0.7739187418086501,0.0943227122415551,0.6019064010061561,1.5119720651812438,0.0747786721251782,1.1368791915196093,2.0616430044897465,0.1692261865360429,3.938839519079979,-2.2280701754385963,0.3475919832485791,0.0,0.0330473222919768,19.05997818974918,,-0.04797084759123105,-0.105360302648561,0.32,0.017126095486166358,0.0,0.0,-0.021630771929090797,growth_tech,2026-06-30,2026-06-30,False,False,False,False,False,False,False,False,False,True,False,,0.033037861304692016,ExtraTrees,0.023398959412942743,-0.056354858,0.047182168097295044,0.06689077859074949,0.033037861304692016,0.029959873984128704,0.031198726322015854,0.024796421617395065,35,42
NWS,mixed,Communication Services,31.450000762939453,31.450000762939453,2026-08-07,2026-08-07,87.1470588235294,7.274563812266948,1.952680914120792,0.3112394959563089,36.34735239337812,1.03,0.06720619282195636,0.5127118644067796,0.1529661016949152,0.2260913704436084,3.5397969525178694,0.1708629440757041,0.5695652173913044,0.0911974623314829,0.3899419729206963,0.6878980891719745,0.1702589122863065,1.8132434575733545,1.246040126715945,0.580802882141019,2.7058823529411766,9.256410256410255,3.172661870503597,0.0033201361615872,0.0590277777777777,15.17401014458172,,0.19083683312909705,-0.0317117991705832,0.69,0.04479945942796186,0.0,0.0,0.19876478292174285,growth_tech,2026-06-30,2026-06-30,False,True,False,False,False,False,False,False,False,False,False,,0.03169404438813972,ExtraTrees,0.016019940647814358,0.016114239,0.0021163095105368227,0.0028341005526579545,0.03169404438813972,0.02113588532456926,0.028028988099224633,0.017060103331078144,36,51
ON,mixed,Technology,80.08000183105469,80.08000183105469,2026-08-03,2026-08-03,120.33333333333331,14.184249395464349,2.828420627370232,-1.0445767326732671,51.242866681504566,0.56,0.03141839943480128,0.3491928625580027,0.1653486700215672,1.2110778443113772,6.3562874251497,0.1724051896207585,0.8753832281334536,0.4306127203541197,0.46322237135801736,0.8653358637981908,0.1487975111641905,4.522093655354508,1.6015281557462844,0.10725170744006347,1.7399965053293729,14.624277456647398,8.007736943907156,0.0,0.0820951119572865,19.073576932637334,,0.20457283139372273,0.7831218399255109,0.11000000000000004,0.007725855157893077,0.0,0.0,0.008792371412345013,growth_tech,2026-07-03,2026-07-03,False,False,False,False,False,False,False,False,False,True,False,,0.031602448296267974,ExtraTrees,0.024970938868824254,-0.023598524,-0.011040169240556919,-0.008414609819253061,0.031602448296267974,0.05940992313382491,0.036488288322422555,0.01609030264071504,37,53
SNPS,mixed,Technology,490.5400085449219,490.5400085449219,2026-08-26,2026-08-26,991.2,30.92834304910582,2.4387893072403632,-3.447858027549464,168.18997342911368,2.84,0.017520241287556047,0.7353941675474656,0.0842934940995467,5.128872351317942,13.75680197784909,0.2205101951627605,0.9587783836271287,0.1371600541064039,0.3472906311562671,0.5320556375838258,0.1348213738869609,0.8602018585069514,1.468183937610664,0.10647265636532238,0.4885321241553536,1.2478628276434256,2.573542460180056,0.0,0.0187513069257929,188.93876869410323,,0.1491555006089016,-0.17139911733767688,2.44,0.015401739119263447,0.0,0.0,0.1920052799433208,growth_tech,2026-07-31,2026-07-31,False,False,False,False,False,False,False,False,False,True,False,,0.03055449998884453,ExtraTrees,0.004350560640440568,0.023073424,0.01310045599938047,-0.005921126967236219,0.03055449998884453,-0.021940919411207183,0.01808137666073271,0.008811958348052505,38,61
JBL,mixed,Technology,299.7900085449219,299.7900085449219,2026-06-30,2026-06-30,127.09569377990432,3.4075627867664817,20.998091517857144,0.6020080647421527,79.53600775193799,2.59,0.20786092214663643,0.090074861144651,0.0467278435160589,4.751173708920188,17.183098591549296,0.892018779342723,1.2311435523114356,0.0277496455337249,0.9442881733070239,17.000755857898714,0.1373424136653575,1.013368442373911,1.4632508833922262,0.8347132593651676,0.8848185980979218,5.22972972972973,0.5383275261324042,0.0002834724740255,0.0115669899891073,12.490706319702602,,-0.014497013330302844,0.4835214199570559,0.5,0.041938303099017415,0.0,0.0,-0.13537736831956682,growth_tech,2026-05-31,2026-05-31,False,False,False,False,False,False,False,False,False,True,False,,0.030034958379537777,ExtraTrees,0.027407350046715608,0.024760403,0.0734180192940164,0.008968849103174878,0.03003495837953777,0.0010073762209958509,0.02684615958338158,0.02735157319085853,39,37
UBER,mixed,Technology,67.87999725341797,67.87999725341797,2026-08-05,2026-08-05,583.642857142857,11.793421685229012,6.265459706741614,-1.4968473869171184,292.41785631051755,1.17,0.08764094303704788,0.3957260197688987,0.123486008631491,1.354243077951447,3.98556438610782,0.0361710223811818,0.9739854318418314,0.2340097402597402,0.5684108144253127,1.3692341484844048,0.0713002815428019,1.1357954545454545,3.75385419388555,0.21566541541921855,8.56959526159921,15.42608695652174,2.25,0.0,0.014502209436816,12.839913941570106,,-0.10625415071207422,-0.18842662298639445,1.0299999999999998,0.07669460229521148,0.0,0.0,-0.05914749496547561,growth_tech,2026-06-30,2026-06-30,False,False,False,False,False,False,False,False,False,True,False,,0.029296215761453418,ExtraTrees,0.0211340437371438,0.06350679,0.012944766423704821,0.0069560016776907185,0.02929621576145342,-0.008110219006939638,0.023903071661015417,0.02142268072474584,40,45
CDNS,mixed,Technology,350.7300109863281,350.7300109863281,2026-05-01,2026-05-01,218.5874125874126,58.80466679721189,15.469971475185051,1.5626758117940278,142.3439165598352,1.23,0.05115627414191012,0.8689506525177868,0.3230473420854182,1.89150462491326,11.078077246755548,0.1514852873868686,0.9258511802274636,0.338468810749891,0.4608390422359646,0.8547337035439639,0.0292866220087996,2.855560875709583,1.5240285351752865,0.12185293966435434,0.2202540450204001,15.802479619565217,16.523403532608697,0.0,0.0976730547575992,20.05694092301379,,0.15615114381041706,0.19895399099691713,-0.19999999999999996,-0.019746752265145086,0.0,0.0,0.10641264606118778,growth_tech,2026-03-31,2026-03-31,False,False,False,False,False,False,False,False,False,True,False,,0.028595178327049418,ExtraTrees,0.019493954363342062,0.006941812,-0.022640060658844947,0.028718527523499553,0.028595178327049418,0.048296633230191545,0.03320416713988601,0.020621052197235545,41,48
SWKS,mixed,Technology,83.16000366210938,83.16000366210938,2026-07-28,2026-07-28,101.0377358490566,9.298628549352909,1.671812325270451,-0.6874105639730641,39.7185089974293,0.22,0.00590767300419985,0.4125941665056983,0.1112613482711995,2.267558528428093,10.42608695652174,0.3779264214046823,0.8571428571428571,0.3054054054054054,0.22716498316498315,0.2939372287959849,0.1034711979891564,2.3961389961389963,2.5988955823293174,0.1258989898989899,2.9058767319636885,18.285714285714285,0.40106740462542,0.0110513305220299,0.0932195353247984,38.265116279069765,,0.10160293900271888,0.20609142367091193,-0.31000000000000005,-0.007844953365419249,0.0,0.0,0.0500800830849909,growth_tech,2026-07-03,2026-07-03,False,False,False,False,False,False,False,False,False,True,False,,0.02720427326581008,ExtraTrees,0.016834114953080702,-0.00743962,-0.01707802589406405,-0.022541640907817507,0.02720427326581007,0.03168235271063312,0.029685813391744947,0.008773333214824914,42,63
XYZ,mixed,Technology,74.04000091552734,74.04000091552734,2026-08-05,2026-08-05,361.6111111111112,6.373616487734943,1.7947395934242945,-1.1417754816566057,47.14988405372712,0.15,0.004014909007203904,0.4625406118981946,0.0504379223725377,0.947009602396434,11.567088557974529,0.0672935419433133,0.9336553945249596,0.059800894798574,0.437865408718265,0.7776700537372871,0.1829072510909338,2.201065823355283,1.551365963618138,0.16900537014552336,11.140534143123306,5.863818077016046,0.4758174353427082,0.0,0.041379332169352,35.65016585372119,,0.14879753166062581,0.08978806040482157,-0.03,-0.001134368983280596,0.0,0.0,0.12635051655942042,growth_tech,2026-06-30,2026-06-30,False,False,False,False,False,False,False,False,False,True,False,,0.027016461984921625,ExtraTrees,0.0054697204517427725,0.023302708,-0.02639378599756446,0.00744275732171608,0.027016461984921625,0.042355003543683205,0.029112894807062507,0.015806174742520725,43,54
ADBE,mixed,Technology,241.27999877929688,241.27999877929688,2026-09-22,2026-09-22,52.72885032537961,16.81589559237262,9.410312254001576,3.960156208642144,41.63275462962964,4.62,0.15530431825909555,0.8907471084713973,0.3779306033135355,7.124390243902439,16.804878048780488,0.0902439024390243,0.9874915483434752,0.2597014925373134,0.607618158166839,1.5485379122747365,0.0586681984345852,0.9118525021949078,3.0583173996175907,0.22547613488542745,1.668257756563246,-13.650862068965514,2.3666666666666667,0.0,0.1129111707076788,27.817518248175183,,-0.11951246338070853,-0.3019124532613,0.009999999999999787,-0.009919157643991955,0.0,0.0,-0.04403435006538353,growth_tech,2026-08-28,2026-08-28,False,False,False,False,False,False,False,False,False,True,False,,0.02688200613861977,ExtraTrees,0.08079823693095171,-0.0082082795,0.10262347370072855,0.09602072371179875,0.026882006138619775,-0.02090396561760246,0.0340964808667615,0.04373717438097151,44,26
CRM,mixed,Technology,236.69000244140625,236.69000244140625,2026-08-27,2026-08-27,89.74519230769229,17.720841889117043,3.356179195833756,-5.084635036026768,55.587019743863394,0.24,0.09187555370264214,0.7760914204088921,0.2188197482367645,5.693048128342246,10.229946524064172,0.1508021390374331,0.974194729136164,0.147206207230993,0.6498996533479292,1.8563239355880974,0.0727437973934858,0.760331914435045,0.7811562870493061,0.020926728699142493,0.0,0.0,0.76575,0.0019698611247907,0.0576152587325771,62.91702127659575,,0.13415255177951524,-0.06394842030607362,-1.84,0.05902242056544694,0.0,0.0,0.15013965685603364,growth_tech,2026-07-31,2026-07-31,False,False,False,False,False,False,False,False,False,True,False,,0.026859857584369196,ExtraTrees,0.013665011370328654,0.008786298,0.03793422508747148,0.030387892599163392,0.026859857584369196,0.04184790831534815,0.030740756097127835,0.027161470117545036,45,38
TRMB,mixed,Technology,57.529998779296875,57.529998779296875,2026-08-12,2026-08-12,98.83333333333331,19.174615384615382,3.186241389945512,0.7343470407340186,84.3708507909363,-2.02,-0.0922947483759881,0.7198391420911529,0.2229325634151371,-0.3074978938500421,1.067396798652064,0.9827295703454086,-0.4553961322520274,0.1066249833710256,0.40160172349194456,0.671127807779604,0.0748674063923493,1.0854729280297992,1.1329439252336448,0.44477098164106404,1.6143790849673203,11.561497326203208,11.010695187165776,0.0,0.0538581046090108,24.337781484570478,,-0.010662135844864196,-0.2677867025671773,-2.68,-0.1191272763907922,0.0,0.0,0.05628453979693013,growth_tech,2026-07-03,2026-07-03,False,False,False,False,False,False,False,False,False,True,False,,0.02666950894668074,ExtraTrees,0.029538031524783837,-0.027331095,0.010778077309316977,0.04499922891656467,0.02666950894668074,0.06078761846815025,0.03732701412239882,0.026198701447048115,46,39
CIEN,mixed,Technology,379.1400146484375,379.1400146484375,2026-09-03,2026-09-03,366.2547169811321,24.999568029532416,12.776095887418446,0.0903107857233989,153.7600536065281,1.83,0.08715761704143436,0.4350145265521267,0.1339946546772975,1.0852932042124284,9.173946187074732,0.5215068183743189,0.675437633156889,0.1809042310984104,0.6177758826795244,1.6162660980430772,0.0435752237568602,2.81385328515472,1.2814489015962414,0.20896321730997194,1.4733681638679803,8.996706502305448,3.998316201664219,0.0,0.0626170765751365,19.152106667398268,,0.0,0.0,0.77,0.033338228553282064,0.0,0.0,0.0,growth_tech,2026-08-01,2026-08-01,False,False,False,False,False,False,False,False,False,True,False,,0.02628869087680509,ExtraTrees,0.006873080360171371,0.0055042626,-0.004950286839183548,-0.005929207113269218,0.02628869087680509,0.030558137715327914,0.027327195998016883,0.012526396829837468,47,58
NWSA,mixed,Communication Services,28.639999389648438,28.639999389648438,2026-08-07,2026-08-07,124.3809523809524,5.810847580355213,1.7117942712829846,6.219047616991758,25.154119417650797,1.03,0.06720619282195636,0.5057915057915058,0.1822393822393822,0.2377685951199235,3.559586778036227,0.1718181818749812,0.5805084745762712,0.0935765265662172,0.3899419729206963,0.6878980891719745,0.1892346829628391,1.8132434575733545,1.3674762407602956,0.580802882141019,3.011764705882353,12.421052631578949,8.793650793650794,0.0037873514497478,0.0461309523809523,15.258842980250858,,0.19482684145383566,0.019942998206853302,0.8200000000000001,0.05344368144798006,0.0,0.0,0.18984109190212234,growth_tech,2026-06-30,2026-06-30,False,True,False,False,False,False,False,False,False,False,False,,0.025822893105963213,ExtraTrees,0.014287838111133542,0.022321718,0.017782284593567954,0.028661968263906865,0.025822893105963213,0.012951644363774849,0.02582821009866731,0.021061169116984677,48,47
AKAM,mixed,Technology,106.93000030517578,106.93000030517578,2026-08-07,2026-08-07,147.8813559322034,11.492744622398876,2.528150704458237,-0.9439401856507924,60.579160017101216,0.52,0.016721852317260314,0.545642024199205,0.1382202405307458,1.1224830818726426,8.227014921233637,1.4192852784557357,0.4416150186587521,0.3788911420769432,0.6849741465440491,2.1743426421343757,0.4510166611250376,2.2911170644887227,1.379562687578906,0.04436445080147704,3.9781374446239215,7.5718717166158,0.806404935501963,0.0,0.0411513083426839,33.8665782132408,,0.09514543532543818,0.4038335342677666,-0.06999999999999995,-0.0003699015423574842,0.0,0.0,-0.005812948241503468,growth_tech,2026-06-30,2026-06-30,False,False,False,False,False,False,False,False,False,True,False,,0.02557199779155201,ExtraTrees,0.024281922839518494,0.04160517,0.03187138963200518,-0.001810222884652062,0.02557199779155201,0.05355087088891647,0.0348953810381509,0.030221818350184573,49,35
PTC,mixed,Technology,146.47000122070312,146.47000122070312,2026-07-31,2026-07-31,124.4357142857143,30.311638245908213,5.410258303428128,-0.5922003458623555,93.2898921565733,1.03,0.034233082968969174,0.8283148033390442,0.322430649218095,2.2408782368222577,1.7626414145646527,0.0196178664208497,0.9913214332054348,0.2370921894803827,0.46730605932807734,0.8772505629379467,0.0664338636833334,1.2171040025595006,0.8526545333384721,0.09212280748350714,5.789742833259576,0.0,4.159155922225446,0.0,0.0776240268271508,32.02309378359683,,-0.0736782113540152,-0.12161918308423914,-0.3699999999999999,-0.00910367962771793,0.0,0.0,-0.043273415582955416,growth_tech,2026-06-30,2026-06-30,False,False,False,False,False,False,False,False,False,True,False,,0.025147113596705434,ExtraTrees,0.03423299838587972,0.093412206,0.07593368259055205,0.060074951336751246,0.025147113596705434,0.027074912796164953,0.032408810751429276,0.04941066902129957,50,24
AMAT,mixed,Technology,529.2999877929688,529.2999877929688,2026-08-20,2026-08-20,134.03529411764708,36.12832002281802,11.665136989455265,4.669476139869203,100.35807448494452,3.17,0.09904003746195271,0.4898745008556759,0.2989161437535653,1.3114754098360657,10.73266078184111,0.8146279949558638,0.6168446026097272,0.2174642074035857,0.41119433849547354,0.6983532349957075,0.0258672638703284,2.714949051979879,1.4088808519188265,0.1186066816782317,1.859147609147609,30.3768115942029,13.14792899408284,0.0014407983080527,0.135179255352546,27.180225281602,,0.1564833299106816,1.0930483982474672,0.6200000000000001,0.005749067254281315,0.0,0.0,-0.11677876965118522,growth_tech,2026-07-26,2026-07-26,False,False,False,False,False,False,False,False,False,True,False,,0.02452551686820059,ExtraTrees,0.005574756776144877,-0.029564472,-0.0808547632630506,-0.07515898472471731,0.02452551686820059,0.033367305871092115,0.027407878350974503,-0.012595348944585156,51,85
Q,mixed,Technology,128.4499969482422,128.4499969482422,2026-08-04,2026-08-04,170.10416666666669,14.3730877944958,2.410708171310782,-0.814859161330401,63.00290022455357,0.59,0.029059358215121883,0.4184873949579832,0.2025210084033613,2.0049725898049062,4.367975999217832,0.3389358425622579,0.8553971486761711,0.362094395280236,0.47344916614332566,0.9344442914199146,0.2645583929334617,1.9454277286135693,1.1995967741935485,0.0997139069150792,1.0176470588235291,4.725490196078432,2.169491525423729,0.0007600572614662,0.029236276849642,33.8697155349186,,0.035302627131798214,0.08978806040482157,0.10999999999999999,0.014964925516038083,0.0,0.0,0.012855612030592822,growth_tech,2026-06-30,2026-06-30,False,False,False,False,False,False,False,False,False,True,False,,0.024421475003757364,ExtraTrees,0.017300456205300952,0.016089119,0.027624272263793957,0.011353900055026542,0.024421475003757357,0.03075974112210361,0.029422195462637406,0.022508001745452626,52,44
CTSH,mixed,Technology,60.880001068115234,60.880001068115234,2026-04-29,2026-04-29,61.48148148148148,7.486030376898556,2.658874458874459,0.109181512736365,38.59356725146199,1.39,0.04393416511813114,0.3110819426214138,0.1599474967185449,1.6237006237006235,3.9792099792099793,0.1600831600831601,0.9102564102564102,0.2344902978955999,0.2649756097560976,0.3604990708786833,0.028855546927836,2.336977316206614,1.2013967109709394,0.2640487804878049,11.928571428571429,106.625,4.077319587628866,0.0037822808907146,0.1388057072397393,31.15145228215768,,-0.041259825698972685,-0.2415597225848357,0.039999999999999813,0.0007773219612880397,0.0,0.0,0.019130104947236243,growth_tech,2026-03-31,2026-03-31,False,False,False,False,False,False,False,False,False,True,False,,0.023367866145562445,ExtraTrees,0.015381075926926729,0.012333842,0.0011117371978391281,-0.004382175564432535,0.02336786614556244,0.020282155706709815,0.027139524544165884,0.01382678286532429,53,55
NVDA,mixed,Technology,230.86000061035156,230.86000061035156,2026-08-26,2026-08-26,98.53107344632768,66.52233152788175,28.812260431169857,0.7510622384827141,88.3874554920734,2.46,0.2606645005764595,0.7499669734466511,0.6388028945699924,1.4361421988150098,2.573897300855826,0.0528308097432521,0.9645186249585498,1.12514379877499,0.2850327221861418,0.39866540893686897,0.0018685043876578,3.905263812455306,1.7710965527998752,0.30043525503322177,1.736037505095801,367.2,40.90018656716418,5.339844848998544e-05,0.31358596093688235,6.43799115913556,,0.0313232500021301,0.35179763795732266,0.69,-0.012456363034762774,0.0,0.0,-0.05662615948720057,growth_tech,2026-07-26,2026-07-26,False,False,False,False,False,False,False,False,False,True,False,,0.023273094094347236,ExtraTrees,0.031586490836966186,-0.0451742,0.02258943886093014,-0.052955231296190584,0.023273094094347233,0.012872461338694408,0.02927263794986401,0.003463962208129401,54,69
MSI,mixed,Technology,448.0299987792969,448.0299987792969,2026-08-05,2026-08-05,98.28717948717949,18.84845680473373,26.434765145228216,1.5604212001046605,69.86355942028986,3.33,0.20845808383233533,0.4872781065088757,0.2600591715976331,6.871239470517449,7.009626955475331,0.6859205776173285,0.9092356687898088,0.2066469233300427,0.8748259322296147,7.038174273858921,0.1438128816409624,1.0365251727541955,0.895601483836778,0.07629144579565533,1.3049698795180722,7.204918032786885,0.9460390355912744,0.0028567937632236,0.0474590260582478,14.336704342653183,,-0.07833618156528999,0.0688503442023447,-0.5699999999999998,-0.06083652197679329,0.0,0.0,-0.09554876761587616,growth_tech,2026-07-04,2026-07-04,False,False,False,False,False,False,False,False,False,True,False,,0.023227226772297004,ExtraTrees,0.012423508600762809,0.05434974,0.05789904885463709,0.08081703822522729,0.023227226772297004,0.008234126594767587,0.024434819244484096,0.036857753349600286,55,30
CSCO,mixed,Technology,108.76000213623047,108.76000213623047,2026-09-02,2026-09-02,95.79012345679013,19.2197178969314,6.181578065083922,1.8582894488188944,67.94255614973262,1.33,0.2638361340359948,0.6496840185028341,0.2463352661411167,0.5423514538558787,3.9891276864728193,0.0816687737041719,1.177277716794731,0.0495297123905833,0.6121091972199295,1.578045142686686,0.1019852479691339,0.9550100581743054,1.6072251308900525,0.09907665249890078,1.946777697320782,10.218918918918918,0.4625371327978875,0.0054812918289599,0.0506821065989847,11.969651366942564,,-0.10024833231387009,0.6041298250181486,0.52,0.19730636851412914,0.0,0.0,-0.25128078856840724,growth_tech,2026-07-25,2026-07-25,False,False,False,False,False,False,False,False,False,True,False,,0.023171633264695037,ExtraTrees,0.02579126699074243,0.05866856,0.04565284162510477,0.030783273955755086,0.023171633264695034,0.005993859762879295,0.026861751344899563,0.030823698662425496,56,34
TDY,mixed,Technology,612.7000122070312,612.7000122070312,2026-07-24,2026-07-24,87.45376712328768,15.113777832909507,2.3176883934600863,0.9213447108159832,63.789528595357744,5.37,0.023052617117735954,0.2943620914221919,0.2043664330459592,7.186440677966102,7.466101694915254,0.8432203389830508,0.8949868073878628,0.203752486425461,0.2854571869846339,0.3994962678023538,0.1015842780991289,1.6427073813235848,1.1794440380395026,0.06677835658752389,2.338060008220304,27.23140495867769,0.8054954565123323,0.0,0.0754914700088024,188.93876869410323,,-0.11021070273017153,0.23968115127677092,-0.46999999999999975,-0.003160301019206547,0.0,0.0,-0.17013099054936426,growth_tech,2026-06-28,2026-06-28,False,False,False,False,False,False,False,False,False,True,False,,0.023116993444960442,ExtraTrees,0.02295586442505866,0.023403117,0.058097020636050364,0.05321529075071096,0.023116993444960435,-0.06560649928425627,0.013950464595606345,0.017872166757888407,57,50
T,mixed,Communication Services,24.299999237060547,24.299999237060547,2026-07-22,2026-07-22,46.86792452830189,5.3211605808880655,1.6110841106275955,-0.201833446092039,29.75046430799394,0.66,0.0336912958121104,1.0,0.1541863383732743,0.6331426977263217,2.5434509694518064,0.9458780862044917,0.4009717314487632,0.2104871699516549,0.6513975427153392,2.6390851600879377,0.8706467661691543,0.906136110078096,3.7844622865543367,0.07367185001365677,0.0,2.822757111597374,1.0251868253528924,0.0112984223314328,0.0303456219618382,15.396712634071598,,-0.13245272270401476,-0.12996780390044582,0.13,0.0,0.0,0.0,-0.0999607717289033,growth_tech,2026-06-30,2026-06-30,False,True,False,False,False,False,False,False,False,False,False,,0.02142371640843892,ExtraTrees,0.016062354447321604,0.047063872,0.036889586495933185,0.02961368307624207,0.02142371640843892,0.0002834474618770566,0.02370275859710673,0.02484260342006113,58,41
JKHY,mixed,Technology,143.83999633789062,143.83999633789062,2026-08-28,2026-08-28,106.09302325581396,21.3356997032296,5.997991991132325,-2.01794196117195,60.84085422673807,6.98,0.24502363362832116,0.4332799426480703,0.2569663541804584,1.8152679767445072,0.3896537914462872,0.2929860660378661,0.8610290505354862,0.3966025168081635,0.34769945490860416,0.5330356651164332,0.00518369855585,1.378970828613885,1.833710832600541,0.13263424389589507,15.251229983516517,139.35901926444834,16.685157561066568,0.0031659028188888,0.2074981388260718,30.42351511468935,,-0.1239951501955503,-0.20252815691140091,5.260000000000001,0.18843501907527727,0.0,0.0,-0.07336311096770007,growth_tech,2026-06-30,2026-06-30,False,False,False,False,False,False,False,False,False,True,False,,0.021376624970984394,ExtraTrees,0.019933467323784974,-0.077787474,-0.044188440152530956,-0.06446344246666559,0.021376624970984394,-0.009812211128038997,0.022779130101749534,-0.01827592852847279,59,93
NXPI,mixed,Technology,239.19000244140625,239.19000244140625,2026-04-28,2026-04-28,120.58888888888887,16.43694172606805,5.45119338106603,-1.0756907527566202,69.16724581344903,4.43,0.10268143131692138,0.5358320838188402,0.2788605694989087,3.1402344541941205,12.93635960466295,0.382197957583629,0.8914960138608491,0.2292113298119041,0.5841847084424446,1.4495286903999267,0.222959214576923,2.045864467920639,3.1611374398104264,0.11732379301442113,1.5526579739217652,8.611111101851852,0.5824742268041238,0.0046335821062459,0.0415916567757154,39.57839718511638,,0.06420182613190195,0.24054770209743404,2.63,0.05743481248239478,0.0,0.0,0.004064900607543442,growth_tech,2026-03-29,2026-03-29,False,False,False,False,False,False,False,False,False,True,False,,0.02109637016393029,ExtraTrees,0.01449836330367452,0.013442631,0.013943184668616654,0.00394431454296279,0.02109637016393029,0.0014909690940175108,0.023556973381746383,0.01319784629142622,60,57
CDW,mixed,Technology,135.8300018310547,135.8300018310547,2026-08-05,2026-08-05,63.34883720930232,3.2128470332063146,6.79406008978934,-5.022657807308951,46.64050985859391,2.15,0.11236231112567054,0.2276174922881509,0.078152785338414,3.045384615384616,4.759230769230769,0.2915384615384615,0.91263254956201,0.0600323826130277,0.34663398010988244,2.4491626059538922,0.3486445272788885,1.1763606924897247,0.802603984620762,0.15371374921760902,1.0086490841449254,7.362393162393162,0.2841887702376851,0.0046142550547836,0.0263744123497813,19.954823889739664,,0.08864311798553093,-0.22276263543685804,0.0,0.005113932322094339,0.0,0.0,0.14433377684474544,growth_tech,2026-06-30,2026-06-30,False,False,False,False,False,False,False,False,False,True,False,,0.019935185364705982,ExtraTrees,0.0029780146742548613,-0.013482506,-0.08329926695390402,-0.043686401547987586,0.01993518536470598,0.02797021420047492,0.025597676371769087,-0.008403415285868037,61,78
ADSK,mixed,Technology,211.30999755859375,211.30999755859375,2026-08-28,2026-08-28,160.6711409395973,27.393173224322943,17.605399014778325,-5.690241851265821,109.27967676767676,2.33,0.14543304759089565,0.9274399591211038,0.2713336739908022,4.55188679245283,12.25,0.1132075471698113,0.9757330637007078,0.1702823691460055,0.7557551937113981,3.094252873563218,0.0472873301293602,0.8508953168044077,1.3599722029186936,0.1575906955249172,0.3364928909952606,0.0,7.038461538461538,0.0,0.0388452557843345,14.228971962616823,,-0.14849293136458142,-0.3379182931489104,0.8400000000000001,0.041656364503867754,0.0,0.0,-0.06401335807735381,growth_tech,2026-07-31,2026-07-31,False,False,False,False,False,False,False,False,False,True,False,,0.01976086477757254,ExtraTrees,0.015044833857904595,-0.009165496,0.03253673117373549,-0.008457722623640905,0.01976086477757253,0.008027333794992403,0.024698330746096002,0.01185490532460607,62,59
IBM,mixed,Technology,225.6199951171875,225.6199951171875,2026-07-23,2026-07-23,49.5334448160535,14.091266128212943,8.496712356040184,0.0563455035138599,55.907022301064366,2.27,0.06284105422036457,0.6156151579802905,0.2115716753022452,3.343299519487453,15.452215696743194,0.9695675387079552,0.7751918791780144,0.1044803145532619,0.772904489838855,3.4122257053291536,0.2329013883221945,0.9276217083139324,1.1160496626792902,0.11283440390798098,1.5910428931875529,8.713389121338912,0.9548169306673592,0.0056741031965442,0.0578898774550948,34.279714405711886,,-0.05744247350466847,-0.1450549635574554,-3.7100000000000004,-0.10868553240056164,0.0,0.0,-0.02117873261530462,growth_tech,2026-06-30,2026-06-30,False,False,False,False,False,False,False,False,False,True,False,,0.019648262074460406,ExtraTrees,0.014969862116001159,0.024235815,-0.0010431337571756099,-0.001024778920584989,0.019648262074460406,0.012850625729435322,0.02550356243312448,0.01376479557680813,63,56
VZ,mixed,Communication Services,45.97999954223633,45.97999954223633,2026-07-31,2026-07-31,74.05454545454545,4.735655974272285,1.6493193566915565,-0.3470580063221399,37.87965956535703,0.92,0.0224200650966877,0.8048981611280613,0.1375443225859652,1.0321513002364069,4.503073286052009,1.1224586288416076,0.4790432301953039,0.1461279461279461,0.7384318925042919,2.857715872104155,1.0542992282104546,0.9126503126503126,1.2834162345221716,0.08350601922054873,0.2841359433169209,2.8447981807845366,0.3501745655925197,0.0169019414596149,0.0229836156734792,24.69503546099291,,-0.08003202196405901,0.042630375107399754,0.37,0.0,0.0,0.0,-0.09068961574090895,growth_tech,2026-06-30,2026-06-30,False,True,False,False,False,False,False,False,False,False,False,,0.01949169400657616,ExtraTrees,0.017918157037411286,-0.017478572,0.0021764709946921206,-0.005832869012209172,0.01949169400657616,0.002222807325996612,0.024286038454074496,0.00626717967508645,64,64
AVGO,mixed,Technology,343.6400146484375,343.6400146484375,2026-09-10,2026-09-10,199.6838709677419,69.93691086052125,19.653852539062505,-3.8449129378146703,149.68391268229647,2.68,0.2363578044184275,0.6557402516700326,0.4495365335818963,1.6895169795401814,2.989664627715672,0.0527314912465724,0.9697336561743342,0.4899460228957826,0.4701511575993367,3.546690188845676,0.0420800835646744,1.901773533424284,2.282624113475177,0.028934668452494844,3.147727272727273,11.636729222520108,3.33155436957972,0.0019658649027443,0.1055414246204085,16.340425531914892,,-0.2503627727925478,0.15222644396605922,1.1300000000000001,0.1443480888735558,0.0,0.0,-0.26656497501143467,growth_tech,2026-08-02,2026-08-02,False,False,False,False,False,False,False,False,False,True,False,,0.01892940599050521,ExtraTrees,0.010937058644235269,0.08716342,0.10133186343005061,0.10181055483563643,0.018929405990505216,-0.01475952999292452,0.019854574709783482,0.045620232969013234,65,25
TEL,mixed,Technology,217.75999450683594,217.75999450683594,2026-07-24,2026-07-24,89.21960784313725,14.639550224887556,5.263113883113883,1.7088015000000003,58.247248,2.55,0.060085147401397705,0.3724566288284429,0.2090383379738702,2.064625850340136,4.255102040816326,0.8775510204081632,0.7017341040462428,0.1706450976523969,0.48626774069812045,1.0183147240742227,0.0835088218262917,1.6508187019135925,1.3459210147016432,0.19792865362485615,1.3634248487668683,32.53333333333333,1.1780045351473922,0.003057698626786,0.0812661082474226,43.72727272727273,,0.0272666973621849,0.3621066773430659,0.0,0.0023350896513400082,0.0,0.0,-0.06325997197358157,growth_tech,2026-06-26,2026-06-26,False,False,False,False,False,False,False,False,False,True,False,,0.01887494892894233,ExtraTrees,0.011987719332430105,-0.0066932878,-0.016233203672315476,-0.012957497521503658,0.01887494892894233,0.020376764698544034,0.026112782904982083,0.006236399681789398,66,65
ADI,mixed,Technology,404.6000061035156,404.6000061035156,2026-08-19,2026-08-19,187.14117647058825,48.09129781920049,4.498179302440604,7.317110880978688,103.60264587576025,2.74,0.039942002146768234,0.6470904478519668,0.3154882995497526,2.575718896893678,8.281984724080234,0.223601582411828,0.9201229069465808,0.3160088051996214,0.2959695519115071,0.4203931132738527,0.0571269598254239,1.755527091598599,2.3234084506213866,0.032970680886049694,2.03127356308441,11.54700330071226,0.9210783053183074,0.0031863162162146,0.0930254448574834,68.72133971720065,,0.01056486884610508,0.6293492513833587,1.0400000000000003,0.015352082023327634,0.0,0.0,-0.1467724439997346,growth_tech,2026-08-01,2026-08-01,False,False,False,False,False,False,False,False,False,True,False,,0.01824782899746321,ExtraTrees,0.019430776097694585,0.056457523,0.044886732797862185,0.0606645753750977,0.018247828997463206,-0.0019437270742760013,0.02379751736774676,0.03127652780533612,67,32
DIS,mixed,Communication Services,101.33000183105469,101.33000183105469,2026-08-05,2026-08-05,84.90298507462686,7.806403140756707,1.8697053726169848,0.2526194987783404,44.71389581804842,1.51,0.023974843681838012,0.358415765366999,0.1491474539086255,-1.2754759238521836,3.1791713325867863,1.687010078387458,-3.0993197278911566,0.0193187194448825,0.4358525204241695,0.8119860614329437,0.229959684083516,0.6693476318141197,1.7258535937292414,0.1233173781381264,0.8114989533128865,8.747178329571106,0.3767536849582667,0.0066044381824586,0.0422111465582815,60.499721137757945,,-0.02875489474691184,-0.10287736316020646,0.16999999999999993,0.0018316968106407115,0.0,0.0,-0.0030355539568602263,growth_tech,2026-06-27,2026-06-27,False,True,False,False,False,False,False,False,False,False,False,,0.018102231251007725,ExtraTrees,0.006731166061946148,0.03556094,0.0049413507922491965,-0.03351878320964965,0.01810223125100773,0.02195619730918512,0.025220508528359616,0.011626353383123116,68,60
TMUS,mixed,Communication Services,161.72999572753906,161.72999572753906,2026-07-23,2026-07-23,107.42857142857144,9.30517951836936,3.8246750738982818,-1.2290753033133257,45.02667170603674,2.99,0.05756687105660713,0.4248376756801184,0.1587901701323251,3.7526564503546416,5.019682391657176,2.213932801893814,0.6289449954914337,0.2715918367346939,0.17106630394355885,0.18253985603838976,0.3810499803812389,0.998408163265306,2.465201094114072,0.049500592358805544,3.183803457688808,4.08025343189018,1.165406116409076,0.005012537119361,0.0366109701688391,52.983338837235735,,-0.2516311335544905,-0.3346087561608695,1.1000000000000003,0.022045022501635328,0.0,0.0,-0.16797894451427314,growth_tech,2026-06-30,2026-06-30,False,True,False,False,False,False,False,False,False,False,False,,0.017847112481176364,ExtraTrees,0.02950410798204032,0.035004444,0.0611650949590507,0.07679377597776249,0.017847112481176368,-0.03444636975206039,0.02030232334869976,0.028835914883803396,69,36
FTV,mixed,Technology,55.84000015258789,55.84000015258789,2026-04-30,2026-04-30,93.57627118644068,15.562088195991093,2.706859020051446,0.0951879465087058,90.25764339706537,0.44,0.022422777859972712,0.6315367483296214,0.2008908685968819,1.0603666245259165,1.1867888748419722,0.0960809102402022,0.9169171904892048,0.1628683343719398,0.450198931647597,0.8188396814082499,0.1835309429964111,0.714724472536277,1.6420421299005266,0.5570307576764704,0.9477543538038496,7.274193548387097,0.2391187533584094,0.0010762263656682,0.0351418352478095,20.204758922980588,,-0.04677364027675157,0.05497827607383132,-0.14999999999999997,-0.006352751318444788,0.0,0.0,-0.0605182092952094,growth_tech,2026-04-03,2026-04-03,False,False,False,False,False,False,False,False,False,True,False,,0.017027313069277777,ExtraTrees,0.007472120669752492,-0.031418543,-0.010560417381236063,0.012122868185943476,0.017027313069277773,0.010556983310911622,0.02333827548591749,0.004191368084024612,70,68
TER,mixed,Technology,415.7900085449219,415.7900085449219,2026-07-31,2026-07-31,118.02439024390245,27.94615776992755,10.8289672045303,0.247966044456326,93.20143856328056,2.38,0.10896576885232642,0.5749328233042904,0.2863199539940018,1.3985499769838632,2.058652788788584,0.4020663376211544,0.7767062647796107,0.2556021131522034,0.2948471227056428,0.4225299825844694,0.0093555078969511,1.7569856814970308,1.4004436590495717,0.2698118834655638,1.7106859594702528,85.5671724137931,1.3287152692126567,0.0006189573557347,0.2129005362673435,17.73380441608363,,0.27609492233656163,1.0930483982474672,0.74,0.016961900125772728,0.0,0.0,0.002832822774694821,growth_tech,2026-06-28,2026-06-28,False,False,False,False,False,False,False,False,False,True,False,,0.016764246136890645,ExtraTrees,0.018223055110633962,-0.007085294,-0.0386761235999897,-0.043246476829696574,0.016764246136890648,0.05502757233518102,0.033229589308634115,0.005563247223732692,71,67
WBD,mixed,Communication Services,30.950000762939453,30.950000762939453,2026-08-06,2026-08-06,-288.2,7.540116279069768,1.985843147080932,-1.061450892857143,66.53081044876089,0.06,0.004537426152628053,0.3021141649048626,0.0566596194503171,0.5587878787878788,1.8448484848484847,0.1701010101010101,0.766629711751663,0.14432,0.6504298288910826,1.9262135331018941,0.4565712643436446,1.05648,1.786928598413298,0.10261393550510037,6.040256175663312,0.9146757679180888,2.2813793103448274,0.0,0.0168947376786026,14.197233201581028,,0.08596493905050706,1.0930483982474672,0.16,0.011553211670042154,0.0,0.0,-0.18729716051135975,growth_tech,2026-06-30,2026-06-30,False,True,False,False,False,False,False,False,False,False,False,,0.015386936432878055,ExtraTrees,0.015275191194205546,-0.025978463,-0.051947410835325544,-0.047304254972808046,0.015386936432878055,0.020783411917231827,0.026620514971563546,-0.006119539613898768,72,74
FISV,mixed,Technology,45.380001068115234,45.380001068115234,2026-08-07,2026-08-07,44.48344370860927,6.826322861468585,1.3975857259095663,4.086261274660908,26.57952440033085,1.17,0.023305084745762712,0.570779712339137,0.2216124148372445,2.8435754189944134,1.4860335195530727,0.8230912476722533,0.7755205688166582,0.0824194223524487,0.6671117375071087,2.005649717514124,0.8039026023910537,1.03197990791126,1.327304697312233,0.26201073115248624,0.4273600904465799,3.1226666666666665,1.372986369268897,0.0,0.0338524409100949,48.06145251396648,,-0.2662893925931248,-0.4637989252113081,-0.3400000000000001,-0.00811806221847449,0.0,0.0,-0.15033966129029774,growth_tech,2026-06-30,2026-06-30,False,False,False,False,False,False,False,False,False,True,False,,0.015097096553480745,ExtraTrees,0.02854428245323813,0.011971924,0.021089023527537012,0.025909522600645545,0.015097096553480746,0.0004759454657359205,0.025903330306246967,0.018335225188997866,73,49
FIS,mixed,Technology,33.099998474121094,33.099998474121094,2026-08-04,2026-08-04,67.13131313131312,12.218997155049786,2.47210734585222,0.1715315108430848,32.789774305555554,0.45,0.01440329218106996,0.3826458036984352,0.1931009957325747,1.506769825918762,1.1586073500967118,0.0367504835589942,0.9761904761904762,0.1047794117647058,0.6363079853081214,1.7499064721286943,0.1167933941446724,0.5892857142857143,1.1835016835016836,0.07656554663764567,0.0,6.170454545454546,0.2601804437941965,0.0060244785915642,0.0499336260594302,26.78034682080925,,-0.29651158279188033,-0.4637989252113081,-0.54,-0.02236194272791624,0.0,0.0,-0.1805618514890533,growth_tech,2026-06-30,2026-06-30,False,False,False,False,False,False,False,False,False,True,False,,0.014141874170807948,ExtraTrees,-0.0027715692998300625,-0.018239867,-0.07099744943950352,-0.02631908757426672,0.014141874170807945,0.018118999772112,0.022269634275259284,-0.008572199833807309,74,81
GLW,mixed,Technology,160.4199981689453,160.4199981689453,2026-07-29,2026-07-29,138.984126984127,17.86514827995255,6.377708139239434,1.340840455840456,74.8650623885918,0.64,0.04450636942675159,0.3525504151838671,0.1655990510083037,0.7209302325581395,1.7744186046511627,0.5023255813953489,0.5893536121673004,0.1869225302061123,0.6016810292511227,1.5787420382165605,0.1245259064880427,1.587775408670931,1.5167326376394386,0.1366974147347979,1.378979282465892,7.505376344086022,1.0372233400402415,0.003386382228266,0.0477261770850072,13.72906976744186,,0.016216889452333128,1.0930483982474672,0.010000000000000009,-0.001229211161035311,0.0,0.0,-0.2570452101095337,growth_tech,2026-06-30,2026-06-30,False,False,False,False,False,False,False,False,False,True,False,,0.014120605626771095,ExtraTrees,0.010458593613671347,-0.026018264,-0.06529252413245984,-0.0602746651687365,0.014120605626771095,0.03429548149339034,0.02783640572638453,-0.00849589078871046,75,79
KEYS,mixed,Technology,373.8800048828125,373.8800048828125,2026-09-02,2026-09-02,173.23312883435585,23.255475,5.9965769540693,1.409584525312824,143.35381132075472,2.3,0.06041698371632932,0.621875,0.155,2.366279069767442,12.66279069767442,0.1976744186046511,0.9229024943310656,0.2443213296398892,0.44878785336800603,0.8141835337087201,0.0744985858168882,2.604432132963989,1.75054704595186,0.15485278080697928,1.811377245508982,8.551724137931034,4.296296296296297,0.0,0.0604624715693707,35.86705202312139,,0.1483506507857133,1.0930483982474672,0.6699999999999999,0.015130924086998225,0.0,0.0,-0.12491144877615351,growth_tech,2026-07-31,2026-07-31,False,False,False,False,False,False,False,False,False,True,False,,0.014097661044527938,ExtraTrees,-0.0003121294850848602,-0.0822494,-0.10899905031607396,-0.10238078000800173,0.014097661044527936,0.013367472737884984,0.0219676178985915,-0.03385712611295153,76,96
ANET,mixed,Technology,204.49000549316406,204.49000549316406,2026-08-05,2026-08-05,172.4078947368421,66.24709944529303,13.32278679115638,3.6641583987235817,154.25370275646492,0.95,0.08196544057522452,0.6285875070343275,0.4151861082080553,0.9738432183176976,8.541103514072189,0.0294164414056288,0.970679134638244,0.2347065935087882,0.37615355753137636,0.6029585678855498,0.0,3.0478936110852786,1.318458847845673,0.12798006753765795,1.4178302900107411,0.0,0.0,0.0,0.1382574419688899,9.696269007681456,,0.43095567380159366,1.0930483982474672,0.18999999999999995,0.004700980771659619,0.0,0.0,0.15769357423972685,growth_tech,2026-06-30,2026-06-30,False,False,False,False,False,False,False,False,False,True,False,,0.012822799395822492,ExtraTrees,0.02840164474412625,-0.055512056,-0.05776730344920097,-0.04875583122852503,0.012822799395822483,0.08282502870229427,0.03986513423616539,0.0011328346328725713,77,72
LDOS,mixed,Technology,121.97000122070312,121.97000122070312,2026-08-04,2026-08-04,61.4703557312253,5.774532555856905,4.941712461857201,-1.5303385818118131,52.19147205483813,2.81,0.06699470098410296,0.16,0.112,3.413611945291552,9.092895535688116,0.3247462691317184,0.9131313131313132,0.1750972762645914,0.6586489252814739,1.9485238455715368,0.219894586365636,1.7028652281570569,1.5535450516986706,0.2915813715455476,5.636172248803828,9.816333333333333,2.673234285714286,0.0022639839479801,0.0492106435353416,37.12680602445413,,-0.038534512982947966,-0.32572280822210664,0.28000000000000025,-0.0011501322136187458,0.0,0.0,0.042896189072578694,growth_tech,2026-07-03,2026-07-03,False,False,False,False,False,False,False,False,False,True,False,,0.012542290646352856,ExtraTrees,0.0025396474636251417,-0.04514399,-0.032870408333699676,-0.04908429941731809,0.012542290646352856,0.009571478004618193,0.02180216872966155,-0.011022412015197797,78,84
ACN,mixed,Technology,212.3000030517578,212.3000030517578,2026-06-18,2026-06-18,66.98986486486486,7.136894389985051,4.126107150255893,-1.0133326665933182,51.22292758384743,3.8,0.07334422976374894,0.302557139837551,0.1381920793240282,5.944894488286253,15.2442727099958,0.2426043985512158,0.960791201261094,0.1821614662859585,0.5112890755332173,1.0986369215456917,0.0458079549084219,1.336391181365663,1.1465635720598653,0.27204010384998023,4.0377847330620025,39.22768461127018,2.033920465758832,0.0078176812881548,0.0542266353771264,50.12628699967603,,0.09289764211047613,-0.171253452583215,0.8399999999999999,0.013768846007242035,0.0,0.0,0.13571100525627988,growth_tech,2026-05-31,2026-05-31,False,False,False,False,False,False,False,False,False,True,False,,0.012251186248762876,ExtraTrees,0.005139994665944086,-0.021142881,-0.017027854960353014,-0.04452882918913281,0.012251186248762876,-0.0033830101148579206,0.02010150249036947,-0.006567607824846682,79,75
NFLX,mixed,Communication Services,67.8499984741211,67.8499984741211,2026-07-17,2026-07-17,164.49122807017545,32.90511927461517,14.898534303034385,-8.197815130817547,51.189855267623535,0.8,0.11280870701602663,0.4587378789822585,0.2453507089427208,0.4427072976323535,2.142796273829152,0.0565908000551401,0.8866592916791767,0.192300834264493,0.48414329329012246,0.9385228242509001,0.0364733356162583,1.185709316059751,4.664553493045803,0.21488183468111044,7.242431813033804,12.61401907037266,6.083984723415987,0.0,0.2508061606876523,6.16506838780453,,-0.29651158279188033,-0.44339623893255875,0.2300000000000001,0.021939773859512735,0.0,0.0,-0.18566252305874065,growth_tech,2026-06-30,2026-06-30,False,True,False,False,False,False,False,False,False,False,False,,0.011475102618177342,ExtraTrees,-0.005711186837065764,0.012839332,-0.07799302233168176,-0.05199287415001167,0.011475102618177347,0.02396677964171582,0.022460972210993486,-0.008568543149940924,80,80
SNDK,mixed,Technology,1787.68994140625,1787.68994140625,2026-08-17,2026-08-17,116.36263736263736,13.37529917355372,3.961644962302947,0.0206809854835412,39.71028,10.890440000000018,0.7265505846466701,0.5094214876033057,0.3520661157024793,6.666666666666667,10.46938775510204,0.2653061224489796,0.9617271835132484,0.6160822249093107,0.30083973874794506,0.4302872394509405,0.0149035053637789,3.1136638452237,2.3559190031152646,0.8347132593651676,3.403669724770642,42.6,19.244444444444444,0.0,0.3019748653500897,65.46794871794872,,0.0,0.0,7.28,0.6479253031427046,0.0,0.0,0.0,growth_tech,2026-07-03,2026-07-03,False,False,False,False,False,False,False,False,False,True,False,,0.010399066824712533,ExtraTrees,0.004962273209245177,0.009708547,-0.020533778344812372,-0.04036060466105871,0.010399066824712528,-0.07420655714635627,0.007752379319453832,-0.014494918509335271,81,89
BR,mixed,Technology,161.14999389648438,161.14999389648438,2026-08-04,2026-08-04,91.46311475409836,15.20873796604236,9.053298138371767,0.313448111128547,55.62665397067225,9.6,0.39581059672592855,0.2763288406558142,0.1215940253223642,2.726883561643836,3.180650684931507,0.0539383561643835,0.980603448275862,0.1863667661234794,0.6824477658658737,2.149163879598662,0.1290173778696871,0.971941703006656,1.5367165784990586,0.11982828971638737,6.380144032921811,7.523465703971119,0.7759138265936782,0.0043657976811092,0.0714719719459056,24.46219201359388,,-0.13592496570249668,-0.33516236686132106,7.16,0.29696369480872936,0.0,0.0,-0.052134373987166416,growth_tech,2026-06-30,2026-06-30,False,False,False,False,False,False,False,False,False,True,False,,0.008033560417380401,ExtraTrees,-0.0005289089902361826,-0.04029419,-0.0008103393983457914,-0.020948193291491703,0.008033560417380405,-0.03594985268560105,0.013000127437278436,-0.01101183807158571,82,83
AMD,mixed,Technology,615.72998046875,615.72998046875,2026-08-05,2026-08-05,230.2795698924731,34.12207400194742,5.56252797663455,2.5920661424066638,122.1134917860888,1.38,0.03416934428180412,0.5430379746835443,0.1706913339824732,1.4588957055214724,6.47361963190184,0.1361963190184049,0.9146153846153846,0.2749867794817557,0.1810441203234277,0.2210670010635089,0.0109778254774012,2.850026441036489,1.6262866191607284,0.018753551809054744,1.602253328781154,48.69444444444444,2.643956043956044,0.0,0.1624183241186185,38.20436628259552,,0.43095567380159366,1.0930483982474672,0.44999999999999984,0.01018483659120592,0.0,0.0,0.15769357423972685,growth_tech,2026-06-27,2026-06-27,False,False,False,False,False,False,False,False,False,True,False,,0.005490544443172544,ExtraTrees,0.06463780516982695,-0.015944028,-0.01865218318140988,-0.005441258087242371,0.005490544443172541,0.07109251980219519,0.04494628580494604,0.021342184352419,83,46
FICO,mixed,Technology,661.75,661.75,2026-07-29,2026-07-29,253.0868263473054,69.93691086052125,-22.18119799749355,19.63339093318991,181.45172285399696,10.45,-0.05788727976988798,0.8295547104357966,0.4571635619258573,7.32858407452683,6.830249125321418,0.009526619736121,0.9987017612389564,0.2314738604285036,1.366482792187616,-1.4972677248858044,0.0801545317369091,0.9291917256491844,1.0340162022309878,0.183744459163835,3.2848108413325803,5.571799266771413,0.4627023796588069,0.0,0.0443410605483885,-26.50744895274255,,-0.29651158279188033,-0.4637989252113081,3.7699999999999996,0.029701914393818814,0.0,0.0,-0.1805618514890533,growth_tech,2026-06-30,2026-06-30,False,False,False,False,False,False,False,False,False,True,False,,0.004809618847230521,ExtraTrees,0.00394578247244179,0.05707241,-0.029396658176141018,-0.013975862649882058,0.004809618847230521,-0.021778069912918356,0.016143840143773496,0.0025674896709660684,84,70
TKO,mixed,Communication Services,176.0399932861328,176.0399932861328,2026-08-03,2026-08-03,-745.3924195544553,15.785531546669812,4.384144807085139,16.262197963416934,93.8492216523944,1.34,0.029910787377367982,0.4456350950107034,0.0890688298971274,3.2239487813159062,10.60095758369495,0.7713277656643212,0.8069400812198299,0.1695760922527204,0.4856460250970904,2.3258445693258873,0.2479722254204576,1.2609495966650426,1.8592065180010744,0.09512449736278014,2.9539425051334702,1.5693939908334749,1.5707814434491296,0.0123523503011061,0.0245852346414333,19.20977550287745,,-0.21746091177928162,0.08978806040482157,1.3703,0.03054625588488648,0.0,0.0,-0.239907926880487,growth_tech,2026-06-30,2026-06-30,False,True,False,False,False,False,False,False,False,False,False,,0.0038322470669118706,ExtraTrees,-0.015601124633478016,-0.0028766938,0.01821287476015129,-0.033460799495494645,0.0038322470669118697,-0.03063067537158766,0.01043256606520757,-0.007111968736619265,85,76
FOX,mixed,Communication Services,54.91999816894531,54.91999816894531,2026-08-06,2026-08-06,122.50943396226415,5.425451563103049,2.572720534407028,-0.5077589708340072,63.545553505535054,3.84,0.0209553440702781,0.2290621381705905,0.1142416055576997,-1.3048498845265588,4.658198614318707,0.2401847575057736,0.8445440956651719,-0.15505345437888604,0.4819989753621163,0.9470168374816984,0.2665866136172939,2.7839403973509933,1.4568456564520664,0.6633306645316253,1.6535596026490067,6.040816326530612,3.335714285714286,0.000320117347906,0.0317905111604986,24.780045351473923,,0.05635695650981565,0.08580462967467994,3.3099999999999996,0.0,0.0,0.0,0.03490579909114566,growth_tech,2026-06-30,2026-06-30,False,True,False,False,False,False,False,False,False,False,False,,0.00136344528884949,ExtraTrees,-0.02112487965230093,0.011894543,-0.036553021686023014,-0.062245884975617206,0.0013634452888494901,-0.0010090114697054522,0.014181319379654025,-0.012875444498181482,86,87
GDDY,mixed,Technology,96.9800033569336,96.9800033569336,2026-07-31,2026-07-31,68.5524861878453,13.189586630975745,78.11350259972106,0.9364759298710436,54.06933851242407,1.83,0.8851195766453365,0.6464400659392417,0.2488421383154093,2.6858302662350484,7.982166441499762,0.0509547122271702,0.9813815434430652,0.1237189117008846,0.9732292872344398,33.869840175201126,0.2249882014319558,0.614555166082457,15.329723225030085,0.07918365305254733,6.672592592592593,8.453333333333333,7.543726235741444,0.0,0.0459474666871275,1.5796817586788696,,0.09929724956850605,-0.4637989252113081,0.020000000000000018,0.8122082314004521,0.0,0.0,0.2152469808713331,growth_tech,2026-06-30,2026-06-30,False,False,False,False,False,False,False,False,False,True,False,,0.0010039653435836564,ExtraTrees,-0.024445262718037437,-0.02635569,-0.019470298035340148,-0.06268980388866406,0.0010039653435836564,-0.03112491818147954,0.008277858369883598,-0.021799289728243392,87,94
LYV,mixed,Communication Services,166.85000610351562,166.85000610351562,2026-07-30,2026-07-30,-135.71428571428572,5.313618355414306,91.74316280521498,0.1715589071778449,392.80539677707253,1.05,0.8851195766453365,0.2041259173786985,-0.0040486227539219,-1.7230290905612735,30.18835420796795,1.4948000956548368,3.266904761904766,-0.0048717681353903,0.9206178120943678,33.869840175201126,0.3100132237039644,0.9950622231692334,3.032462476698785,0.27205937824533605,2.2895473082268243,-0.306666986598841,0.1648617875516396,0.0,-0.0005164104557164,1.151156806674274,,0.031147680016782697,0.2042584345255547,2.1,0.8122082314004521,0.0,0.0,-0.019916928614605978,growth_tech,2026-06-30,2026-06-30,False,True,False,False,False,False,False,False,False,False,False,,0.00010300074677851213,ExtraTrees,0.026940777793147172,0.06793735,0.030151531564457698,0.05112063856048606,0.0001030007467785113,-0.07093885235516482,0.012192373617634651,0.016231502603139335,88,52
FOXA,mixed,Communication Services,61.279998779296875,61.279998779296875,2026-08-06,2026-08-06,137.86792452830187,6.105617522192203,2.8952516471449483,-0.5714145695185723,70.04854243542435,3.84,0.0209553440702781,0.2290621381705905,0.1142416055576997,-1.3048498845265588,4.658198614318707,0.2401847575057736,0.8445440956651719,-0.15505345437888604,0.4819989753621163,0.9470168374816984,0.2368888575635815,2.7839403973509933,1.4568456564520664,0.6633306645316253,1.6535596026490067,6.040816326530612,3.335714285714286,0.0002844562665873,0.0317905111604986,24.780045351473923,,0.07906319385977945,0.11135289770215584,3.3099999999999996,0.0,0.0,0.0,0.051224969434240486,growth_tech,2026-06-30,2026-06-30,False,True,False,False,False,False,False,False,False,False,False,,-0.0010988732199363259,ExtraTrees,-0.022016554662439916,-0.009777414,-0.036553021686023014,-0.05855048774011846,-0.0010988732199363237,0.0010953142113222722,0.014175427007812994,-0.015643987779001018,89,92
CMCSA,mixed,Communication Services,21.700000762939453,21.700000762939453,2026-07-23,2026-07-23,46.66666666666667,3.150974930362117,1.0506067860975812,-0.3959012181694251,27.137312633832977,0.99,0.03928121831935207,0.6059424326833798,0.1079541937480656,1.4004400440044005,2.6075357535753576,1.0310781078107811,0.5759529464992648,0.2637215129459491,0.6428249171957701,1.8085321555353755,1.0316772748703442,0.8819651592888677,2.329656067488644,0.4720362806156522,1.1513836136733586,3.097690941385435,0.9501930501930502,0.0118752946723243,0.035148983760713,26.65126512651265,,-0.2959117208650405,-0.3678997738730133,0.39,0.01892086167772737,0.0,0.0,-0.20393677739678714,growth_tech,2026-06-30,2026-06-30,False,True,False,False,False,False,False,False,False,False,False,,-0.0031354867843075003,ExtraTrees,-0.02132963493449783,-0.035613887,-0.006698710122444413,0.038427112554331795,-0.003135486784307503,-0.03579309863028696,0.00782931577377537,-0.008340698525359203,90,77
CHTR,mixed,Communication Services,111.37000274658203,111.37000274658203,2026-07-24,2026-07-24,19.937917860553963,1.952789408866995,1.6544094150990407,0.2150872837066125,22.710394239631334,10.66,0.07621519584709768,0.4034262186603926,0.2465995147415631,3.348187970102096,3.749027374973474,6.505508236846493,0.1132677479393778,0.2826544416052908,0.8669437725742966,8.327768780366263,2.7734993904127725,0.3865925146550428,3.6959239130434782,0.08691796578801939,7.847195357833655,2.640944881889764,1.7052416609938734,0.0,0.026373659251724,124.51911144204516,,-0.29651158279188033,-0.4637989252113081,0.1899999999999995,-0.006754780482788922,0.0,0.0,-0.1805618514890533,growth_tech,2026-06-30,2026-06-30,False,True,False,False,False,False,False,False,False,False,False,,-0.0038129560236890574,ExtraTrees,-0.05119725673003155,-0.024748148,-0.05935269177692032,-0.039308696714454694,-0.0038129560236890548,-0.07902091240860125,-0.005944289320180408,-0.03749991159930782,91,98
CRWD,mixed,Technology,266.0899963378906,266.0899963378906,2026-08-27,2026-08-27,1304.7202702702796,69.93691086052125,25.17509931600424,-3.477580130548047,392.80539677707253,0.01,0.0010400405823600021,0.7633515273388873,0.0121497653930862,1.4903193620677369,20.70795356461281,0.4809237981359328,0.7560302007154492,0.1189880865887607,0.5725967091395668,1.349637103065552,0.0073559298320108,1.773130630716755,0.9585348982702864,0.1177426000416355,2.93313647110208,2.1001059322033897,3.761557555072913,0.0,0.0175682812376447,17.155458620168673,,-0.29651158279188033,-0.3564933583122355,-0.13999999999999999,-0.007696994773604498,0.0,0.0,-0.20738824321382146,growth_tech,2026-07-31,2026-07-31,False,False,False,False,False,False,False,False,False,True,False,,-0.005423187899020894,ExtraTrees,-0.031868039292061494,-0.08160625,-0.03344451924727335,-0.029083093719609158,-0.005423187899020894,-0.009686723138193014,0.00993050212596534,-0.02565143201620353,92,95
TYL,mixed,Technology,330.17999267578125,330.17999267578125,2026-07-29,2026-07-29,298.6513157894737,33.98198673804155,5.27864945855678,-3.3216081367111463,171.8713547446039,2.23,0.0307885702470441,0.4307128737314818,0.1303507256002044,5.563926887614093,25.48249994193743,0.1002624428083703,0.9822988892214708,0.1389294452403806,0.47756234716807694,0.9141039980166145,0.0328771634241464,1.0503820968472382,0.8681344389672566,0.023215659346330037,0.8962517722925665,59.88418530351438,0.1512105393333147,0.0,0.0528397273101498,85.03752612360195,,-0.06891886335857755,-0.41532087994797207,0.71,0.013090829435996001,0.0,0.0,0.03491135662841546,growth_tech,2026-06-30,2026-06-30,False,False,False,False,False,False,False,False,False,True,False,,-0.0060265080124807255,ExtraTrees,-0.021326896391774035,-0.081040904,-0.12441567316066557,-0.1150617117069805,-0.006026508012480725,-0.00925156957319486,0.012181929798467443,-0.048248353388702335,93,99
KLAC,mixed,Technology,200.3300018310547,200.3300018310547,2026-08-06,2026-08-06,139.18442153493697,48.46727332062335,29.23738404981877,13.48868349538443,109.1443014489351,3.66,0.7607729037988479,0.6144514073686759,0.4131288089760053,9.59595337484888,39.59536789920695,0.8027555373069641,0.9228023840182158,0.3434065575351189,0.6462798306662912,1.827093523910914,0.0382311479883403,2.77043856177771,1.521737685639623,0.04268866144315792,2.989752792287665,19.551960728024344,10.89567775889934,0.0015622544217167,0.1106180045185493,41.342846337127945,,-0.29651158279188033,-0.4637989252113081,-5.07,0.5511610513311724,0.0,0.0,-0.1805618514890533,growth_tech,2026-06-30,2026-06-30,False,False,False,False,False,False,False,False,False,True,False,,-0.007865837294920807,ExtraTrees,0.010028146844053598,0.04955091,-0.04678687988299262,0.014010205067697786,-0.007865837294920805,-0.10734308529381272,0.0017885954530387667,-0.01262217876400151,94,86
INTU,mixed,Technology,282.7799987792969,282.7799987792969,2026-09-09,2026-09-09,173.6465863453815,29.928763706729736,7.305099973760169,0.902759083613016,114.848785942492,10.890440000000018,0.24041701769165966,0.7890776177166201,0.1838314341001935,5.462365591397849,10.663082437275984,0.1648745519713261,0.9707006369426752,0.1775214834916327,0.4837166313271353,0.9369208087615838,0.0494832278581952,1.3232700135685211,1.512520325203252,0.5830478986570978,0.1002042900919305,4.913793103448276,1.0706467661691543,0.0024497358739321,0.0592368818546003,67.81138790035587,,-0.19710367093159264,-0.4637989252113081,7.28,0.20404861044946607,0.0,0.0,-0.08115393962876562,growth_tech,2026-07-31,2026-07-31,False,False,False,False,False,False,False,False,False,True,False,,-0.008168342064553497,ExtraTrees,-0.025052236793470902,-0.032939613,-0.039519047483801736,-0.057393677044493364,-0.008168342064553497,-0.08504722269598791,-0.0017905553117174428,-0.035556165104841594,95,97
DASH,mixed,Communication Services,182.1750030517578,182.1750030517578,2026-08-05,2026-08-05,462.2040816326531,24.771529163084704,9.764915562643276,-8.193030629225351,199.0682982413088,0.46,0.020159258139300473,0.5107458912768648,0.0371681415929203,0.5871705545525367,12.7281932022294,0.3860530811428095,0.6033254156769596,0.0684886936717097,0.4922549971882828,0.9705674831166213,0.0335812295479645,1.4060517325524646,3.569494584837545,0.2276979704514084,4.8740554156171285,0.0,4.6,0.0,0.0499323832310413,22.65557786062518,,0.03267957061253801,0.08978806040482157,-0.02999999999999997,-0.0010706830547591271,0.0,0.0,0.01023255551133262,growth_tech,2026-06-30,2026-06-30,False,True,False,False,False,False,False,False,False,False,False,,-0.010487626653724037,ExtraTrees,0.004381602243120284,-0.027413875,-0.030198223112789097,-0.0691865917224926,-0.010487626653724038,0.011175985107178696,0.020784090081296308,-0.0138948036523401,96,88
APH,mixed,Technology,85.66999816894531,85.66999816894531,2026-07-31,2026-07-31,137.89795918367346,25.722563130920943,12.34819571911042,-8.83208572145544,83.8466012330456,1.37,0.11420382658989388,0.3822177356732412,0.274902935238391,1.1981886422976502,9.329471279373369,0.2070006527415143,0.8526884217860876,0.2531604633386253,0.6513437752473966,1.883891915618787,0.0935955209006731,2.979243840771447,1.365033601153251,0.044221163846397626,1.4943837108832037,13.647648419429451,1.4845814977973568,0.0012189998496868,0.0635582033862508,10.408240862885078,,-0.29651158279188033,-0.05190351738661669,0.3900000000000001,0.025074542531771674,0.0,0.0,-0.26656497501143467,growth_tech,2026-06-30,2026-06-30,False,False,False,False,False,False,False,False,False,True,False,,-0.015539443736012374,ExtraTrees,-0.005160232179084084,-0.04355555,-0.031181899649527545,-0.04137510479374735,-0.015539443736012374,0.009101896887812825,0.018048389310593726,-0.015318769814321218,97,91
OMC,mixed,Communication Services,74.69999694824219,74.69999694824219,2026-04-29,2026-04-29,-20.08706467661692,2.9926340254666477,1.373563814773614,0.0133836186690168,-26.418873587570623,0.79,0.0429369191806805,0.177868615251049,0.1584792360005787,14.627581371698614,33.58272327964861,0.1908247925817472,0.9871271482188714,0.1028295563033631,0.7600638055840913,3.433487190556044,0.6747322185404947,0.9298264620051324,0.310486384491405,0.12494621202569013,0.2200150052034173,10.777367773677735,-0.3640279748631664,0.0082015390728997,-0.020377619435626,58.78867740361152,,-0.12488288486126775,0.05972474036377062,4.81,0.1210637351663352,0.0,0.0,-0.1398140699522104,growth_tech,2026-03-31,2026-03-31,False,True,False,False,False,False,False,False,False,False,False,,-0.02076481575339818,ExtraTrees,0.017362150915634547,0.028942855,0.015029853915125992,-0.014158697038079622,-0.020764815753398187,-0.03196794555057082,0.015350515455221108,0.0013002138350761369,98,71
WDC,mixed,Technology,462.55999755859375,462.55999755859375,2026-08-14,2026-08-14,51.32637571157496,21.46387139542592,8.82241144414169,0.152097791598454,32.831791626095416,10.890440000000018,0.8851195766453365,0.4574080212131256,0.3191912495856811,1.892753623188406,5.72463768115942,0.2666666666666666,0.876510067114094,0.1439335394126738,0.36050789986292475,0.5637409747292419,0.0718846756696239,1.454984544049459,1.7905044510385757,0.8347132593651676,1.0935203740814965,17.833333333333332,0.8482456140350877,0.0007412383312872,0.2338290412283883,19.52127659574468,,-0.1526379852711427,1.0930483982474672,7.28,0.8122082314004521,0.0,0.0,-0.26656497501143467,growth_tech,2026-07-03,2026-07-03,False,False,False,False,False,False,False,False,False,True,False,,-0.029293409714438758,ExtraTrees,-0.04438326155988648,-0.1415927,-0.09739737268683683,-0.19155768680708007,-0.02929340971443875,-0.16583176636391495,-0.021294800128357466,-0.09805757742154682,99,102
APP,mixed,Technology,281.30999755859375,281.30999755859375,2026-08-05,2026-08-05,206.6932515337424,69.93691086052125,91.74316280521498,1.6158172751909834,171.167463661164,3.76,0.40042099059884617,0.8893032575286017,0.6388028945699924,3.801217770338805,7.354812381157976,0.0837416718171037,0.978444647089898,0.9849646270621718,0.6174911245208233,1.6143184226700087,0.0155567782290957,3.3219612112269714,0.9112756861456134,0.662792378062459,0.2456956506023612,24.86338467537532,18.185304968344244,0.0,0.2214644894309961,6.280328216111893,,-0.29651158279188033,0.08978806040482157,0.5,-0.11593773634315097,0.0,0.0,-0.26656497501143467,growth_tech,2026-06-30,2026-06-30,False,False,False,False,False,False,False,False,False,True,False,,-0.04099642503725001,ExtraTrees,-0.04629571370873075,-0.063040785,-0.15007467532252122,-0.14570982274461985,-0.040996425037250005,-0.09739584439147979,-0.010786494299796476,-0.07834452703518421,100,100
STX,mixed,Technology,945.5700073242188,945.5700073242188,2026-08-04,2026-08-04,142.45818181818183,21.883575221238942,91.74316280521498,3.955422031544496,77.0650531286895,10.890440000000018,0.8851195766453365,0.4162831858407079,0.2994690265486726,3.8511627906976735,4.865116279069768,0.4883720930232558,1.1452282157676348,0.1922361074182398,0.7826915363016446,3.601753576372866,0.0727745057917118,1.119117256048923,2.267255216693419,0.7404733253108704,0.9311123658949746,11.75,0.6850467289719626,0.0024910588779559,0.0801309249606012,2.0220264317180616,,0.02794297259410783,1.0930483982474672,7.28,0.17737341565349918,0.0,0.0,-0.24531912696775898,growth_tech,2026-07-03,2026-07-03,False,False,False,False,False,False,False,False,False,True,False,,-0.04150302714011227,ExtraTrees,-0.03568527236194162,-0.22303627,-0.08717563211839667,-0.1746513547491832,-0.04150302714011227,-0.11333251578963847,-0.011328147611890414,-0.09737230689283603,101,101
CPAY,mixed,Technology,389.7300109863281,389.7300109863281,2026-08-10,2026-08-10,78.98425196850394,16.725833791316635,5.375476744293827,-5.567890240288626,34.97932837517508,3.7,0.07010590973617431,0.6982461509374104,0.409413840121901,10.958920103204232,129.60981305043458,0.7558845150410078,0.9354761312993856,0.056848035386125,0.8398721833253276,5.710668035749965,0.4804629889286986,0.9758939087733464,0.3125269311631333,0.0474348454641726,0.2407449308042961,4.521726435378122,0.1419917965150385,0.0,0.0171819347434008,55.38644952440711,,0.17385021832573755,0.21007858846315441,-0.10999999999999988,0.0020077476996046145,0.0,0.0,0.12133057120994895,growth_tech,2026-06-30,2026-06-30,False,False,False,False,False,False,False,False,False,True,False,,-0.047912967221789435,ExtraTrees,-0.002325113688617593,-0.07223574,0.04026469687776538,0.029953609763372826,-0.047912967221789435,-0.051083791588241445,0.005933787704365038,-0.014514109384291669,102,90
CARR,mixed,Industrials,55.220001220703125,55.220001220703125,2026-04-30,2026-04-30,836.0759493670886,9.167526979532768,3.2123535207186324,-2.0467461302138727,116.7522694736842,0.28,0.0882461994809047,0.1986768658259251,0.0208807111846185,1.0510009532888465,1.8529551954242136,0.1561010486177311,0.8706811451135242,0.1423952769187517,0.6288657021459689,8.670745272525028,0.2762760611923399,1.1994658420016868,1.83289124668435,0.14362932286344324,1.434492968171725,50.5,0.9425531914893616,0.0042621970096606,0.0169542971121325,16.3032951458604,,-0.13502504353535205,-0.21495591099370026,0.21680000000000002,0.08375474772778971,0.0,0.0,-0.08128606578692699,cyclical,2026-03-31,2026-03-31,False,False,False,False,False,False,False,True,False,False,False,,0.059934830650965325,Ridge,0.04212991854448818,0.06677485,0.05023903564897057,0.051416509406739634,0.03478259437768589,0.059934830650965325,0.0346315206343741,0.04836978977772276,1,7
KKR,mixed,Financial Services,91.23999786376953,91.23999786376953,2026-08-06,2026-08-06,102.80645161290325,20.58367031941145,3.677234387703984,0.8906650104822381,49.091732195133616,1.24,0.02256169671411122,0.3557777703310368,0.4003995880945933,2.544689535053108,0.048723813173403234,0.0379581716990017,0.9853026134382312,1.3113556008644347,0.8058929072157973,10.758163123422996,0.4737088331083198,14.923628817186406,1.670777022829494,0.013815196352384807,0.0,2.7470981532572765,1.825180170278519,0.0018066904177249,0.0035667081438729,32.33693359726735,,0.006952851382513225,-0.25133340556519634,0.0,-0.014519598910545876,0.0,0.0,0.06978620277381231,cyclical,2026-06-30,2026-06-30,False,False,False,False,False,True,False,False,False,False,False,,0.057366677363058935,Ridge,0.028526355833339144,0.076620765,0.07537751168194262,0.0667460254634909,0.018360319410298608,0.057366677363058935,0.022980798694830974,0.048995515502186504,2,5
SCHW,mixed,Financial Services,98.37000274658203,98.37000274658203,2026-08-07,2026-08-07,74.5597014925373,24.69873325892857,3.5849773205896645,2.834880225701505,51.70099628252788,1.54,0.05583584262268929,0.8158482142857143,0.5164620535714286,-0.5197516930022573,0.3566591422121896,0.0891647855530474,1.2070773263433814,-0.0677559719385489,0.9030537479749298,9.314993917881429,0.1759427728748198,14.923628817186406,0.15457502312928828,0.013671882551723871,0.0092938111666549,4.449519230769231,0.274042834697759,0.0031857113840379,0.0063228933124985,27.790658413055716,,0.030160254964729738,0.1164453835726027,0.19999999999999996,0.006042387252528994,0.0,0.0,0.0010489090715790628,cyclical,2026-06-30,2026-06-30,False,False,False,False,False,True,False,False,False,False,False,,0.05213668234125898,Ridge,0.025488311732572266,0.059460737,0.015337675561020517,0.007374126482966333,0.017809507849037808,0.05213668234125898,0.021608675702344454,0.028304471891559106,3,36
ARES,mixed,Financial Services,116.56999969482422,116.56999969482422,2026-08-07,2026-08-07,1243.3076923076922,20.24238029953505,8.360120965029987,-1.8571614477490677,146.06947857888193,0.13,0.03796175120770207,0.7264892936226123,0.2928614711995334,-6.374358103790715,6.782751980291945,0.0714152390895428,1.0074002121709664,-0.15505345437888604,0.7088253241097391,5.29311985943807,0.2671921177907261,2.24033452996279,0.9289785954602487,0.043658316639049004,0.0,2.778723495717402,0.2672209874016572,0.0128625468235225,0.005855029858888,19.333452312004944,,0.02831686392752486,0.08978806040482157,0.0,0.025273534750209672,0.0,0.0,0.005869848826319468,cyclical,2026-06-30,2026-06-30,False,False,False,False,False,True,False,False,False,False,False,,0.049937174496044394,Ridge,0.03528629585357574,0.052953146,0.06440375618930036,0.04777249001954621,0.0244576559679169,0.049937174496044394,0.028583590181184636,0.04315841509741141,4,12
AXON,mixed,Industrials,422.2099914550781,422.2099914550781,2026-08-06,2026-08-06,1304.7202702702796,57.309998898928605,14.081118503015118,-15.634769496817928,392.80539677707253,0.36,0.008008355882659503,0.5789999987448602,0.0125513967195666,1.9332275466921152,21.226534225025787,0.7687784503718547,0.7154786291343476,0.1477641351511107,0.5088277120771559,1.035945481022507,0.041823335059282,2.5256331509706174,0.8336243833280146,0.12088892132593929,2.4116072430007334,0.3469932683299212,0.4920774245458119,0.0,0.006653085501463,32.42658,,-0.26189645212566315,-0.4434132756962731,0.32,0.007083188936284103,0.0,0.0,-0.15104313320159488,cyclical,2026-06-30,2026-06-30,False,False,False,False,False,False,False,True,False,False,False,,0.049232484447412656,Ridge,0.00837293606409806,-0.033750113,0.014443555207931431,0.0376291770247297,0.021249430134285735,0.049232484447412656,0.01452646790127096,0.016492620567128323,5,109
ADP,mixed,Industrials,263.9599914550781,263.9599914550781,2026-08-05,2026-08-05,97.80608365019012,19.38116433116265,16.247375879868606,4.70174626827837,65.06948472580052,10.890440000000018,0.73177808727948,0.4608064486033624,0.2383520235851697,2.7399702823179792,6.117880138682516,0.0656265477959385,0.976608703327743,0.0157038597755799,0.9045595023523063,9.477732457885661,0.0412431086345926,1.032305954270427,1.572333871204342,0.34730580615350043,15.251229983516517,10.29331184528606,3.033132530120482,0.0060585653875555,0.0151444667102895,15.796886582653816,,0.22789222428747324,-0.18980972542947172,7.28,0.5656432523037254,0.0,0.0,0.2753446556448412,cyclical,2026-06-30,2026-06-30,False,False,False,False,False,False,False,True,False,False,False,,0.04843711144138617,Ridge,0.015564676123876573,-0.06473757,-0.04443053837611297,-0.04065177974403726,0.013942211905559228,0.04843711144138617,0.01576278769572486,-0.007043392927187239,6,178
NCLH,mixed,Consumer Cyclical,14.640000343322754,14.640000343322754,2026-08-03,2026-08-03,744.0,4.527415879558011,4.598120900280919,-1.8415959157808337,52.13056663549002,0.48,0.08650003536911756,0.4103016396364284,0.0831585278916414,0.0471448182745396,0.4610430667706264,0.9613189341377004,0.0467491450850558,0.0842005532429895,0.8928495304999102,8.332670259547136,1.4374272696138215,0.2088078719475213,7.695287990427177,0.053865509786683245,7.801237806135981,1.0976557905384745,0.4583860373732593,0.0,0.0152180509143613,4.809143085675468,,-0.29651158279188033,-0.1714770603665675,0.44999999999999996,0.08004993473053326,0.0,0.0,-0.2536423177002385,cyclical,2026-06-30,2026-06-30,False,False,True,False,False,False,False,False,False,False,False,,0.048102623338666876,Ridge,-0.05528830556387794,0.053814176,0.004624282481348555,-0.09343897201380973,0.021417813751112177,0.048102623338666876,-0.016309017577499415,-0.005442105005511903,7,177
OTIS,mixed,Industrials,64.4800033569336,64.4800033569336,2026-07-23,2026-07-23,90.98958333333331,9.059092661617491,-6.37765499693991,0.0,66.31280085725552,1.12,-0.0744606819763396,0.3021601685985247,0.155163329820864,1.960962569466528,2.783957222973205,0.1143048129870385,0.944920440636475,0.1067136886102403,1.366482792187616,-2.8897007654836466,0.2429022712919246,0.8491379310344828,1.029284164859002,0.2658659017569021,1.2366946778711485,9.203125,0.4392857142857143,0.0047690617133814,0.026312484300427,-13.696256702802485,,-0.29651158279188033,-0.31557155973958606,0.16000000000000014,-0.0050986641721852966,0.0,0.0,-0.21761869285698382,cyclical,2026-06-30,2026-06-30,False,False,False,False,False,False,False,True,False,False,False,,0.04730105610365523,Ridge,0.00996359857039129,0.025361225,0.021043067592327127,0.004124985286703044,0.02758657175259806,0.04730105610365523,0.01739916906242773,0.021929243256341713,8,79
PYPL,mixed,Financial Services,53.060001373291016,53.060001373291016,2026-05-05,2026-05-05,37.90909090909091,6.264612724757953,2.6832434834123227,0.5385679086865754,28.54451318458418,1.21,0.05558330003995206,0.4649608114338405,0.1741585984324573,2.352309344790548,11.194414607948442,0.2083780880773362,0.9186241610738256,0.0513317399823439,0.7513967174037196,3.0224730323611664,0.1837474320068266,1.286717051008763,0.1826141864870553,0.10370471531795496,0.1147930164696572,13.612612612612612,16.054054054054053,0.0023918259898755,0.0278885792012283,21.57188498402556,,0.16283150062000895,-0.25193851158478764,-0.33000000000000007,-0.015358643088009938,0.0,0.0,0.22581612851620586,cyclical,2026-03-31,2026-03-31,False,False,False,False,False,True,False,False,False,False,False,,0.046069623430067805,Ridge,0.02562625459049066,-0.0027835218,-0.014677535588479531,0.013819614610173081,0.02534574806151695,0.046069623430067805,0.0243730442873978,0.01721735749186102,9,106
AJG,mixed,Financial Services,231.82000732421875,231.82000732421875,2026-08-05,2026-08-05,446.1896551724138,18.570738086915657,2.8890115252060378,-2.4633387157177773,113.76762130772404,1.25,0.013661086984019901,0.3911245865490628,0.0939911797133406,2.740211926699815,5.362119217371659,0.1521059606073909,0.9474103585657372,0.0231556935945139,0.7097227654997066,2.4480752203061096,0.2001494990469112,1.056490051969618,0.7010628019323671,0.02104195188734598,0.0,2.1180124223602483,0.6592015579357352,0.0024860987089623,0.0108415402172534,89.57735119507483,,0.011122289546031894,-0.33532125089824594,0.67,0.007186235991352401,0.0,0.0,0.09495260227059338,cyclical,2026-06-30,2026-06-30,False,False,False,False,False,True,False,False,False,False,False,,0.04582935159563218,Ridge,0.028039873523747406,0.06355607,0.059080448332637966,0.09877635446983814,0.0197883641097546,0.04582935159563218,0.023808266476198384,0.04801495121801639,10,8
HOOD,mixed,Financial Services,111.1500015258789,111.1500015258789,2026-07-30,2026-07-30,168.8059701492537,69.93691086052125,11.097137506906348,6.609136400329649,164.76155749371344,0.62,0.06548383331387883,0.7568199532346064,0.5066250974279034,-1.0458000887286198,8.957795648183481,0.002227476227324,1.0021344717182497,-0.0325675159014285,0.8312820512820512,5.487218396171355,0.1517283541583035,1.261860901602308,0.15457502312928828,0.02312997347480106,0.673866090712743,0.0,0.0407580477673935,0.0,0.0216656316842613,9.97146802430138,,0.41089110847777244,0.08978806040482157,-0.050000000000000044,-0.0006291598016276712,0.0,0.0,0.32512160904057463,cyclical,2026-06-30,2026-06-30,False,False,False,False,False,True,False,False,False,False,False,,0.0455409067309691,Ridge,-0.01996477918473403,-0.12351651,-0.09096186665609095,-0.10969372364383778,0.01486829563404967,0.0455409067309691,-0.0010638030550495867,-0.03915625854983361,11,197
TDG,mixed,Industrials,1097.239990234375,1097.239990234375,2026-08-04,2026-08-04,200.8836858006042,33.346944420131294,-8.219823948220064,-3.3846846600027525,90.31453182214472,9.39,-0.05494953614027934,0.5671772428884027,0.4560175054704595,13.264604810996564,43.43642611683849,1.0309278350515465,0.9278846153846154,0.3282051282051282,1.3632727816401287,-3.7183199102864717,0.3943160119860728,2.7499013806706114,1.460997442455243,0.10245196979890857,2.568831168831169,2.193684210526316,0.770392749244713,0.0007743008955327,0.0147183525136281,-26.50744895274255,,-0.16639570431801087,-0.24524512802274434,2.7700000000000005,-0.013309838189901835,0.0,0.0,-0.10508442231232479,cyclical,2026-06-27,2026-06-27,False,False,False,False,False,False,False,True,False,False,False,,0.04516921814331528,Ridge,0.025199711641842083,0.0064259702,0.03881979392669109,0.016565809168466242,0.03543404875119463,0.04516921814331528,0.02739207432955504,0.028135868801649984,12,38
TXT,mixed,Industrials,77.16999816894531,77.16999816894531,2026-07-28,2026-07-28,66.83969465648855,3.758433269461078,1.9925662095238093,-20.54187414353298,43.883762591687045,1.42,0.03079215296746958,0.1209580838323353,0.1190419161676646,2.923587302643988,11.233898079419498,0.9597354902417646,0.7528571428571429,0.1608086377211118,0.5558619168412926,1.2515520238390863,0.2508370971165721,1.837353549276361,5.072904009720535,0.21104003529282012,3.0970464135021096,71.0,5.228571428571429,0.0004461025609288,0.0338404525063389,43.68738141996472,,-0.13823010383601286,-0.029674359751724944,0.10999999999999988,0.0009508831261997794,0.0,0.0,-0.13081151389808163,cyclical,2026-07-04,2026-07-04,False,False,False,False,False,False,False,True,False,False,False,,0.0439775486449435,Ridge,0.02237826379888505,-0.0052884473,-0.003625804211626821,-0.008593906373609989,0.021111660471535777,0.0439775486449435,0.02157137790338808,0.013477291364589505,13,119
TROW,mixed,Financial Services,105.83000183105469,105.83000183105469,2026-07-31,2026-07-31,51.44723618090452,11.845020551533011,2.109506749359582,-0.4162023597039339,30.182732754174065,0.57,0.057441490570324924,0.9457111834961998,0.2435241197456181,-0.3816438359935398,15.096829118891996,0.2980754550441347,3.266904761904766,-0.15505345437888604,0.20735550751439064,0.2894251306521245,0.0204718975366339,14.923628817186406,2.7073068309070547,0.04429192821608106,0.0,0.0,9.341071428571428,0.0124184538361884,0.198895460420665,48.53267240367028,,0.11493891520285171,0.1484536281177935,-1.42,0.016438184891740024,0.0,0.0,0.07782550817340333,cyclical,2026-06-30,2026-06-30,False,False,False,False,False,True,False,False,False,False,False,,0.043585317705166396,Ridge,0.022027868235608886,0.018902767,0.0041902459187018294,0.014002093921955712,0.021030147594742234,0.043585317705166396,0.021396227984743305,0.020886274583339845,14,84
MGM,mixed,Consumer Cyclical,30.469999313354492,30.469999313354492,2026-07-29,2026-07-29,32.87387387387388,2.0986663503679592,3.977468731384653,-0.0399508882579365,132.17122778720776,1.11,0.11633220952551442,0.440342329771542,0.0705735411215028,2.0232770474229453,7.788854923392179,1.1192688812057758,0.643833723794077,0.2369944879242005,0.9152772942080427,14.508962814889957,2.7734993904127725,1.2335683394611838,3.4288493582727644,0.062361640988381796,6.114734924152199,3.128043733518123,5.480029258339589,0.0,0.0150313926374319,9.174176458527922,,-0.1469765029855965,-0.02245751320646483,0.0,-0.004659577436756282,0.0,0.0,-0.1413621246839803,cyclical,2026-06-30,2026-06-30,False,False,True,False,False,False,False,False,False,False,False,,0.04357400269280906,Ridge,0.031241631813794135,0.041763283,0.030620720366639403,0.029720224822875466,0.07391604482296496,0.04357400269280906,0.04253856280992398,0.042032269703714834,15,13
EME,mixed,Industrials,769.030029296875,769.030029296875,2026-07-30,2026-07-30,63.79457768508863,6.102248130867255,7.502024535605332,0.3505440507742954,38.40874943948078,9.06,0.09897112143032435,0.2071419857732383,0.1177045448456937,10.931616031062806,24.68218771095332,0.7085012784054209,0.9391328060045308,0.1077924907604204,0.5983153429301841,1.4898937386902913,0.0170745117240781,1.2204354010532503,1.0649635702542006,0.5075170211287061,2.917565022143865,164.0851851851852,4.482632663182391,0.0004060297757457,0.0787742968970447,81.54998655314783,,0.04519017817401272,0.08978806040482157,-0.5299999999999994,-0.01855652733078894,0.0,0.0,0.022743163072807326,cyclical,2026-06-30,2026-06-30,False,False,False,False,False,False,False,True,False,False,False,,0.042499412903398925,Ridge,0.02369390981277844,0.07890424,0.0629329637320255,0.05192213193555801,0.02772409306074359,0.042499412903398925,0.024372990146792693,0.044124676018714996,16,11
GPN,mixed,Industrials,80.29000091552734,80.29000091552734,2026-08-05,2026-08-05,85.05494505494505,9.784906722762177,0.8108636258126093,-0.3248625662947061,94.0814014145734,0.05,0.0005612550061752762,0.7061612798633463,0.1304874351856977,1.4471014099896158,34.765573066320805,0.7015042391435804,0.6735072164468219,0.0690925007952426,0.6229633134801298,1.7136705077867156,1.1749838572009847,1.6900810852419603,2.418806285339733,0.012504792266032539,0.2095167314753832,1.2102648358956305,0.1510264125493917,0.003182007247694,0.0073589762144548,95.30076944215443,,0.030812696309248322,0.07181952897513488,-0.86,-0.008942271330564425,0.0,0.0,0.012857814065464601,cyclical,2026-06-30,2026-06-30,False,False,False,False,False,False,False,True,False,False,False,,0.041187005965440435,Ridge,0.01784205757026527,-0.03430926,-0.03664068044711454,-0.008490451785766748,0.032982286612850534,0.041187005965440435,0.02325465650273377,0.00582179205243431,17,150
VRSK,mixed,Industrials,168.3800048828125,168.3800048828125,2026-04-29,2026-04-29,157.5281690140845,39.93740062873652,91.74316280521498,-3.193918682026442,81.17195891410134,1.73,-0.20056521366789415,0.596045197740113,0.4359270672829995,1.9856707497264183,15.67032957833717,0.4832925548048363,0.8042528400815613,0.1492414032952223,1.2537621781489214,-4.937312665924467,0.1570800599768432,1.2021910185627962,1.6542056074766356,0.13019745998608212,4.297814207650274,5.966608084358524,0.2328371333458953,0.0020094364673542,0.0469103080347282,2.221262726182054,,-0.21607148897615114,-0.4637989252113081,0.31000000000000005,-0.8387529159332663,0.0,0.0,-0.10012175767332411,cyclical,2026-03-31,2026-03-31,False,False,False,False,False,False,False,True,False,False,False,,0.04030523844196048,Ridge,-0.009932865502560603,-0.0018364592,0.036086088318851677,0.06335186164252059,0.026146176321984557,0.04030523844196048,0.007645093463636711,0.023245744070443008,18,67
HON,mixed,Industrials,213.8000030517578,213.8000030517578,2026-07-23,2026-07-23,424.1086956521739,12.699443328550933,8.02598238341969,-1.2506285679724312,105.99278650036683,10.890440000000018,0.3065220909532287,0.3556056568969051,0.1586390653822504,1.7585012594458438,20.355793450881613,0.0913098236775818,0.9506382978723404,0.0501793645370686,0.7916750995075221,3.800194300518135,0.2665726972489478,1.316492996241886,1.2804093950925075,0.12198748448489863,0.9957244655581948,4.117021276595745,0.1670122826607114,0.0061490705123115,0.0112824882829143,24.177889132477294,,-0.13804223894630774,-0.05196876972438014,7.28,0.28741587333664836,0.0,0.0,-0.1250500465152127,cyclical,2026-06-30,2026-06-30,False,False,False,False,False,False,False,True,False,False,False,,0.03897393610031587,Ridge,0.019027482048227715,0.017801223,0.030930571683824282,0.048755968012303384,0.01667944650850072,0.03897393610031587,0.018812275969283872,0.02731556703931099,19,43
JPM,mixed,Financial Services,333.17999267578125,333.17999267578125,2026-08-06,2026-08-06,83.48275862068965,0.918021940466253,0.0,0.0,0.0,7.7,0.05647387332553831,0.019323034352334116,0.0,0.0,0.048723813173403234,0.0,0.0,0.0,0.9253055142411799,12.387869129039665,0.0,0.617859309007189,1.670777022829494,0.036379758683280326,0.0,0.0,0.0,0.0,0.0,23.17864833470325,,0.08266716278605712,0.11171168727321068,0.030000000000000027,0.00036765460763759934,0.0,0.0,0.054739240967754454,cyclical,2026-06-30,2026-06-30,False,False,False,False,False,True,False,False,False,False,False,,0.038522271280930526,Ridge,0.032933918598359105,-0.004144769,0.04656947902287881,0.03346893399027693,0.028257519893081288,0.038522271280930526,0.029244721891702886,0.02955909820210382,20,27
HIG,mixed,Financial Services,125.73999786376953,125.73999786376953,2026-07-23,2026-07-23,34.0246913580247,5.24476750547046,2.0206407081511144,1.407911494252874,26.66733876017533,4.68,0.06611317679417307,0.4894693654266958,0.1932439824945295,6.331297161336687,16.119295724038807,0.1652892561983471,0.9745575221238938,1.3113556008644347,0.776854619642431,3.481383385116895,0.1139773046701229,14.923628817186406,1.1576947435085496,0.08255003807553732,6.099673202614379,28.836734693877556,26.836734693877556,0.0039374452082334,0.0188904473425049,67.1585279547063,,-0.11363317451170507,-0.031801048250022945,0.6299999999999999,0.006520995962727871,0.0,0.0,-0.10568291244919933,cyclical,2026-06-30,2026-06-30,False,False,False,False,False,True,False,False,False,False,False,,0.0374781860976372,Ridge,0.02088856226722296,0.011427985,0.011251912464613816,0.007687833678321131,0.016516275130573445,0.0374781860976372,0.01974523063318505,0.018026620568940537,21,101
GL,mixed,Financial Services,165.8300018310547,165.8300018310547,2026-08-05,2026-08-05,41.74925373134329,7.420176564002284,1.8926571514377837,-0.3501304248530733,36.35594720112006,3.65,0.04674393236313957,0.3035638119861149,0.2337745172022337,4.08276635769155,223.2346283437238,0.2536144762870959,0.9415147133065792,0.1774495021963489,0.8049643946352951,4.1272689318961016,0.2321797441547444,9.662096317452509,1.4633333653412202,0.05068448434042923,1.9623838826104965,10.118034649247372,0.918067709038268,0.0019166365810441,0.0107089170213123,73.89610944261797,,0.1332604512475546,0.35659360136661244,0.2999999999999998,0.002221966882391971,0.0,0.0,0.04411205090590148,cyclical,2026-06-30,2026-06-30,False,False,False,False,False,True,False,False,False,False,False,,0.037354706696902135,Ridge,0.022721157104417546,0.021881053,0.01666326300816012,0.015922215209412324,0.02071211535247039,0.037354706696902135,0.02196467400455026,0.022542868853802626,22,74
MMM,mixed,Industrials,163.02000427246094,163.02000427246094,2026-07-21,2026-07-21,148.24074074074073,13.947730285325289,18.19256270521055,-1.20454786386341,123.01112116081794,1.78,0.3160569105691057,0.3355617153106147,0.1294635578020544,2.498596298893124,11.10424857028682,0.4641587132026178,0.8433354390397979,0.1649817613340281,0.9139560187836445,10.812669376693767,0.1492726977313631,1.7078686816050026,1.735918482875743,0.18611842858779062,1.508142116950407,0.0,0.3119216113228089,0.0045241235822724,0.0174922694476444,8.723562152133582,,0.009661862210212702,0.11352461934741065,0.7,0.19334317173456717,0.0,0.0,-0.01871929262663996,cyclical,2026-06-30,2026-06-30,False,False,False,False,False,False,False,True,False,False,False,,0.0373500961098223,Ridge,0.03008122147664146,0.011325392,0.022888654051701388,0.028207306130024982,0.0306343242546488,0.0373500961098223,0.02866912772668032,0.027221395182252344,23,44
ALLE,mixed,Industrials,154.27999877929688,154.27999877929688,2026-07-23,2026-07-23,92.56976744186046,13.23751258226868,6.614914877152254,-1.0801523844212042,64.80929788117989,2.15,0.48835621633922477,0.444734804490902,0.202864885791715,2.3238998835855647,4.146682188591385,0.4653957508731082,0.833149363902608,0.317183604712735,0.6047977913744217,2.4593795039065465,0.1572201736082728,1.842467566851999,2.360520904729267,0.2148000298462916,2.343545751633987,8.350597609561753,3.0492537313432835,0.0031685858256322,0.0565888279839041,23.902890173410405,,-0.05058462289663457,0.10666378867582593,0.42999999999999994,0.41701746609739854,0.0,0.0,-0.07725057006559105,cyclical,2026-06-30,2026-06-30,False,False,False,False,False,False,False,True,False,False,False,,0.034927098929327244,Ridge,0.0283147934415412,0.030904645,0.022423732653057582,0.03565178723481466,0.030791050600794213,0.034927098929327244,0.027988721779772772,0.030153727709682717,24,25
PAYX,mixed,Industrials,100.83999633789062,100.83999633789062,2026-09-24,2026-09-24,59.05128205128205,18.606783127867768,8.385940302969903,0.3591204149174743,40.84043189368771,1.21,0.11596275806233977,0.761623085853281,0.4378351484327492,2.118809126321647,5.0929326655537,0.1419031719532554,0.9372307692307692,0.1031209148252973,0.763388609704547,3.2263392254756442,0.1471902063740926,1.260042390628371,0.8735271392698474,0.10411412005849036,3.256797583081571,11.629955947136564,1.5473189489425336,0.0115277850816794,0.0497340307309339,11.130338325013868,,-0.005369472873610226,-0.2583112949552029,-0.3500000000000001,-0.02363760071780774,0.0,0.0,0.059208350865190496,cyclical,2026-08-31,2026-08-31,False,False,False,False,False,False,False,True,False,False,False,,0.03461694213799217,Ridge,0.020978912585838966,-0.0052872277,0.0007340519728973521,-0.01291730349453087,0.025690713833201567,0.03461694213799217,0.022831980663141172,0.012753357850483356,25,124
WTW,mixed,Financial Services,291.6000061035156,291.6000061035156,2026-07-30,2026-07-30,42.8981723237598,10.74441416893733,3.955065195586761,0.0729437880415324,30.871153846153845,2.43,0.029786680541103016,0.5098773841961853,0.3460490463215259,7.375,32.625,0.65625,0.9182879377431906,0.0550556983718937,0.7457377531987304,2.964229968782518,0.199901095556908,1.2049414453013425,1.08660251665433,0.0806963578651134,0.0,15.393939393939394,1.5373376623376624,0.0028213126394806,0.0392960238383462,82.22680412371135,,-0.04116793994635137,-0.081024846038525,-5.23,-0.062364773821986186,0.0,0.0,-0.020911728436720123,cyclical,2026-06-30,2026-06-30,False,False,False,False,False,True,False,False,False,False,False,,0.034455036218561316,Ridge,0.022164305546262558,0.031771105,0.025417229298429975,0.049067380356963335,0.018329662968992168,0.034455036218561316,0.021097662289695125,0.028816748168624277,26,31
J,mixed,Industrials,139.7899932861328,139.7899932861328,2026-08-04,2026-08-04,118.26785714285714,4.871554027731007,4.65849656494091,1.4739219466050029,58.15040128496498,1.15,0.04182982390199508,0.2323670527962843,0.0706168104088293,3.077213012462688,13.09436396445014,0.1334047253655328,0.9584488916903036,0.1064254698879033,0.6090048684854572,2.0538587066988008,0.154956092239701,1.3295351921547691,1.0763168722867642,0.3527545232329635,2.001814121801927,6.789309277748584,6.626291819933439,0.0024033564484056,0.0272582014238365,28.938877031410183,,0.005466397799991363,0.12615800601089844,0.029999999999999805,0.0031539041598423745,0.0,0.0,-0.026073103702733247,cyclical,2026-06-26,2026-06-26,False,False,False,False,False,False,False,True,False,False,False,,0.034322777184293496,Ridge,0.028566277033825416,0.024377957,0.045206006230268055,0.042048553539402594,0.030934168409062004,0.034322777184293496,0.028188234348998524,0.0334035209213747,27,19
FIX,mixed,Industrials,1685.2900390625,1685.2900390625,2026-07-23,2026-07-23,99.49786780383792,12.436497412952884,13.438482032233273,1.834119278557522,71.27961640623808,10.890440000000018,0.13725989340648856,0.2549878744566936,0.161125927650358,11.41378332387975,27.84736245036869,1.8743618831537152,0.8589448072736586,0.1380556005716222,0.6209539897589553,1.6382021521980288,0.0146882477918141,1.2111769818937197,0.91054390716679,0.38474677672887436,2.830986805447851,151.67200284596228,8.339248809416839,0.0006429781549638,0.0922801977259264,69.33501330766181,,0.171772471258274,0.08978806040482157,3.1499999999999986,0.002169435895913868,0.0,0.0,0.1493254561570686,cyclical,2026-06-30,2026-06-30,False,False,False,False,False,False,False,True,False,False,False,,0.034238426720457765,Ridge,0.012965032530030356,-0.062420912,-0.008183621313484876,-0.027876737419236804,0.021445912869410444,0.034238426720457765,0.017618820415618616,-0.000896373252972248,28,165
VRT,mixed,Industrials,246.1199951171875,246.1199951171875,2026-07-29,2026-07-29,138.47008547008548,21.51546122666319,15.721850235402025,2.7811727258882404,92.39188201624565,1.27,0.10463258785942492,0.368784721875,0.2085069444444444,2.3834332314581217,4.779154896645788,0.2439384823333071,0.9071549407901284,0.228023598820059,0.7007968102434453,2.34221035816378,0.0509678696017567,1.5474245518493306,0.926342875522676,0.00969899920154235,1.035014803006149,35.958083832335326,15.191489361702128,0.0003873183681977,0.0645500598469369,10.062773703014988,,0.0,0.0,0.10000000000000009,-0.008426555062961083,0.0,0.0,0.0,cyclical,2026-06-30,2026-06-30,False,False,False,False,False,False,False,True,False,False,False,,0.034034325498801844,Ridge,0.016655307591562477,0.02001462,0.011644979377170479,0.009402476595895735,0.029098741623496835,0.034034325498801844,0.021834835023000397,0.020499380421710102,29,87
LEN,mixed,Consumer Cyclical,82.11000061035156,82.11000061035156,2026-06-29,2026-06-29,92.38297872340426,4.22298225418447,1.2776383421538164,-0.5939416252479146,129.50887172622112,0.16,0.014096346278033054,0.1523076751090267,0.0352088292185061,-1.896161807902208,8.531341280815585,0.1226977802142056,1.4109277540844376,-0.103131851848131,0.3541606438060315,0.5520525805020184,0.1464602310611522,4.245186910254446,6.888743193965732,0.23559433858271103,3.229373696099449,0.0,0.3822333700091379,0.0044172680339947,0.0205207889477252,89.50889796185535,,-0.0833467685713003,-0.38114259413361806,-0.7799999999999999,0.0036123635538457544,0.0,0.0,0.011938879962104215,cyclical,2026-05-31,2026-05-31,False,False,True,False,False,False,False,False,False,False,False,,0.033731516761242905,Ridge,0.06172341762500287,0.059579246,0.0737890039151997,0.036526981204944686,0.03334670905275359,0.033731516761242905,0.045099027789777535,0.04890759548239733,30,6
TT,mixed,Industrials,458.94000244140625,458.94000244140625,2026-07-30,2026-07-30,145.7677902621723,16.91614734182136,10.118141124766012,-1.2222000102941932,101.24695291342452,0.58,0.10735367451785362,0.340927203809894,0.1591991447176596,4.751184749552773,7.885957066189624,0.4697874418604651,0.91001916412558,0.1856950994957608,0.6386673688434146,1.7720836377552796,0.0530318142623647,1.250735680086532,1.5901152906994716,0.15971595278697295,1.5741677886624263,14.73021582733813,1.0217739767566123,0.00236122264468,0.0532067582177569,38.465563506261184,,-0.015509358299748532,0.06640952328610061,-2.09,0.03860505518731852,0.0,0.0,-0.032111739121273686,cyclical,2026-06-30,2026-06-30,False,False,False,False,False,False,False,True,False,False,False,,0.03368474361136778,Ridge,0.026653295483487965,-0.018365735,0.04235219174914425,0.027774592375127347,0.03006695445212033,0.03368474361136778,0.027018974422134773,0.024566193513968194,31,59
HLT,mixed,Consumer Cyclical,315.44000244140625,315.44000244140625,2026-07-28,2026-07-28,222.67441860465115,21.960155490767736,-12.581848552338531,-2.042860101010101,128.4890965732087,2.1,-0.07647152149769951,0.7644962747003563,0.1950113378684807,0.6398305084745762,4.110169491525424,0.2203389830508474,0.7438423645320197,0.8252032520325203,1.366482792187616,-3.6804696176423923,0.2020032157661046,10.8130081300813,1.8266272189349115,0.7111885633270322,0.0,3.648484848484848,1.2335766423357664,0.0005162927232228,0.0155515370705244,-22.638655462184875,,0.03490814449280255,0.266166268379586,0.81,-0.021349027065628308,0.0,0.0,-0.03163342260209395,cyclical,2026-06-30,2026-06-30,False,False,True,False,False,False,False,False,False,False,False,,0.03364453272475411,Ridge,0.02341699001024747,0.0468862,0.032178077623187556,0.02440487316277289,0.021148182901764165,0.03364453272475411,0.022637803949938622,0.029017627113097376,32,28
PNR,mixed,Industrials,52.880001068115234,52.880001068115234,2026-04-28,2026-04-28,102.09803921568628,16.67464576188143,4.397931355318929,-2.631029757539272,75.32876979293545,1.05,0.038007892590224655,0.4035276825085742,0.1706026457618814,0.1658506670746634,0.6217870257037944,0.1450428396572827,0.5334645472440945,0.0529552798915876,0.4612415158371041,0.7191296104411473,0.0962949085345285,1.6072135932450746,1.5158942364824717,0.1428733031674208,2.018905472636816,10.005747126436782,12.85632183908046,0.0024094295434612,0.0702093612481664,23.49241044323012,,-0.29651158279188033,-0.4632016945679095,0.030000000000000027,-0.004920878215109746,0.0,0.0,-0.18071115914990296,cyclical,2026-03-31,2026-03-31,False,False,False,False,False,False,False,True,False,False,False,,0.033502954524934486,Ridge,-0.008426470398553931,-0.046644375,-0.019017506753090063,-0.06334393691658555,0.027844321286121215,0.033502954524934486,0.009274480626804808,-0.008792983838276657,33,181
LII,mixed,Industrials,360.4599914550781,360.4599914550781,2026-04-29,2026-04-29,119.01470588235294,14.181374058577406,14.570322414237811,-0.7155974540834844,97.51614594039054,3.35,0.09654831534722794,0.3257740585774059,0.1638493723849372,10.793696275071634,0.994269340974212,0.836676217765043,0.928061098792806,0.3405772780667897,0.7172176019754467,2.5362879973638686,0.1044861602306803,1.597415673770767,2.064616447823082,0.26442565285251707,1.839497716894977,12.314465408805033,0.4537381839014609,0.0026907826884955,0.0488231061774077,33.136752136752136,,-0.29651158279188033,-0.34673240883127665,-0.73,-0.025969095021613958,0.0,0.0,-0.20982848058406117,cyclical,2026-03-31,2026-03-31,False,False,False,False,False,False,False,True,False,False,False,,0.03335816090909953,Ridge,-0.028309090706997293,-0.0067223315,-0.08556390068525783,-0.09675630549923249,0.026129197631072295,0.03335816090909953,-0.0009240490102394817,-0.022189071983101973,34,191
F,mixed,Consumer Cyclical,12.270000457763672,12.270000457763672,2026-04-30,2026-04-30,-4.719424460431655,1.1376003486598387,1.4520605251446372,0.0021225882342903,262.59556149732623,0.63,-0.0009612047099030785,0.03721943778601,-0.0197646546088472,0.2764513696908771,9.672530786629808,0.6996732847449108,0.2832131822863027,0.0338062494560013,0.8672822677156433,6.54019704696553,2.7734993904127725,1.0748280964400732,0.7111641457971734,0.6549919627240346,1.7118834515091634,-2.60632183908046,0.0781266261925412,0.0114741110341487,-0.0371632830397345,9.03543603920583,,-0.08364447664199615,0.22945896370377472,3.4099999999999997,0.3067824535010448,0.0,0.0,-0.14100921756793983,cyclical,2026-03-31,2026-03-31,False,False,True,False,False,False,False,False,False,False,False,,0.033305361998628435,Ridge,0.0685960969651617,-0.05743338,-0.03856338315501974,-0.019098228644262735,0.013909618859947055,0.033305361998628435,0.04233888841495648,0.007087549920376688,35,144
AON,mixed,Financial Services,275.95001220703125,275.95001220703125,2026-07-29,2026-07-29,44.83862770012706,17.652206511627906,8.116390932420872,0.0413255385500398,34.65267299658185,2.58,0.05740779329026881,0.8353488372093023,0.3109302325581395,6.150627615062762,13.00790330079033,0.3440260344026034,0.9470293486041518,0.0601481098768621,0.8179841415637243,4.546468014169618,0.2093420352166791,1.109704641350211,1.0216203373722974,0.06034078767315875,0.247116392869626,7.0,2.7282051282051283,0.0021210867004333,0.0467067610825492,43.19630484988453,,-0.18309647067190282,-0.26640256218887914,-5.29,-0.1236230022614848,0.0,0.0,-0.11649583012468304,cyclical,2026-06-30,2026-06-30,False,False,False,False,False,True,False,False,False,False,False,,0.03324162502276941,Ridge,0.005071807263295751,-0.048559226,-0.018476010232028117,-0.001477206866580469,-0.00023531011762808945,0.03324162502276941,0.007003615916159716,-0.0027452731494316688,36,171
FDS,mixed,Financial Services,277.6099853515625,277.6099853515625,2026-07-01,2026-07-01,60.275,13.102936029812494,3.760320203915999,-1.2786385881696425,50.23470823579025,3.5,0.06235232176510242,0.5143489809645854,0.3027090810596724,5.028596961572833,7.725160451702006,0.7040106155387656,0.8771919050678357,0.4184127875145029,0.5151976492349589,1.0626962687411738,0.1717210175141428,1.3979159213410524,1.9080450796763608,0.34240267824619147,1.9883143598024695,4.643527816830689,3.4531129646339047,0.0051170708124023,0.0636412945217863,57.445754526077216,,0.21311827194355226,-0.24742467644881128,-0.10000000000000009,-0.00014133756329357677,0.0,0.0,0.2749744410557551,cyclical,2026-05-31,2026-05-31,False,False,False,False,False,True,False,False,False,False,False,,0.03285439866359907,Ridge,0.0049239567174509755,-0.044438317,-0.008616833432343044,-0.020320485606756526,0.01814722006796642,0.03285439866359907,0.012744040283590663,-2.2936521367357366e-05,37,163
SWK,mixed,Industrials,89.58999633789062,89.58999633789062,2026-07-29,2026-07-29,68.32692307692308,3.1431025403028823,1.2790267510436684,0.088892128201192,39.63213027014546,2.33,0.03921284100549181,0.3316235140856538,0.0995494761982304,5.829800721049087,1.8495041136774824,0.4806993912021446,0.9238254682431726,0.1821873153249328,0.5737748132387485,1.3461776334680715,0.5063173916137507,1.1397906857044815,4.00630640426226,0.19711349441361634,1.1385575589459085,4.506142506142506,0.2925591882750845,0.0109057227622178,0.0231272202213453,59.51609404681307,,0.1684232316025258,0.24916336221264124,1.29,0.021741058706991608,0.0,0.0,0.1061323910493655,cyclical,2026-07-04,2026-07-04,False,False,False,False,False,False,False,True,False,False,False,,0.03174772899101874,Ridge,0.021642463432622213,0.018417131,0.001571210216542215,-0.010373939630830945,0.027657335508460338,0.03174772899101874,0.02392688305599287,0.016538565368017653,38,108
EFX,mixed,Industrials,139.72999572753906,139.72999572753906,2026-07-21,2026-07-21,149.64137931034483,16.98785760350832,5.721037291227765,3.248319446025421,66.85320213903744,1.54,0.04198438427469065,0.1096349800077389,0.1832838901070553,2.8072487644151565,1.4892915980230643,1.0708401976935749,0.723874256584537,0.2015928748822471,0.6227695337929192,1.7035523492077986,0.1933574302811562,0.604692986212212,1.5311543398834797,0.14189020013687426,6.688953488372093,5.253234750462108,0.376339163080304,0.0023081561583048,0.0499859668818411,37.64758789860998,,-0.29651158279188033,-0.4637989252113081,0.09000000000000008,0.0038244033872593536,0.0,0.0,-0.1805618514890533,cyclical,2026-06-30,2026-06-30,False,False,False,False,False,False,False,True,False,False,False,,0.03174722538248843,Ridge,-0.011747479307686968,0.00246563,-0.04747064279602811,-0.021760575363859537,0.02559227876754414,0.03174722538248843,0.007043888767746124,-0.0017293942627171722,39,170
VLTO,mixed,Industrials,94.5999984741211,94.5999984741211,2026-04-29,2026-04-29,97.82352941176472,17.768845272206303,7.986254990341275,3.906347716535433,76.41834234234234,1.02,0.08452579034941764,0.5931232091690545,0.2263610315186246,1.170555108608206,8.169750603378922,0.080450522928399,0.9356913183279744,0.1512645914396887,0.5962563369296763,1.4768190598840951,0.1077591941208712,1.6692607003891051,1.556298773690078,0.1858094864758918,1.3653846153846154,15.8,0.4083333333333333,0.0010884767082916,0.0597340309570525,12.399201596806387,,-0.026949203105111175,-0.05276861445758396,0.0,0.002748584940531637,0.0,0.0,-0.013757049490715184,cyclical,2026-04-03,2026-04-03,False,False,False,False,False,False,False,True,False,False,False,,0.031717517134333933,Ridge,0.02474967169978096,0.03315325,0.030096563912356288,0.026459062954469533,0.0285106594090956,0.031717517134333933,0.025707901019724665,0.028593075004372165,40,34
TRV,mixed,Financial Services,361.6400146484375,361.6400146484375,2026-07-17,2026-07-17,25.806049822064058,5.139978925353925,1.9426101416671733,0.1866557309325582,21.39166459627329,1.95,0.06666465384499261,0.5308880308880309,0.2495978120978121,12.187925556059918,29.768497503404447,0.0,1.0,0.0,0.7693202395876864,3.3350140394311767,0.1450229794208213,0.0,0.835540022850998,0.08464270789803593,1.640506329113924,26.75,6.668269230769231,0.0037871545289563,0.0239861389355135,146.84821428571428,,0.16406481040472998,0.3086777688660256,-6.3245000000000005,-0.009215445869240987,0.0,0.0,0.08689536818822358,cyclical,2026-06-30,2026-06-30,False,False,False,False,False,True,False,False,False,False,False,,0.03161623823765332,Ridge,0.029475505680106515,0.013776802,0.022989509452205424,0.020784668090242254,0.02266422323788329,0.03161623823765332,0.02616873001811041,0.024059265645933428,41,62
MET,mixed,Financial Services,94.3499984741211,94.3499984741211,2026-08-06,2026-08-06,67.47008547008548,2.204238116196355,1.8484303999964784,-3.325341141012204,36.69762789789855,1.09,0.02682117998615211,0.3052826068699084,0.0469051818258167,12.16469151592772,188.48880461513568,0.0,1.0,0.0292932182705086,0.9631787845746221,26.653948471265625,0.3843843848486474,0.65036086898265,0.4389434685639504,0.025223474133889583,0.0,4.247148288973384,0.5915570175438597,0.0077345522252342,0.0011295017766267,42.706503853296496,,0.28823045431623573,0.19916113973209315,-0.07999999999999985,-0.0016667416984734902,0.0,0.0,0.23844016938321244,cyclical,2026-06-30,2026-06-30,False,False,False,False,False,True,False,False,False,False,False,,0.03155491071080249,Ridge,0.03419561674298397,0.108746596,0.07721361784369682,0.06822895271415744,0.0334063039450683,0.03155491071080249,0.03185111198984619,0.05428191229696535,42,4
BKNG,mixed,Consumer Cyclical,160.27999877929688,160.27999877929688,2026-08-04,2026-08-04,121.71022727272728,27.37258985667034,-31.15607260666906,-0.6318844726673097,76.3693326096396,2.53,-0.02677019382361124,1.0,0.3197353914002205,1.7465795636632564,21.92160729693085,0.0899790459755947,0.951006711409396,0.089232243382441,1.3632841452732296,-3.7526662338866736,0.1078091595815105,1.3333333333333333,1.662041884816754,0.24769220402937808,0.0,8.152610441767068,0.8774072334429309,0.0017665143035612,0.0464669077550083,-6.835993749808512,,-0.04133023040076034,-0.27658422648809855,0.7699999999999998,0.22923554299962284,0.0,0.0,0.0278158262212643,cyclical,2026-06-30,2026-06-30,False,False,True,False,False,False,False,False,False,False,False,,0.03152910239140271,Ridge,0.034363747473895215,0.07205591,0.09603710895046101,0.10431442544816855,0.03637516618377721,0.03152910239140271,0.03286960633238941,0.05771346221084704,43,2
BLK,mixed,Financial Services,1064.3599853515625,1064.3599853515625,2026-08-06,2026-08-06,67.53581460674158,22.29823275604658,0.0,0.1883244443251542,0.0,10.890440000000018,0.033221668720601255,0.6264556584054942,0.4201254105703195,0.0,0.048723813173403234,0.0,0.0,0.0,0.6330348258706467,1.9324631593563952,0.0,0.0,1.670777022829494,0.07274484719260839,0.0,63.95454545454545,0.0,0.005958137068347,0.0,0.0,,0.011009038395435322,-0.045220103383152965,-2.0500000000000007,0.00036765460763759934,0.0,0.0,0.022314064241223563,cyclical,2026-06-30,2026-06-30,False,False,False,False,False,True,False,False,False,False,False,,0.030746360197307202,Ridge,0.028777188950259033,0.012083008,0.07181100461244606,0.06963456307547468,0.023744957223738185,0.030746360197307202,0.026216044329931507,0.03758551464908918,44,15
MAS,mixed,Industrials,68.27999877929688,68.27999877929688,2026-04-22,2026-04-22,79.325,7.3263915225878415,-70.62483870967742,-1.7913027272727282,54.91455172413793,1.05,-0.8801652892561983,0.3368655883993307,0.1438929168990518,1.792270531400966,3.1256038647343,0.2270531400966183,0.8875598086124402,0.2657342657342657,0.994649340722339,-21.50826446280992,0.2438296557152666,1.8054672600127144,1.7441634241245136,0.3665201605197783,1.4679012345679012,10.75,3.2739726027397262,0.0048720255903144,0.0397971127584861,-0.8985507246376812,,-0.02177652178657763,0.11332135625789785,0.25,0.006931484937350074,0.0,0.0,-0.05010686085105209,cyclical,2026-03-31,2026-03-31,False,False,False,False,False,False,False,True,False,False,False,,0.03049383018576759,Ridge,0.026631137484428732,0.03867001,0.01525718499932395,0.03382097127742165,0.030392751406059525,0.03049383018576759,0.027280677194555885,0.028867657665778243,45,29
ALL,mixed,Financial Services,224.41000366210938,224.41000366210938,2026-08-05,2026-08-05,14.305841924398624,3.278456600361664,1.7768570728520092,1.1937769928515511,11.95110232376489,10.890440000000018,0.0970680752566918,0.5295961422543701,0.2962628089210368,11.098354381936472,21.29735935706085,0.3406046689628779,0.9702241552358648,0.0421365738130145,0.7300490557568373,2.7027716778443827,0.1377101631295471,0.3700236833201759,0.8021080114103369,0.1490589630959633,0.0,50.1530612244898,6.223765432098766,0.0053686739163988,0.0441857596249817,115.64034756327918,,0.05475655039532512,0.05535178546891162,-2.040000000000001,-0.02811977185209609,0.0,0.0,0.040918604028097216,cyclical,2026-06-30,2026-06-30,False,False,False,False,False,True,False,False,False,False,False,,0.03039722832422994,Ridge,0.02881484052518505,0.0388084,0.05393874871870098,0.021453762120369473,0.02220560223524227,0.03039722832422994,0.025767933167491087,0.03150437184536181,46,21
PRU,mixed,Financial Services,113.12999725341797,113.12999725341797,2026-08-05,2026-08-05,43.58301158301158,2.519721840842052,1.2176817182637647,-0.3053668145631353,45.70814778384152,2.8,0.03119359027140007,0.3146210768053075,0.0771880581781066,9.484979528976488,74.66242096235003,0.0,1.0,0.0,0.9558588176437106,23.718750989644363,0.8345494018855342,0.0,0.3266377729621603,0.019987135538839698,0.5701549564848227,2.2701688555347093,0.0764615120864049,0.012025572318154,0.0011596417573991,92.7007707995647,,0.13186590548692312,0.09198839047700758,0.20999999999999996,0.003294212997832068,0.0,0.0,0.10886880786767122,cyclical,2026-06-30,2026-06-30,False,False,False,False,False,True,False,False,False,False,False,,0.030318436737095347,Ridge,0.02678727430022359,0.026505385,0.027277448781212136,0.01701255309288883,0.022965166038678216,0.030318436737095347,0.02502574499443513,0.02514469618954992,47,56
CCL,mixed,Consumer Cyclical,25.06999969482422,25.06999969482422,2026-09-29,2026-09-29,136.21052631578948,7.057169505271695,3.338765252091167,-1.0377447823494337,52.71715272448196,1.4,0.13532562729066816,0.3610705596107056,0.0984590429845904,0.5054387237128354,1.0326323422770125,0.4104423495286439,0.5518606492478226,0.1016908212560386,0.7469505691624488,2.955874453226921,0.5852101191864841,0.2675523349436393,9.298642533936652,0.37042632084911026,3.1714975845410627,2.0859106529209623,0.654786150712831,0.0047807904163539,0.024767641102861,9.361350574712644,,-0.08392213554290373,-0.19544288527521758,1.21,0.11552668630379076,0.0,0.0,-0.035061414224099335,cyclical,2026-08-31,2026-08-31,False,False,True,False,False,False,False,False,False,False,False,,0.030159785849155928,Ridge,0.024162725573794255,0.016920267,0.046722062160652326,0.027686190445891355,0.019494143212865182,0.030159785849155928,0.022664676462131012,0.026867146833890788,48,47
PHM,mixed,Consumer Cyclical,116.3499984741211,116.3499984741211,2026-07-22,2026-07-22,45.44961240310077,4.9373456107338765,1.7531060090214872,-0.8452623938925155,33.4575654040685,2.48,0.03626961399463382,0.2477890789086716,0.1633218731537702,3.810713917791285,10.347048521685382,0.1613011229009992,0.9593906062166154,0.2997665165330221,0.2874338491796888,0.4033784777017444,0.1008870409566914,5.908836860200241,17.343223510737136,0.2451018688410951,4.7845589300371785,367.2,0.9599591128129932,0.0018900185111644,0.1063744857031855,66.3267034426397,,-0.12989830635566035,0.19272166554711534,-0.10000000000000009,-0.002359336795027381,0.0,0.0,-0.1780787227424392,cyclical,2026-06-30,2026-06-30,False,False,True,False,False,False,False,False,False,False,False,,0.029406298704284115,Ridge,0.021006748572630088,0.020059312,0.03359995123894818,0.057158392012490636,0.01793585928719121,0.029406298704284115,0.02067955173699614,0.028514765516974867,49,35
BEN,mixed,Financial Services,32.5,32.5,2026-07-31,2026-07-31,51.93478260869565,5.312653087533841,1.0188032039819035,0.1016143150684931,41.50975543966912,0.31,0.014610417270109557,0.8158652399982811,0.1207511494993769,-0.4929468599033816,6.733913043478261,0.0,1.0,-0.15505345437888604,0.6026625831194989,1.8607878550373993,1.0693132574217985,3.415113943340029,1.609781405644715,0.032781502634991584,0.3524718269309863,13.77450980392157,22.112745098039216,0.0137668015441142,0.0186928241365446,23.41288833380839,,0.20370370370370372,0.5258215962441315,-0.15000000000000002,-0.0064445564008724435,0.0,0.0,0.07224830464267085,cyclical,2026-06-30,2026-06-30,False,False,False,False,False,True,False,False,False,False,False,,0.029138242416454418,Ridge,0.026275792164884414,0.017029634,-0.0002606825538534814,0.007469495741851915,0.027513412077987024,0.029138242416454418,0.026272895728669764,0.019217555119484014,50,95
ITW,mixed,Industrials,260.8399963378906,260.8399963378906,2026-08-06,2026-08-06,90.21978021978022,17.47756209352553,22.181600511255816,-7.09319851791899,66.43341255112594,2.84,0.2449612403100775,0.4419741021255802,0.2650867334473491,2.954126587064914,2.930025321203079,0.3615189879275244,0.8909657320872274,0.1878657822863831,0.8002229378251177,4.006821705426357,0.1253780253551405,1.2095200936402652,1.268360706538581,0.2170486237419668,4.375478927203065,14.466666666666669,0.4087251164760694,0.0065282124920114,0.0688747871846463,11.11302549965541,,-0.10416596373977194,0.0749639247388858,0.10999999999999988,0.0,0.0,0.0,-0.12290694492449339,cyclical,2026-06-30,2026-06-30,False,False,False,False,False,False,False,True,False,False,False,,0.029005959540387625,Ridge,0.02542101478501919,0.04097526,0.025109299961473965,0.01827680299072777,0.028810160538281105,0.029005959540387625,0.02627294942436189,0.027605469336293285,51,42
AIG,mixed,Financial Services,75.43000030517578,75.43000030517578,2026-08-07,2026-08-07,62.90441176470588,7.058494738447461,1.1250285617054376,0.3523290978296079,33.028366849482026,1.78,0.07624488991774614,0.3391795028214122,0.1008082964770474,1.1756007393715342,70.99445471349352,0.0,1.0,0.0061955092299449,0.7514682131845544,3.025119440476777,0.1985845637286623,0.8534119136914909,0.15457502312928828,0.04334287671903294,0.7953377386196769,6.295238095238095,16.295238095238094,0.0052287525211985,0.0134063884355327,75.29099560761347,,-0.07014299426558457,-0.1204524218146481,0.41999999999999993,0.05837863162269774,0.0,0.0,-0.04002988881192254,cyclical,2026-06-30,2026-06-30,False,False,False,False,False,True,False,False,False,False,False,,0.029000257148876635,Ridge,0.021533287683465793,-0.018176477,0.0005689715717880874,0.0092352889423843,0.018637390589856636,0.029000257148876635,0.02117816514630576,0.012110997837496277,52,126
BAC,mixed,Financial Services,53.72999954223633,53.72999954223633,2026-07-31,2026-07-31,55.55555555555556,8.151767925781328,1.3357917577652247,-1.6142514612114764,41.3791158185586,1.21,0.030136767919652998,0.6011551387575215,0.2502465235153247,-3.115453027196568,130.85472986734376,0.0,1.0,-0.0089642737844315,0.9139532537663706,10.621589935369022,0.9033116539260546,0.4168936222581219,0.4807984441369701,0.00969899920154235,0.0,0.6717627356706823,0.1219537830898361,0.0058261606958805,0.0026139701610896,40.18113397553962,,0.07869904722417842,0.21892013480572436,0.21999999999999997,0.0053117925698510995,0.0,0.0,0.02396901352274733,cyclical,2026-06-30,2026-06-30,False,False,False,False,False,True,False,False,False,False,False,,0.028851742988992554,Ridge,0.02344949082589495,0.01663561,0.01964314929534152,0.026652732559926652,0.02109493581000913,0.028851742988992554,0.022891910829562462,0.022818390461318293,53,71
HD,mixed,Consumer Cyclical,282.4599914550781,282.4599914550781,2026-08-25,2026-08-25,126.98455598455598,9.829654955756846,29.30407867010068,-1.2743540851359842,92.76634156639224,4.79,0.2868147078293314,0.3263521650348185,0.1007644379286873,2.305135951661631,1.3987915407854985,1.0654582074521652,0.6838960262922019,0.1032260054280779,0.8480856432384992,5.582656315821147,0.1485379141347946,1.06066493955095,6.824727532606754,0.15174065676881446,2.2393177269167173,6.47979797979798,0.4,0.0060963079225156,0.0370169697232396,12.851554663991976,,-0.07729327710073419,-0.3048165404369124,2.2,0.08615912365700648,0.0,0.0,-0.0010891419915060874,cyclical,2026-08-02,2026-08-02,False,False,True,False,False,False,False,False,False,False,False,,0.028495501558882738,Ridge,0.023951158801185594,0.008125462,-0.036249764121433395,-0.0061683498475669585,0.013918336971679972,0.028495501558882738,0.02089365950329218,0.00780247803953719,54,141
SBUX,mixed,Consumer Cyclical,94.87999725341797,94.87999725341797,2026-07-29,2026-07-29,323.88461538461536,9.827889467522503,-11.608313564676289,0.7114509278651794,93.62103253286332,0.27,-0.1362078626063615,0.1562916313431028,0.0918210811029025,1.119507908611599,3.16195079086116,0.2844463971880492,0.7973962571196095,0.1390925077916877,1.2709730090794389,-4.686003935212332,0.2615655216450915,1.0466630682708546,8.126968503937007,0.3294857340774067,4.969563666032577,5.513939393939394,0.2959699408126621,0.0072408061478767,0.0178578464205508,-7.346264996934933,,-0.019429544714572478,0.11374571256506605,0.010000000000000009,-0.1012441614369312,0.0,0.0,-0.04786597285583899,cyclical,2026-06-28,2026-06-28,False,False,True,False,False,False,False,False,False,False,False,,0.02797853121435188,Ridge,0.029870367394348802,-0.002665195,-0.010920029450452442,0.008278449645609925,0.02495247841784462,0.02797853121435188,0.027275246645472914,0.015292589246101579,55,112
CTAS,mixed,Industrials,195.60000610351562,195.60000610351562,2026-07-29,2026-07-29,134.2380952380952,28.42858520526887,16.86962652319165,16.477283138870742,126.55358333939482,4.91,0.3891073869911926,0.5097605302092879,0.2322424795280146,1.321078028594051,0.4561602701047253,0.2263272430295153,0.8537375778796148,0.3420503692549185,0.532097562558135,1.137197671948965,0.0335600433931057,1.9830095404154984,1.8415383807752956,0.15381921030587492,2.8959647408577784,23.390897490429605,1.6993220708586674,0.0022374963353462,0.0922800384475674,11.769811422784612,,0.13422861797486152,-0.04822146803797556,3.6500000000000004,0.28416674210125803,0.0,0.0,0.1462839849843554,cyclical,2026-05-31,2026-05-31,False,False,False,False,False,False,False,True,False,False,False,,0.027597196159421526,Ridge,0.017015945558972206,-0.02850883,-0.004353497368545331,-0.015155442930491937,0.02364564304421961,0.027597196159421526,0.020634675645835016,0.006369819186988891,56,149
PGR,mixed,Financial Services,210.9600067138672,210.9600067138672,2026-08-03,2026-08-03,45.18253968253968,5.890795320608673,29.33528339903636,0.8558644624918872,34.93607303077726,5.67,0.09643782949349022,0.2927698126484299,0.1619315682997625,5.183611016661,157.8119687181231,0.2057123427405644,0.9618296529968454,0.0,0.725171102661597,2.638627559490869,0.0,0.0,1.387732682331401,0.18898539123474084,0.0,53.36231884057971,44.971014492753625,0.0004404796169027,0.035078388752717,7.762665759945596,,-0.011480217825466488,-0.26937727119946253,0.6299999999999999,-0.5498609002480779,0.0,0.0,0.055864099974399145,cyclical,2026-06-30,2026-06-30,False,False,False,False,False,True,False,False,False,False,False,,0.0275651364009974,Ridge,0.03203728384150586,0.12359289,0.06725935858842576,0.08668951578386795,0.026970273312713247,0.0275651364009974,0.02898642324695888,0.05522495029228626,57,3
DE,mixed,Industrials,667.260009765625,667.260009765625,2026-08-27,2026-08-27,231.8106995884773,14.969012069503696,5.470234790874525,-1.430596504754886,92.38341435185184,5.1,0.049267595569846376,0.3465820414108834,0.161793777962751,-5.83795782463929,30.32186459489456,2.545320014798372,1.7730337078651686,-0.0268007708985786,0.7394128634754245,2.842658092175777,0.4342825248358425,0.7493977354854252,1.1436220847215612,0.11716709879468808,0.5010771563073486,2.162726008344924,0.0918014396559783,0.0030653274452633,0.0161652330725619,97.08379475821336,,0.23626264347344583,0.39951342289027436,2.6699999999999995,0.024324629790378777,0.0,0.0,0.13638428775087724,cyclical,2026-08-02,2026-08-02,False,False,False,False,False,False,False,True,False,False,False,,0.02746510872198611,Ridge,0.025612519890110073,-0.00035658767,-0.009506994835264196,-0.012610480113597496,0.01479725470323091,0.02746510872198611,0.02203307994627916,0.009919878011627824,58,135
WM,mixed,Industrials,201.89999389648438,201.89999389648438,2026-07-29,2026-07-29,119.40760869565216,14.029003801679076,8.865375475475476,1.316470305811003,57.71322665975104,1.95,0.07909319899244333,0.2930460953587834,0.1862822746713131,2.009426941205656,0.4986355742991813,2.2029273133217564,0.4770318021201413,0.3073859522085445,0.78626644559764,3.6790931989924434,0.2586458971011617,0.888848660391021,1.5568434032059186,0.07560130057492302,0.0,5.273542600896861,1.8576017130620983,0.0037599460311121,0.042182792099096,24.69715698393078,,-0.1693751022483878,-0.1660471131908947,0.10999999999999988,0.004818924718169124,0.0,0.0,-0.12786332395066413,cyclical,2026-06-30,2026-06-30,False,False,False,False,False,False,False,True,False,False,False,,0.026882095060028876,Ridge,0.01610294993210101,-0.008805792,0.03644277234917723,0.023815133395248995,0.034866341325381134,0.026882095060028876,0.023764135132917072,0.022158945471498385,59,77
BRO,mixed,Financial Services,61.77000045776367,61.77000045776367,2026-07-27,2026-07-27,100.88607594936708,15.901797483523069,2.1152546425440346,1.734154261363634,60.03435251798561,0.29,0.05162400516240052,0.8382264829239066,0.2570401437986818,1.2732732732732732,3.24024024024024,0.06006006006006,0.954954954954955,0.0535326742223293,0.17106630394355885,0.6925145192514519,0.2868489568615039,1.0385821075476247,0.4636111111111111,0.05607789339846756,0.2727272727272727,4.29,0.6141636141636142,0.0021476934902279,0.0229073372373406,37.0117994100295,,-0.14635156912985525,-0.4552910012542887,-0.5,0.030583118894766916,0.0,0.0,-0.032528818816283084,cyclical,2026-06-30,2026-06-30,False,False,False,False,False,True,False,False,False,False,False,,0.026805050008154745,Ridge,0.023517568441349276,-0.034352224,0.01332042785606179,0.018710647398081384,0.008669386022551464,0.026805050008154745,0.019119079970544104,0.011290843827546377,60,129
CMG,mixed,Consumer Cyclical,32.31999969482422,32.31999969482422,2026-07-31,2026-07-31,148.0,16.30636756492602,17.18720648963279,-2.664551522291589,107.99699497242916,0.32,0.1834478820942535,0.2342113033938872,0.1493974716366053,0.1736968866147325,0.797900326343801,0.150170625103147,0.5363208099679695,0.3584117049982241,0.7518450102289053,3.0297396434479458,0.1043327917051651,1.2346613451927464,12.037129981158644,0.37774605353775725,10.735899592600076,0.0,1.4409683180104504,0.0,0.0687279726356132,2.1444187371400347,,-0.11910603175731205,-0.3515248857378769,0.07,0.066535855804486,0.0,0.0,-0.031224810322842828,cyclical,2026-06-30,2026-06-30,False,False,True,False,False,False,False,False,False,False,False,,0.026690518617101686,Ridge,0.040956974856583186,0.06032646,0.07688074589299554,0.0676448236748564,0.022437270900125185,0.026690518617101686,0.03194105579491927,0.04631114615316925,61,9
TFC,mixed,Financial Services,46.279998779296875,46.279998779296875,2026-07-31,2026-07-31,48.24509803921568,8.141755954308094,0.9566928563101136,-4.030289459656571,58.62353158506732,1.23,0.0207703753700777,0.6848563968668407,0.204177545691906,2.03733643904837,35.79699544163726,0.0,1.0,0.0060293715862945,0.8847259915507092,7.674982447928856,1.119234313606999,0.8659106989821057,0.15457502312928828,0.013989896591652,0.0,0.647887323943662,0.0470697120946683,0.0114485731055757,0.0029522192437426,50.72766011090378,,-0.06599397014537078,0.17970937495021366,0.20999999999999996,0.0,0.0,0.0,-0.1109213138829242,cyclical,2026-06-30,2026-06-30,False,False,False,False,False,True,False,False,False,False,False,,0.02651401631118408,Ridge,0.014091383249701777,0.034128,0.009429209990259165,0.01896162315160746,0.015920491713850488,0.02651401631118408,0.016836635060761086,0.01931044397939178,62,94
XYL,mixed,Industrials,100.87999725341797,100.87999725341797,2026-07-28,2026-07-28,99.4014598540146,13.82820692532332,2.8873006968641115,0.5228286492537313,65.00814700193423,1.11,0.02523750119950101,0.3888193575302461,0.14726741760534,1.8898931799506984,6.076417419884963,0.3410024650780608,0.8471454880294659,0.190126050420168,0.3849613654711106,0.6406294981287785,0.0585888969756182,1.625,1.3627060830017057,0.1347018798293161,1.4461994076999012,58.833333333333336,0.8925925925925926,0.0029565972727139,0.0812234494477485,47.04918032786885,,-0.21786325590465205,-0.19745427801576798,-0.26,-0.003943683469488493,0.0,0.0,-0.16849968640071006,cyclical,2026-06-30,2026-06-30,False,False,False,False,False,False,False,True,False,False,False,,0.026437614139202894,Ridge,0.018852538512295514,0.008823081,0.01891196553128407,0.034859977700545136,0.030172445676203495,0.026437614139202894,0.023645611118248182,0.023237960000582876,63,68
IR,mixed,Industrials,75.25,75.25,2026-07-31,2026-07-31,116.5,14.887844307042773,3.085636979920316,3.022476700488534,64.45316973415133,0.66,0.02523262554901595,0.2406273910867575,0.3173297629673535,1.1743002544529262,3.177608142493639,0.0954198473282442,0.9248496993987976,0.2414944586942844,0.4370152961674389,0.7812582905092706,0.1536835289106961,2.0558486183032474,1.377602107378129,0.13055880752551652,1.5942174480473847,10.224961479198768,7.113122171945701,0.0002505343126012,0.0498821102269378,25.492167761495704,,-0.19921251463232947,-0.07167530224525043,-0.020000000000000018,-0.001140543393876852,0.0,0.0,-0.18129368907101687,cyclical,2026-06-30,2026-06-30,False,False,False,False,False,False,False,True,False,False,False,,0.026394837506796966,Ridge,0.018330240779624096,0.037926763,0.031795532656445365,0.03376274583194632,0.029732468506882884,0.026394837506796966,0.023255353309209956,0.028620087869716565,64,33
SYF,mixed,Financial Services,71.51000213623047,71.51000213623047,2026-07-23,2026-07-23,40.30434782608696,6.264131959695763,1.7806783323338902,-0.3502668187885253,27.55623549029331,2.59,0.05237616144877789,0.4932857742341586,0.1997482165337809,6.857753429542509,48.40389044543839,0.0,1.0,0.0302425317953268,0.8614204871647667,6.2160738592649585,0.508527040502525,0.2134600216898353,1.670777022829494,0.0400184726478861,0.0,0.9784172661870504,0.9146968139773896,0.0042539147769609,0.0086974366992739,46.852931540224006,,0.04181238543459309,0.23017378524394405,0.52,0.007583127928558489,0.0,0.0,-0.01573106087639292,cyclical,2026-06-30,2026-06-30,False,False,False,False,False,True,False,False,False,False,False,,0.025969403693008247,Ridge,0.022630340007581174,0.030330537,0.037492197846483104,0.030444266653784437,0.021076816618435846,0.025969403693008247,0.022641379611588155,0.027142537495455005,65,46
AMP,mixed,Financial Services,494.82000732421875,494.82000732421875,2026-08-04,2026-08-04,46.12793979303856,9.208445324881142,7.097912963811268,0.9411896146346466,30.789527696793,10.890440000000018,0.17483506126295947,0.5356576862123613,0.2717908082408874,-6.374358103790715,106.57172995780591,1.2447257383966244,0.9572618616443318,-0.15505345437888604,0.9678275239929045,30.082469368520265,0.1261072787004419,7.873350094280327,0.3376588628762542,0.02533468775111057,0.0,17.15,3.8857142857142857,0.022378346669402357,0.0054677117517832,68.00623052959502,,0.0410031079970099,-0.030011943378709827,1.3499999999999996,0.02091843277005978,0.0,0.0,0.04850609384168736,cyclical,2026-06-30,2026-06-30,False,False,False,False,False,True,False,False,False,False,False,,0.025854413828544084,Ridge,0.02538634851615754,0.03370716,0.04021128766105659,0.041381949342278554,0.024480526413560216,0.025854413828544084,0.025059712611572336,0.0307554541016958,66,23
ACGL,mixed,Financial Services,94.26000213623047,94.26000213623047,2026-08-04,2026-08-04,28.21176470588236,6.570350844625952,1.4622192844749236,-1.1280638687925837,24.68781914893617,3.0,0.04398668331252601,0.4321514757750139,0.2574716911082235,3.7750677506775063,31.281842818428185,0.029810298102981,0.9921652421652422,0.1886843166241096,0.7178882118832106,2.5446941323345817,0.0771024182301873,1.2076333826098642,0.673964719129238,0.054802239988729615,0.6654339786817489,36.5,34.05263157894737,0.0002825299312209,0.0299883313885647,64.3605424089338,,-0.06728673920215256,-0.02087875624565838,-0.3999999999999999,-0.00715766106490099,0.0,0.0,-0.06206705014073796,cyclical,2026-06-30,2026-06-30,False,False,False,False,False,True,False,False,False,False,False,,0.02571269933844262,Ridge,0.02136409317459288,0.010130723,0.009595278191037747,0.02305056614717071,0.018398783489108173,0.02571269933844262,0.021195706332207506,0.018608641349105146,67,100
UPS,mixed,Industrials,93.88999938964844,93.88999938964844,2026-08-05,2026-08-05,47.009478672985786,3.437658080581296,5.18964133850989,0.3253596367252933,29.863744600431964,0.71,0.040087608681223866,0.2108013226109319,0.1115238600644976,3.045936395759717,6.9340400471142525,0.8433451118963486,0.7831617201695942,0.2113956466069142,0.7776029552606376,3.502495840266223,0.3394990589855569,1.219270166453265,2.185475956820412,0.3253118554169531,2.9146690788481835,10.270676691729324,1.907758094074527,0.016066534690712,0.0486144101346001,19.023446658851118,,-0.17942667899275966,-0.03564092656482709,-1.4,-0.07028399420285814,0.0,0.0,-0.17051644735155289,cyclical,2026-06-30,2026-06-30,False,False,False,False,False,False,False,True,False,False,False,,0.025676218533321183,Ridge,0.02199313385404635,0.017075164,0.038764738706079334,0.0029126719864285334,0.03383952218546185,0.025676218533321183,0.026368290351890235,0.023915143873191633,68,64
RSG,mixed,Industrials,206.97999572753906,206.97999572753906,2026-08-07,2026-08-07,120.41477272727272,15.86912983558994,5.484184575534759,0.0,51.12420479134467,1.84,0.04704762300531915,0.3010154738878143,0.1951160541586073,1.3044882144010332,1.081691959961253,1.8630933161123668,0.4118246687054026,0.2497454175152749,0.6517488215096316,1.87149064171123,0.0090805596629259,0.6423116089613035,2.180284659989457,0.14437270684604225,2.104075691411936,5.527397260273973,1.7169811320754718,0.0029557526419591,0.0460755424591481,38.64384888601873,,-0.1015323361221554,-0.1979695597026424,0.08000000000000007,0.0015095214010411515,0.0,0.0,-0.052039946196494796,cyclical,2026-06-30,2026-06-30,False,False,False,False,False,False,False,True,False,False,False,,0.025648606660176772,Ridge,0.021634992630158584,0.026661478,0.028161350689309195,0.026138768321649023,0.029221268878604066,0.025648606660176772,0.024740600837272506,0.02602021716434086,69,50
TSCO,mixed,Consumer Cyclical,31.729999542236328,31.729999542236328,2026-08-06,2026-08-06,116.30232558139537,6.960743281721357,10.512252870944913,-2.4362065825260437,77.28420318500379,0.69,0.13707242648386037,0.2559995074801452,0.076374181698783,0.1122598361819989,0.3676132758865584,0.5029250508972113,0.1824814597039094,0.1242452998700682,0.7836208081010236,3.6215164740373122,0.0650436956809769,1.3416964721820928,37.49511472686394,0.37340740338145084,2.085335191212748,17.66635020471133,22.074586127099032,0.0044748142171287,0.042523178406745,4.867948546287408,,-0.29651158279188033,-0.3370246648091031,0.25999999999999995,0.048974329909779166,0.0,0.0,-0.21225541658960456,cyclical,2026-06-27,2026-06-27,False,False,True,False,False,False,False,False,False,False,False,,0.025537794352198058,Ridge,-0.06049054673292335,0.022952197,-0.019455248215478324,-0.015329797830996047,0.005609381393556248,0.025537794352198058,-0.022617800632852153,-0.009260261821599383,70,184
HBAN,mixed,Financial Services,15.1899995803833,15.1899995803833,2026-04-30,2026-04-30,55.96774193548388,8.250200184785957,1.1005011913565033,-0.5290579961464356,68.91822503961966,0.25,0.01607499615798371,0.6316599938404681,0.1943332306744687,0.4604922279792746,18.079663212435232,0.0764248704663212,0.8576598311218335,0.0056356603375957,0.8858297240093632,7.769817120024589,0.6899254901375221,0.1897701547937103,1.670777022829494,0.00969899920154235,0.0,0.5880708294501398,0.2240788346186804,0.0095190455570321,0.0025856013391322,15.504458598726115,,-0.1048910088165409,-0.025032119359223337,-0.06,-0.0052461771227655905,0.0,0.0,-0.09863297897673506,cyclical,2026-03-31,2026-03-31,False,False,False,False,False,True,False,False,False,False,False,,0.02541102572690866,Ridge,0.015666542651597767,0.019349428,0.01335864623448541,0.023586021490308834,0.01179388371658454,0.02541102572690866,0.016360946617637106,0.017926559091062708,71,102
DPZ,mixed,Consumer Cyclical,295.0,295.0,2026-07-20,2026-07-20,77.76492537313432,9.328062470698166,-3.672124382744848,0.6482795074675325,59.09086449655782,4.07,-0.03408721959024526,0.3969037727740372,0.193179835128342,5.172894778265379,12.761610666205272,1.8787563327638537,0.7335721374777946,0.4427560969755604,1.366482792187616,-1.410595940017542,0.3484904846059512,1.6509718050075606,4.593073334130877,0.6773731627008567,6.859259862696161,4.885372239695688,2.4024700422162204,0.0081922568031133,0.0375519328525664,-26.50744895274255,,-0.26501731569374887,-0.3669527896995708,-1.29,0.012474274454319041,0.0,0.0,-0.17327911826885617,cyclical,2026-06-14,2026-06-14,False,False,True,False,False,False,False,False,False,False,False,,0.0253458745445966,Ridge,0.0234565214933901,0.028677413,0.058570784280766314,0.06489304687722247,-0.010361220071234946,0.0253458745445966,0.013171184477910965,0.02884356752965245,72,30
CPRT,mixed,Consumer Cyclical,27.290000915527344,27.290000915527344,2026-09-29,2026-09-29,92.22222222222224,34.99978601625784,4.010437175434376,-1.9588207652851743,77.1287916378629,1.55,0.24789726494127706,0.4393540369126859,0.3465445396790867,0.059830623579356,5.2735761000009305,0.071961721301054,0.4539764705882353,0.2076976833970544,0.17106630394355885,0.15264119556939193,0.000425183432531,10.06100610386839,1.3018047189628958,0.05242011964726097,1.145111449803431,0.0,21.148753894081,0.0,0.31358596093688235,10.028783059026017,,-0.17875411027603527,-0.43708743986123466,1.19,0.21206823361084595,0.0,0.0,-0.0694822503107266,cyclical,2026-07-31,2026-07-31,False,False,True,False,False,False,False,False,False,False,False,,0.024934223500539112,Ridge,0.007364330957710351,-0.07365104,-0.04463280052465296,-0.03581595680922606,0.011404367725601083,0.024934223500539112,0.012227511531209455,-0.013116527817520903,73,188
MCO,mixed,Financial Services,447.3599853515625,447.3599853515625,2026-07-23,2026-07-23,148.93586005830903,48.11022498676549,22.41741859891465,-7.469890167349733,104.295119695321,5.03,0.29024793388429754,0.6686077289571202,0.420857596611964,4.367622259696459,13.76053962900506,0.4553119730185497,0.9055944055944056,0.2878228782287823,0.784258943781942,3.804628099173554,0.0808866924445546,1.7396846695739685,0.933300395256917,0.07782623509369677,0.0,49.6875,7.594594594594595,0.0018375836808924,0.0631397849462365,22.68606603245663,,-0.04020599581299622,-0.06786409403129101,1.6,0.13977926096865873,0.0,0.0,-0.023239972305173467,cyclical,2026-06-30,2026-06-30,False,False,False,False,False,True,False,False,False,False,False,,0.024932247744041736,Ridge,0.020110648276750336,0.022229614,0.024915364738073244,0.03622330463919222,0.019194581869382235,0.024932247744041736,0.02087861447270689,0.024041853439557757,74,63
APTV,mixed,Consumer Cyclical,43.970001220703125,43.970001220703125,2026-08-04,2026-08-04,120.7777777777778,3.2596288569765184,1.8243583686325624,-0.2194665738825831,35.28310490045942,1.17,0.028333142922426596,0.1975548224335338,0.0760721909567242,2.949037372593432,8.385050962627407,0.7565118912797282,0.7958435207823961,0.1623982529283303,0.5136141364747722,1.055980806580601,0.4495481077052016,1.7361524717093508,1.3447286012526096,0.18192931762613915,1.3097877732024072,4.505747126436781,2.7857142857142856,0.0,0.0278855828661779,41.70781426953568,,-0.2837595500781377,-0.32664622939198884,0.5399999999999999,0.013344547288669696,0.0,0.0,-0.20209799273014048,cyclical,2026-06-30,2026-06-30,False,False,True,False,False,False,False,False,False,False,False,,0.024878082514865757,Ridge,0.004481096108949892,-0.05447224,-0.005680020987251369,0.006170110479884554,0.004644505609556341,0.024878082514865757,0.008699029689040488,-0.0010076346985386528,75,166
APO,mixed,Financial Services,114.33999633789062,114.33999633789062,2026-08-10,2026-08-10,52.07194244604317,10.845647365595266,3.770257603549119,-9.17767985513759,19.24217027283036,2.15,0.0647910120917833,0.6965738230219374,0.5260044367759428,4.637171598127036,377.09808074724015,0.0,1.0,0.0084935989177365,0.9160364984778807,21.544606302961057,0.1518609050685689,0.784448187238812,0.7413430790315212,0.02257472958093141,0.6376586376586376,59.27777777777778,57.65277777777778,0.0038067497155021,0.0040388687343762,38.39525444195926,,0.07411927043579736,-0.12396570381634531,-0.6299999999999999,-0.007613769194365502,0.0,0.0,0.10511069638988368,cyclical,2026-06-30,2026-06-30,False,False,False,False,False,True,False,False,False,False,False,,0.024789428907215295,Ridge,0.01845263785571513,-0.023105362,-0.028869451684058394,-0.01453181654776114,0.018250038223353682,0.024789428907215295,0.01978258747261708,0.0025958176978468544,76,158
BX,mixed,Financial Services,112.23999786376953,112.23999786376953,2026-08-07,2026-08-07,118.56923076923076,27.606443272905903,13.890859207212578,0.4742769229834879,82.29931374278851,1.54,0.13635621905625167,0.6447428050360161,0.5420478355478741,-0.0326395462637723,3.369395125373083,0.028619948173538,3.266904761904766,-0.0009735047909213,0.5503662094009848,3.046076989149644,0.0720903751923696,0.9138288541981968,1.670777022829494,0.10109748574026171,0.0,18.451826464411464,15.539242245626088,0.0132718430133622,0.0396540116091175,11.096505817290666,,-0.026792700392183066,-0.19141273781593882,0.24,0.019202222864906873,0.0,0.0,0.021060484061801638,cyclical,2026-06-30,2026-06-30,False,False,False,False,False,True,False,False,False,False,False,,0.02474854574630863,Ridge,0.02390083690965799,-0.027506292,-0.013615723035666253,-0.03278601016848,0.01942017568503807,0.02474854574630863,0.02280205404546516,0.002972886616187549,77,156
AOS,mixed,Industrials,56.66999816894531,56.66999816894531,2026-07-30,2026-07-30,74.3111111111111,10.25613045479452,5.03698548977395,-4.384567333333338,50.60075035078251,0.91,0.06781041316032357,0.384,0.1795068493150685,1.1827088678153117,1.3806607447850043,0.1257744777857974,0.9038776624795194,0.2122898550724637,0.494608313897654,0.9786633367718117,0.0165620956604762,1.4973913043478262,1.56706165206938,0.27556592125120044,1.1150565364015077,68.25,3.3579418344519016,0.0054067228414199,0.1149595267745952,13.27778293897794,,-0.27280895458815213,-0.10061897843286283,0.010000000000000009,0.00031848635730957753,0.0,0.0,-0.24765420997993642,cyclical,2026-06-30,2026-06-30,False,False,False,False,False,False,False,True,False,False,False,,0.024099148487753113,Ridge,0.0163797698649522,0.020830998,0.03518393479515782,0.03398810748738771,0.030888774754722133,0.024099148487753113,0.022793632653346357,0.026314161537653386,78,48
EXPD,mixed,Industrials,187.74000549316406,187.74000549316406,2026-08-05,2026-08-05,99.34,7.001652320030365,8.488757353119098,-2.910623755927916,71.39328148201804,2.03,0.12565523608322454,0.1447047116305094,0.087855056489005,2.014404411490741,9.793844778121391,0.0966951078654197,0.9541968026713824,0.1366740850145112,0.5175096727628811,1.0750847012246814,0.028534590577829,1.811853202836469,1.4125177000319995,0.3702832182063561,2.174310971142813,0.0,1.939039236727958,0.0051658306373038,0.0850016090787579,17.497088316125676,,0.2891574915413313,0.6881575891841027,0.5299999999999998,0.040244223416990035,0.0,0.0,0.11711809424530562,cyclical,2026-06-30,2026-06-30,False,False,False,False,False,False,False,True,False,False,False,,0.023930683491746787,Ridge,0.01583523631398663,-0.017369129,0.006890854618386851,0.020449426982943587,0.020776374322674308,0.023930683491746787,0.019351812146070225,0.013177841686375806,79,121
DRI,mixed,Consumer Cyclical,197.41000366210938,197.41000366210938,2026-07-24,2026-07-24,73.69924812030075,7.423171016052372,11.80263022813688,0.6800380541069094,52.85953272633568,10.38,0.5466364665911665,0.1797148237826203,0.1316174931994141,5.377911993097498,2.144089732528041,0.0474547023295944,1.008902557461962,0.2368592569873097,0.8283757308122901,4.826681766704417,0.0978949800694518,0.3904842234405551,31.061281337047355,0.8347132593651676,6.0790872840053165,8.877016129032258,1.578032979976443,0.006946476372678,0.0415955789629849,18.02913453299057,,-0.014379550230310345,-0.05118713994948876,7.28,0.40081897609687,0.0,0.0,-0.0015827652429381556,cyclical,2026-05-31,2026-05-31,False,False,True,False,False,False,False,False,False,False,False,,0.023801357238470103,Ridge,0.02208631483138374,0.02488874,-0.003319861573471128,0.03281795629241864,0.03180974041372376,0.023801357238470103,0.02587386101649009,0.02260183277400468,80,73
AVY,mixed,Industrials,171.6199951171875,171.6199951171875,2026-08-04,2026-08-04,84.5953488372093,6.198270517787954,6.278717273984211,19.63339093318991,71.86780408163266,2.67,0.08786809023592217,0.2865005283550546,0.1239432898908066,4.001291989664082,2.62015503875969,0.8669250645994832,0.8219214437367304,0.1419957793186614,0.7452651192383289,2.925650060211409,0.2651675949556996,1.126884232740428,1.5102067956646053,0.19101635856409366,1.2843782198620908,7.567204301075269,0.3635065166934476,0.0051429542379363,0.025367400451247,28.967700258397933,,-0.11976203971284038,-0.02588264776258664,0.52,0.013651953578324466,0.0,0.0,-0.11329137777219372,cyclical,2026-06-30,2026-06-30,False,False,False,False,False,False,False,True,False,False,False,,0.023605348855346032,Ridge,0.021569014428746397,0.04109013,0.007379737723202485,0.026865874485446785,0.03358019385513822,0.023605348855346032,0.02619061734910332,0.025655953011546648,81,53
PCAR,mixed,Industrials,109.94000244140625,109.94000244140625,2026-07-29,2026-07-29,103.311320754717,8.445088552662444,2.99015053986711,-4.82690872089543,52.02685892607339,1.43,0.037005506537475454,0.1383268824771288,0.0882741027445461,1.479087452471483,17.5925855513308,0.6963878326996198,0.6798916368085293,0.1450151440266636,0.5655017795841772,1.3015053986710965,0.0,1.7009846785537772,3.4429357427691687,0.1715935161584444,0.7448199825115006,0.0,0.0,0.0030102985542581,0.0305557549796188,36.56795747911921,,-0.11645099701513906,0.1979950140722051,0.3699999999999999,0.008096661022525355,0.0,0.0,-0.16594975053319033,cyclical,2026-06-30,2026-06-30,False,False,False,False,False,False,False,True,False,False,False,,0.02341358163131513,Ridge,0.021239117857945345,0.025302554,0.021334101298090772,0.03710311764983252,0.02759314454626915,0.02341358163131513,0.024154135837961013,0.025711174139068958,82,52
AMCR,mixed,Consumer Cyclical,41.810001373291016,41.810001373291016,2026-08-14,2026-08-14,109.73684210526316,3.5440025692787667,1.6596141285665178,-0.8182741525423731,41.65197867298578,2.38,0.09380831212892282,0.1642503211598458,0.0765278032666544,0.8961347441157418,2.282444396458648,0.1900237529691211,0.8250497017892644,0.0764670112496199,0.6818708720851867,2.1453774385072095,0.8295156144572573,1.3010033444816054,1.7238215754508066,0.13699959563283462,1.4955665024630542,2.707792207792208,1.24962852897474,0.0155909276293066,0.0271270522461514,25.088400172488143,,-0.13167183025356144,-0.07397560635014355,2.0,0.07859689927227112,0.0,0.0,-0.11317792866602555,cyclical,2026-06-30,2026-06-30,False,False,True,False,False,False,False,False,False,False,False,,0.023361146289976053,Ridge,0.021829909965601347,-0.057266552,-0.03640808606385083,-0.09006407602346278,0.020552438542215636,0.023361146289976053,0.022225857707368166,-0.012775262533081618,83,187
ETN,mixed,Industrials,437.2799987792969,437.2799987792969,2026-07-31,2026-07-31,109.07876712328768,17.52595067328136,6.365280926640926,2.2167262880626653,82.42787592137591,2.11,0.04053520292287943,0.3682494684620836,0.1951807228915662,5.520350334878929,2.068521380731582,0.4585265327150953,1.09058524173028,0.2097118463180363,0.5280356839834186,1.1213384813384812,0.0851789431505931,1.3185699039487726,1.309634304807871,0.00969899920154235,1.069337811900192,19.67142857142857,1.207953603976802,0.003267403440262,0.0637223395464144,49.87163029525032,,0.15866454366533356,0.371385557232945,-0.81,-0.01779169540401887,0.0,0.0,0.06581815435709731,cyclical,2026-06-30,2026-06-30,False,False,False,False,False,False,False,True,False,False,False,,0.02334211254345567,Ridge,0.01232488310862113,-0.016890766,-0.007344933943258275,-0.00510412958797489,0.021409619973472904,0.02334211254345567,0.01787610588014632,0.006899610024388275,84,146
LOW,mixed,Consumer Cyclical,182.3800048828125,182.3800048828125,2026-08-27,2026-08-27,132.74157303370785,7.252552467936261,-15.053598870626198,-0.9781263882063882,83.23958244111348,4.27,-0.32257630765093454,0.3915662650602409,0.083025650991061,1.7245080500894454,2.4186046511627906,1.07871198568873,0.6151882578174857,0.0805117402250423,1.1330863799860418,-8.513916901976604,0.0481423174520623,1.0766582746750244,18.88440366972477,0.4644870349492672,1.2829338250358533,4.240694789081886,0.4403721454750493,0.0045081090364878,0.0243830099436474,-17.708928571428572,,-0.11647977180388758,-0.29512249794074175,2.4899999999999993,-0.22184019794033663,0.0,0.0,-0.04269914731870214,cyclical,2026-07-31,2026-07-31,False,False,True,False,False,False,False,False,False,False,False,,0.023257431767192086,Ridge,0.024384678800964166,0.06442212,-0.010906594913584297,0.04392545167742906,0.02301877702616563,0.023257431767192086,0.02425042579138432,0.027149123262035054,85,45
NKE,mixed,Consumer Cyclical,35.150001525878906,35.150001525878906,2026-07-15,2026-07-15,150.9142857142857,8.153027928007802,6.526472817601136,-1.256511160931174,192.18327091633464,2.1,0.20908173562058527,0.4016313502970121,0.0490291692525933,0.1920346203259179,5.447968084387044,0.0987220231252958,0.6604651162790698,0.0396752168296733,0.6198467515648608,1.6305180979418028,0.121555490081222,2.1391400627422037,2.1007636431365246,0.8347132593651676,2.3369113573407203,2.835897435897436,0.2205097806757557,0.0066225884290091,0.0226342822320884,9.517697919481222,,-0.22658667220592887,-0.4637989252113081,1.75,0.17217612880724256,0.0,0.0,-0.11063694090310185,cyclical,2026-05-31,2026-05-31,False,False,True,False,False,False,False,False,False,False,False,,0.023213127987413224,Ridge,-0.008424174814746645,-0.009730421,0.01626024876528125,-0.003381191249061324,0.020936986696860737,0.023213127987413224,0.0076469847507387835,0.0068844005525730756,86,148
ORLY,mixed,Consumer Cyclical,85.02999877929688,85.02999877929688,2026-08-07,2026-08-07,126.68055555555556,17.443942408718545,-79.28366670979464,-1.9538701182437164,88.23755575830361,1.4,-0.38952675373490037,0.517899723490445,0.1877095738998177,0.431702397070024,0.2295475570306512,0.3186680548991458,0.5753190253389151,0.0721860666939309,1.046156749446269,-22.665303817897904,0.0781385262619788,0.7685066730508747,8.030507938067249,0.28132614676904794,0.2995828643278614,13.67409277687014,13.222354241959174,0.0,0.0428074736418962,-0.8997336224982909,,-0.10522994023680021,-0.06949005494312888,0.6799999999999999,0.40333551688206276,0.0,0.0,-0.087857426501018,cyclical,2026-06-30,2026-06-30,False,False,True,False,False,False,False,False,False,False,False,,0.023183946408262983,Ridge,0.030827514128729687,0.026816934,0.06806052294625564,0.040779176596235756,0.030816275243285684,0.023183946408262983,0.02984321574399908,0.03569690758237919,87,17
TSLA,mixed,Consumer Cyclical,354.1099853515625,354.1099853515625,2026-07-23,2026-07-23,1304.7202702702796,58.35289024537168,17.690508784104605,-10.938541449579835,392.80539677707253,0.32,0.012825531326993484,0.2011565800570258,0.056584072928798,0.4394924172082946,13.636335499845249,0.7406375735066543,0.3724101757146604,0.1202308128902062,0.410741698311384,0.702353266250662,0.0057644451172383,2.1644068865485275,5.4416520979020975,0.19011068918154642,1.4876972552539076,16.576470588235296,1.4979710144927536,0.0,0.045193935312426,23.209098615428086,,-0.12201233424684488,0.033324536320179954,0.06,0.0025987151540142837,0.0,0.0,-0.13034346832688987,cyclical,2026-06-30,2026-06-30,False,False,True,False,False,False,False,False,False,False,False,,0.023092038509412376,Ridge,0.019875719079293558,0.055378348,0.02666573811003552,0.03235786869100114,0.019515194923813244,0.023092038509412376,0.020963358560284678,0.02795651470361775,88,40
EMR,mixed,Industrials,158.57000732421875,158.57000732421875,2026-08-04,2026-08-04,122.88888888888889,17.156487804878047,3.674457717327025,-6.963237064462834,69.3872768,0.98,0.03523234702389715,0.5317533364012885,0.1988034974689369,1.071555713777145,3.111427554289783,0.1726593093627625,0.8612303290414879,0.066444866920152,0.5161544147452252,1.066775083776858,0.1779456414422684,0.8405893536121672,1.462314939434724,0.039329037149355574,1.5197908887229277,7.448275862068965,0.1860905491478739,0.0041844317252025,0.0445327297085046,35.9723453288424,,0.042674956103489814,0.33409058829058336,-0.10000000000000009,0.005417641721314852,0.0,0.0,-0.040847690969156025,cyclical,2026-06-30,2026-06-30,False,False,False,False,False,False,False,True,False,False,False,,0.022828288234790006,Ridge,0.025556176124438824,0.039167672,0.007092789203780601,0.02610934956441681,0.026305676485477915,0.022828288234790006,0.025878371804480344,0.024604453572555952,89,58
GE,mixed,Industrials,312.3900146484375,312.3900146484375,2026-07-16,2026-07-16,129.42436974789916,25.84477549736573,17.597473362959786,1.9409528149606317,98.8174911971831,2.26,0.13435374149659865,0.3423763466226311,0.1854997247778564,1.6822867853795689,11.613870665417055,0.4039362699156513,0.8063791554357592,0.0571062083119548,0.8600554546024187,6.224773242630386,0.0623547147165311,1.0414571575166751,0.8320465846637006,0.10455698978632746,0.829827346695773,9.436,1.5588842975206612,0.0011592244709182,0.0255866413825953,17.504217432052485,,-0.09645972508695122,0.26228388010521053,-0.1200000000000001,-0.0016424034945669574,0.0,0.0,-0.16203069511325385,cyclical,2026-06-30,2026-06-30,False,False,False,False,False,False,False,True,False,False,False,,0.022791598755634048,Ridge,0.022798121507018668,0.007922033,0.02374413257421939,0.00810862708570613,0.02755644501758076,0.022791598755634048,0.024933580132148393,0.01985768819754035,90,91
SW,mixed,Consumer Cyclical,43.040000915527344,43.040000915527344,2026-07-31,2026-07-31,241.6875,3.0601466579490952,1.0772106956948764,-0.9063916265056076,37.62299503363225,0.17,0.004934575293856731,0.1823218997361477,0.0546174142480211,1.1987636281012133,1.7472175755985004,1.14195946925328,0.5121338912133891,0.169167610419026,0.600451317448729,1.5048236859614106,0.7139079700050579,1.47777463193658,1.7760073998725394,0.17767306033052366,1.7231024166339204,2.039408866995074,0.9891640994063516,0.0095745518182866,0.0245140170876394,34.00885896724557,,-0.08073470919420456,0.009854549871594287,0.010000000000000009,0.000429926415153231,0.0,0.0,-0.08319834666210313,cyclical,2026-06-30,2026-06-30,False,False,True,False,False,False,False,False,False,False,False,,0.022750633290664055,Ridge,0.02402988438769817,-0.020415265,-0.012317581108331156,-0.015896478809780602,0.01677893608493432,0.022750633290664055,0.022138961157566802,0.005740527024787227,91,151
CB,mixed,Financial Services,331.29998779296875,331.29998779296875,2026-04-28,2026-04-28,38.53333333333334,8.126310328977608,1.677882506067221,0.6471419959946602,35.40784304047384,5.88,0.031441426790264,0.4920218005121807,0.2475540087990019,12.007566204287516,6.229508196721311,0.0,1.0,0.0,0.7098919609665427,2.6500786035669757,0.1711680394532513,0.0,0.9551555444054188,0.05363106993494424,0.0,18.390243902439025,0.6596029018709431,0.0031028903908817,0.0195596548646236,186.0201765447667,,-0.033434508714643596,0.10459103055035746,-2.2199999999999998,-0.012079866103969696,0.0,0.0,-0.05958226635223296,cyclical,2026-03-31,2026-03-31,False,False,False,False,False,True,False,False,False,False,False,,0.02267254692198779,Ridge,0.021856329261330985,0.03260914,0.031558426306642254,0.021192451420091706,0.01920027728042486,0.02267254692198779,0.02184933143285614,0.02431512122809662,92,60
WFC,mixed,Financial Services,80.25,80.25,2026-07-28,2026-07-28,49.141975308641975,7.959998458877182,0.0,-2.887651736362417,0.0,2.0,0.03555691214828792,0.6388111338260732,0.1840226450699795,0.0,0.048723813173403234,0.0,0.0,0.0,0.9201108929493941,11.653687774016316,0.0,0.0,1.670777022829494,0.00969899920154235,0.0,0.5653686346506909,0.0,0.0056525562115312,0.0,55.44725554795798,,-0.003353204172876212,-0.018708730741012536,0.3799999999999999,0.005903780912161621,0.0,0.0,0.001323978512376922,cyclical,2026-06-30,2026-06-30,False,False,False,False,False,True,False,False,False,False,False,,0.02234892222688171,Ridge,0.030465280677197993,0.045842204,0.06420016039975775,0.06819633770099469,0.024660714847298683,0.02234892222688171,0.027772157410622507,0.040210975420450726,93,14
WRB,mixed,Financial Services,68.9000015258789,68.9000015258789,2026-07-31,2026-07-31,62.05309734513276,7.479549373273602,2.86749992010983,-1.2473294710668916,46.739091212841046,1.15,0.04599308528959786,0.2058193314649536,0.1630792718750596,2.2591912923139748,72.5424482048464,0.2930550759124492,0.8851775911758489,0.0381489370456293,0.7845073746232605,3.6441738068199094,0.1020856065787494,1.3899351995489468,0.5144161084965195,0.08135625822061039,4.796554294465078,19.176842571220792,15.31469946564644,0.0148075851331425,0.013082705677147,24.304603705513173,,-0.05925721564884068,-0.08341091491447516,0.020000000000000018,-0.0003443472856756377,0.0,0.0,-0.038404486920221886,cyclical,2026-06-30,2026-06-30,False,False,False,False,False,True,False,False,False,False,False,,0.0221103189059611,Ridge,0.02612619289223681,0.0391312,0.02532031160438978,0.033855978987809475,0.02293092136202625,0.0221103189059611,0.025130427931937153,0.02765178586505928,94,41
YUM,mixed,Consumer Cyclical,136.69000244140625,136.69000244140625,2026-08-05,2026-08-05,78.79166666666667,16.72865552903739,-5.741411604095563,0.5735251878695402,65.99360594795539,0.56,-0.12002251301533699,0.4451073985680191,0.2935560859188544,1.733812949640288,2.550359712230216,0.4856115107913669,0.7811993517017828,0.4069920844327176,1.366482792187616,-2.221612494723512,0.2831949141902765,1.345646437994723,2.9892984542211654,0.24982722874913615,0.9734822051639916,5.548872180451128,4.298245614035087,0.0046842483707375,0.0387861606855228,-26.348920863309356,,-0.16099924845687297,-0.05489869016520599,-1.3599999999999999,-0.046984970353220995,0.0,0.0,-0.14727457591557147,cyclical,2026-06-30,2026-06-30,False,False,True,False,False,False,False,False,False,False,False,,0.021963799864567184,Ridge,0.022996592615696546,0.031636756,0.041659891424363486,0.0237983849326086,0.018719884744977284,0.021963799864567184,0.022290032359153902,0.026037226700371334,95,49
AFL,mixed,Financial Services,111.18000030517578,111.18000030517578,2026-08-07,2026-08-07,42.411538461538456,11.938033803104576,1.9819807900983384,-0.6682090531256015,32.72819303455724,1.63,0.027216943784639746,0.5990604575163399,0.3272058823529412,0.5942835581548911,11.781907367229506,0.0,1.0,0.0,0.7386017712851735,2.8255806281340723,0.1438699653670997,0.0,5.863473053892216,0.03550331576995714,0.0,26.262295081967213,27.19672131147541,0.0049958413470321,0.0187284433203035,55.43076792947567,,-0.019144240801272305,0.07109826883599024,-0.9700000000000002,-0.019544670321836956,0.0,0.0,-0.036918808010269866,cyclical,2026-06-30,2026-06-30,False,False,False,False,False,True,False,False,False,False,False,,0.021636924653319622,Ridge,0.01787821381353199,0.002101962,0.008014256279958833,0.0070452208511022,0.01908827660916169,0.021636924653319622,0.019935216353241678,0.013856931389235428,96,117
ROP,mixed,Industrials,362.5899963378906,362.5899963378906,2026-07-31,2026-07-31,111.2825,23.17979986398523,2.400117496164776,3.5624445120577,66.11672222869798,10.890440000000018,0.062485628572803646,0.694598270669387,0.2857767414747887,6.792910447761194,2.774253731343284,0.0914179104477612,0.986720867208672,0.1980888984324672,0.46828075463114344,0.8806917536082309,0.1949162260496766,0.5175273781404337,1.6426747526332588,0.05996388916532791,4.1829673985362605,6.305466237942122,0.941390106449593,0.0018651267732954,0.0448028307985437,184.4294990723562,,0.02446810481702766,-0.36016164686532215,7.28,0.04093795862838305,0.0,0.0,0.1145085165333582,cyclical,2026-06-30,2026-06-30,False,False,False,False,False,False,False,True,False,False,False,,0.021564424161891606,Ridge,0.021132978413475344,0.08126838,0.044330781826815574,0.029438280303485234,-0.0010638806445738237,0.021564424161891606,0.015172126564103402,0.02964385357115253,97,26
GPC,mixed,Consumer Cyclical,125.12000274658203,125.12000274658203,2026-07-21,2026-07-21,-28.009111617312072,2.84212571107171,3.8615301003325575,0.018968558010743,-40.2774436971579,1.65,0.050277816320416294,0.3210177696165101,0.0080239091492266,1.8766909282016948,3.435339769479421,0.8595566690424253,0.685862978954043,0.0388316770887557,0.7864752249761247,3.6977640243898304,0.382635561442312,1.0793882733490638,2.534613923006876,0.3104216946739225,0.6742177061614882,1.206017707968586,-0.2971794124025095,0.0083884710885267,-0.0267440089459135,31.842300022317733,,0.055419677322497085,-0.024557552455117926,6.039999999999999,0.1880800411045047,0.0,0.0,0.06155906543627657,cyclical,2026-06-30,2026-06-30,False,False,True,False,False,False,False,False,False,False,False,,0.021316491889365026,Ridge,0.031164223348077443,0.031475563,0.013061029630335235,0.011652998511718865,0.023457469639028953,0.021316491889365026,0.02778779351835553,0.0228198246704576,98,70
ODFL,mixed,Industrials,178.10000610351562,178.10000610351562,2026-08-05,2026-08-05,143.85321100917432,25.17479499669547,7.634069510099263,-2.3126700849784294,82.468758603366,1.68,0.0771000353612388,0.3007528516877585,0.2327330612194942,1.2602588962842618,0.5721588824675665,0.2180941536321233,0.8524749188670063,0.6412257752538716,0.20715973317855518,0.26128810789224144,0.0012152505493862,1.4358842419808806,1.670777022829494,0.2389867938049344,0.0,367.2,15.89543482547821,0.0017754599350352,0.2779209440403484,20.53950383770624,,-0.1427195855426444,0.11312503814697261,0.5899999999999999,0.0238717899448595,0.0,0.0,-0.17100084507938756,cyclical,2026-06-30,2026-06-30,False,False,False,False,False,False,False,True,False,False,False,,0.020948739712623645,Ridge,0.02009533330324955,0.02644571,0.05626315940382629,0.035867432311737536,0.031956413374113146,0.020948739712623645,0.02510398713005813,0.030883113437057616,99,22
FAST,mixed,Industrials,50.22999954223633,50.22999954223633,2026-07-16,2026-07-16,154.66666666666666,24.19788345369487,13.354174708610104,2.547801059446735,119.3328418230563,0.33,0.09408179315768778,0.4464277603669891,0.2032974519689331,0.2782616268942693,0.2687685072287058,0.0512976833304302,0.8443446088794926,0.4591675767503944,0.2342316403700718,0.3058779295651084,0.0023462511036765,4.392428103385512,1.5234569609742596,0.45091149522999907,3.355726872246696,-13.650862068965514,14.008264462809915,0.0051730144333859,0.2784561173481931,3.466417586236858,,0.1481162696930931,0.021142499333936415,0.030000000000000027,0.00890821250848367,0.0,0.0,0.142830644859609,cyclical,2026-06-30,2026-06-30,False,False,False,False,False,False,False,True,False,False,False,,0.020848963911879344,Ridge,0.008948821733292108,-0.045481276,0.051777570090245556,0.02813194472378139,0.02798412010217806,0.020848963911879344,0.018438932454953823,0.016310389631539572,100,110
GWW,mixed,Industrials,1281.6800537109375,1281.6800537109375,2026-08-04,2026-08-04,106.7777777777778,10.831610169491526,11.57446872736054,0.4837876650560941,71.744140625,10.890440000000018,0.13798111837327523,0.3945762711864407,0.1432768361581921,5.663157894736842,12.31578947368421,2.652631578947368,0.6810126582278481,0.2036082474226804,0.5379379602767239,1.16421154310553,0.0597122358445541,2.8268041237113404,1.8999570631172176,0.15941599085048866,2.781931464174455,31.7,2.5707762557077625,0.0022741557327241,0.1068243103090645,86.99579831932773,,0.11232810042172914,0.1928819233376804,2.5600000000000005,0.029070227284166333,0.0,0.0,0.06410761958730904,cyclical,2026-06-30,2026-06-30,False,False,False,False,False,False,False,True,False,False,False,,0.020624992291924975,Ridge,0.016636424209881425,0.0100146355,0.01866197596393235,0.027127836388367386,0.02436912029882941,0.020624992291924975,0.02104919149971666,0.01987102294466468,101,90
ICE,mixed,Financial Services,151.47000122070312,151.47000122070312,2026-07-30,2026-07-30,108.6979865771812,29.459231414777072,3.1991003507660385,6.561400838225772,69.66022815332919,1.69,0.032418530675780856,0.7974522292993631,0.3834394904458599,1.941727378184446,6.331186834549104,0.2906462982674644,0.8698039215686274,0.0151576394502829,0.8298277732184772,4.893066224493249,0.212363006601588,1.0197584288363688,0.9781931464174456,0.00969899920154235,0.5899814471243042,6.615384615384615,1.1405094494658998,0.0029620985445344,0.0113905983539704,50.6267332192996,,-0.08077435841301661,-0.15999333839450347,0.19999999999999996,0.0033678649313575552,0.0,0.0,-0.040776023814390744,cyclical,2026-06-30,2026-06-30,False,False,False,False,False,True,False,False,False,False,False,,0.020558831617271275,Ridge,0.012487191925426404,-0.03791079,-0.03448955644574834,-0.003595761708435091,0.011980277703192162,0.020558831617271275,0.015132288215731197,-0.0017188848941159418,102,169
BBY,mixed,Consumer Cyclical,87.69999694824219,87.69999694824219,2026-09-04,2026-09-04,25.078125,0.994360793398002,4.634311740890688,0.0220493870999124,17.015928270042192,1.48,0.09896324222431668,0.2086289271753293,0.0225133922108006,5.227488151658768,8.236966824644549,0.8293838862559242,0.8630672926447575,0.1664279203021226,0.7979550102249489,3.949392712550608,0.1309687611476329,1.1074358640447974,13.244487056567593,0.8347132593651676,2.303898840885142,23.923076923076923,1.1823802163833077,0.0144873726894824,0.0642405603963779,13.974540311173977,,0.19764642051798353,0.17781355020470313,-1.08,-0.08356037450982631,0.0,0.0,0.15319303296680775,cyclical,2026-08-01,2026-08-01,False,False,True,False,False,False,False,False,False,False,False,,0.0205545232045452,Ridge,0.021620225819990634,-0.03090651,-0.019373674730615808,-0.0192896023778242,0.01565526979666928,0.0205545232045452,0.020730368753347286,0.0018109868604520522,103,159
CME,mixed,Financial Services,265.1000061035156,265.1000061035156,2026-07-24,2026-07-24,84.02461538461537,59.56728309577242,3.4185427433671443,0.6887035961821831,61.34740857861635,2.88,0.039282967074403104,0.8537635712985989,0.6184266391702553,3.0625665609107062,12.647337702602377,0.0903699048752478,0.971337860481524,1.3113556008644347,0.8637720198524116,6.340635887844829,0.035415439391849,14.923628817186406,2.579317897371715,0.00969899920154235,3.357938718662953,0.0,21.13978494623656,0.0046329964415316,0.0070339099824402,79.74894026921464,,-0.18795562671225985,-0.0880946437910094,-0.3700000000000001,-0.001373948430222996,0.0,0.0,-0.1659319657645075,cyclical,2026-06-30,2026-06-30,False,False,False,False,False,True,False,False,False,False,False,,0.020497001811230327,Ridge,-0.00395186469378363,0.042809088,-0.008208641180361341,0.030071629131112314,-0.007644131114322399,0.020497001811230327,0.0009608291379238397,0.010321739898518895,104,132
WAB,mixed,Industrials,287.8399963378906,287.8399963378906,2026-07-22,2026-07-22,179.36974789915965,12.25987689713322,3.2484839142091158,-1.3133677010140528,82.14054027504912,2.33,0.03522382735865882,0.2998313659359191,0.1258010118043845,5.108631826189078,4.63300058719906,0.7163828537874339,0.8770161290322581,0.1926213592233009,0.513836042891733,1.0597467451400036,0.1610980416106668,1.105631067961165,1.562994201370585,0.02758569699066067,1.4807417974322397,5.485294117647059,0.3201820940819423,0.0011829261935209,0.0310690320801544,65.43859649122807,,0.09166760093256943,0.42685766290532223,1.1400000000000001,0.01717199536580812,0.0,0.0,-0.015046814793761132,cyclical,2026-06-30,2026-06-30,False,False,False,False,False,False,False,True,False,False,False,,0.020352678064556536,Ridge,0.022742661921944317,-0.0005155347,-0.009983421750247376,-0.008881476769870125,0.024880782521144867,0.020352678064556536,0.024193415833311853,0.010679772445851797,105,131
BRK.B,mixed,Financial Services,500.5,500.5,2026-08-10,2026-08-10,56.47752808988764,11.507602913553782,1.511507832591554,-0.3747922553633137,68.1319900982901,8.9,0.03431830033025364,0.2301023007046438,0.1448021903387384,2.313039004141684,173.04266606716158,2.874843267271889,0.4458541815582559,0.1586707496881025,0.4060690174978287,0.6857696781698333,0.1236655519312389,6.752424293977543,1.1995824528349923,0.08060354485218962,1.2668110146850826,10.512326656394452,0.8242361826295915,0.0,0.0452720842711946,188.93876869410323,,0.0423391715434116,-0.004594180704441064,0.0,0.00755709105087864,0.0,0.0,0.04348771671952187,cyclical,2026-06-30,2026-06-30,False,False,False,False,False,True,False,False,False,False,False,,0.02034157715477152,Ridge,0.01755394708243767,0.028580569,0.0031215077562299323,0.021234505888379735,0.014966540449951979,0.02034157715477152,0.01854790171675129,0.017691271804962203,106,103
USB,mixed,Financial Services,57.36000061035156,57.36000061035156,2026-08-06,2026-08-06,42.34920634920635,7.559657434402332,1.272756277514457,3.0847530472939995,42.87732230161715,1.35,0.03228437537074386,0.6684584548104956,0.2307762390670553,1.8237942122186492,88.57299035369775,0.0,1.0,0.0052579081831294,0.9064701522761524,9.758319492229209,0.9391526101900818,0.2553515345453467,1.670777022829494,0.010623789463823738,0.0,0.6960703489969772,0.1046584298831787,0.0109671852176805,0.0034737846540735,41.89781491002571,,0.049972553731494784,0.31499313641337845,0.09000000000000008,0.0008239425021843647,0.0,0.0,-0.028775730371849828,cyclical,2026-06-30,2026-06-30,False,False,False,False,False,True,False,False,False,False,False,,0.020275991665702323,Ridge,0.009093868597263344,-0.007382454,-0.004344994483954694,-0.004901117836504047,0.020342784573084596,0.020275991665702323,0.01613242375326391,0.007305812244446403,107,143
RJF,mixed,Financial Services,159.75999450683594,159.75999450683594,2026-08-05,2026-08-05,56.34736842105263,7.579571120689655,2.5180818615751788,-2.496863253056109,36.19682554945055,3.01,0.04685408299866131,0.8943965517241379,0.1743295019157088,0.4921359715880263,83.86605783866058,0.2333840690005073,0.6783216783216783,0.0021189266080874,0.8643526428048431,6.414205842979762,0.1449816157055813,0.3146087394609332,0.9388489208633094,0.04628755159862899,0.0724852071005917,1.6507936507936507,0.695920889987639,0.003538448672701,0.0073898091512876,62.41310824230387,,0.034580977249293765,0.09861088231904791,0.1599999999999997,0.0020649024099581095,0.0,0.0,0.009928256669531788,cyclical,2026-06-30,2026-06-30,False,False,False,False,False,True,False,False,False,False,False,,0.01984134657447477,Ridge,0.017963908618950065,0.020639068,0.018509614593875914,0.03274793833063426,0.02005512959370105,0.01984134657447477,0.02037706281105267,0.021422392282711627,108,81
C,mixed,Financial Services,127.0,127.0,2026-02-20,2026-02-20,96.43801652892562,5.199138587688165,1.0005643527045422,-0.6066349115561762,151.83280162686958,6.99,0.06738863164241536,0.4320401419654877,0.093281116142455,1.1173982310608142,371.0602647915179,0.8960061528319507,0.5549795361527967,0.0023949755830115,0.9195311459196553,11.509578832828524,2.7734993904127725,0.4823408942244167,0.6518132069752229,0.0320732108435866,0.3100646747554653,0.1816145634769348,0.0059934435575826,0.0063603166857701,0.0009957517864597,113.97562546977343,,0.1395244504262001,0.6754617414248021,5.78,0.05592794795822716,0.0,0.0,-0.029340984930000424,cyclical,2026-10-02,2026-10-02,False,False,False,False,False,True,False,False,False,False,False,,0.019667907401689843,Ridge,0.02545917727914782,0.0010510696,0.013899878839422274,0.036611836652361784,0.04468360041745988,0.019667907401689843,0.031789659769464226,0.024983182916977688,109,57
LMT,mixed,Industrials,505.5,505.5,2026-07-23,2026-07-23,83.10481099656357,5.493330201672405,16.616486088379705,-1.2500035806329537,56.59299605954466,7.94,0.2093978102189781,0.1142154451549434,0.1146581406787998,11.935902988306626,17.847553053269813,2.0051970550021654,0.8561665113389252,0.1379472894793229,0.859599679743795,6.122490875912408,0.1943061962822276,1.0868652239125778,1.2028162347651166,0.32126501200960766,4.95840220385675,8.037931034482758,1.4382716049382716,0.0071544078723271,0.0340179596754457,28.98231996550237,,-0.2529924634254471,0.05572031243473541,2.12,0.009427567695544092,0.0,0.0,-0.26656497501143467,cyclical,2026-06-28,2026-06-28,False,False,False,False,False,False,False,True,False,False,False,,0.019576277501247404,Ridge,0.020087606567539325,0.004134202,0.02140651403101829,0.002404776199656325,0.02681008951797181,0.019576277501247404,0.02355184968294659,0.0170369013961796,110,107
NDSN,mixed,Industrials,329.0199890136719,329.0199890136719,2026-08-20,2026-08-20,111.32217573221756,22.877739211096685,4.921347206682548,-2.500248876438325,76.09024630340802,2.73,0.04675535069877907,0.5468907075990984,0.2485656371319614,2.2032121027442684,2.157988133861514,0.3139149294663823,0.8752884040219899,0.3052457455618858,0.4779153292057839,0.9153981258993106,0.1355769345049497,2.720734095715891,1.1712402223299154,0.09571329136908364,2.577046589866449,6.218655405657909,1.9045433862894872,0.00298947080841,0.0596623298942437,55.44757425125162,,0.20132900910497975,0.47741351151177325,0.33999999999999986,0.003896270706002472,0.0,0.0,0.08197563122703644,cyclical,2026-07-31,2026-07-31,False,False,False,False,False,False,False,True,False,False,False,,0.019555062217435505,Ridge,0.01744797687587061,-0.020268215,-0.009198900727561292,-0.008018247787540685,0.01786291222448587,0.019555062217435505,0.01945079023273842,0.005663179909462987,111,152
LHX,mixed,Industrials,238.39999389648438,238.39999389648438,2026-07-30,2026-07-30,215.71875,10.081048158640227,2.899809523809524,-1.3470906819923374,100.93114155251142,3.13,0.030178050497937835,0.2560198300283286,0.0695821529745042,9.647058823529411,5.716577540106952,0.8449197860962567,0.9194699286442406,0.271519512870191,0.5144161348921701,1.1109546323307515,0.1834107980363119,1.1891779684472736,4.11962071480671,0.1439750337696213,1.7074360016253556,2.7482517482517483,4.020979020979021,0.0039516833819946,0.0200371057513914,104.33049946865036,,-0.22312496505981838,-0.019575613190967345,1.5299999999999998,0.014899211689687334,0.0,0.0,-0.21823106176207654,cyclical,2026-07-03,2026-07-03,False,False,False,False,False,False,False,True,False,False,False,,0.019404695860095546,Ridge,0.009559439396871068,0.009628117,-0.013765971716058263,-0.0144516618092293,0.020675439502392656,0.019404695860095546,0.016509939481955865,0.006951996618212856,112,145
MS,mixed,Financial Services,188.00999450683594,188.00999450683594,2026-08-04,2026-08-04,65.50922509225093,9.663547001143412,2.4983842446610294,-3.7396991931051407,93.18130327631198,3.46,0.047975999105983894,0.5801600776133883,0.1995772842243858,-0.1406747294716741,343.7116486314449,1.3933800127307447,0.091701244813278,-0.004306863102514,0.9298889530326431,13.389756638499428,1.6901528338348817,1.1699852744597656,0.2515777545327755,0.00969899920154235,0.029160840675486,0.4760724026779073,0.0356200527704485,0.006052356541312,0.0042328875864357,70.0765850596359,,0.12580835034033488,0.4642522936669464,0.75,0.008587651678722892,0.0,0.0,0.009745276923598278,cyclical,2026-06-30,2026-06-30,False,False,False,False,False,True,False,False,False,False,False,,0.019314216830012748,Ridge,0.025762797817892803,0.019868165,0.0016070947755812053,0.006164057881144806,0.03150782878906028,0.019314216830012748,0.027804863158881213,0.01896256797612342,113,96
AXP,mixed,Financial Services,302.0899963378906,302.0899963378906,2026-07-24,2026-07-24,104.80169971671388,12.079067059550402,7.592628607277289,-1.7515487724893797,74.38250281531532,4.53,0.09072345390898483,0.834893778812794,0.1468561380162539,3.4148471615720526,70.646288209607,1.049490538573508,0.7649168568633844,0.0179560436986991,0.8887746063471154,7.990752625437573,0.2272583749367759,0.2841469269229418,1.670777022829494,0.0902619377488214,0.2363265306122449,1.5,0.8522296706499563,0.0022938699179026,0.0109686470751524,48.65406976744186,,-0.017369819673126785,0.022889636467309904,1.0000000000000004,0.017173833307921327,0.0,0.0,-0.02309222878995426,cyclical,2026-06-30,2026-06-30,False,False,False,False,False,True,False,False,False,False,False,,0.019035458016343362,Ridge,0.0127377036447686,-0.032695405,-0.0003640740018591008,-0.014599174954663958,0.016117377397757312,0.019035458016343362,0.01663860630960082,0.002894151983942124,114,157
ROK,mixed,Industrials,442.45001220703125,442.45001220703125,2026-08-04,2026-08-04,143.56826568265683,20.83049358669834,11.705336091831288,0.2987000026030128,105.00263053097343,3.65,0.11677160847166572,0.4826603325415677,0.1743467933491686,1.5084294587400178,3.9396628216504,0.5678793256433008,0.7264957264957265,0.0677867902665121,0.661620658949243,1.983449012279765,0.0860468832589642,1.0698146002317497,1.1872532430908065,0.15593724641601298,1.4069767441860466,11.46875,0.4350580781414995,0.0035577296020138,0.0515477792732166,33.121131741821394,,0.07351695306813366,0.394509619916261,0.94,0.035351426944703626,0.0,0.0,-0.025110451910931586,cyclical,2026-06-30,2026-06-30,False,False,False,False,False,False,False,True,False,False,False,,0.0189739233377068,Ridge,0.02110774783077853,0.005224124,0.00013782794331258677,0.012918594027915157,0.023745343849388575,0.0189739233377068,0.023114251962934734,0.01520522327793026,115,113
BA,mixed,Industrials,192.27999877929688,192.27999877929688,2026-07-28,2026-07-28,20.502360717658167,6.963679723594455,30.576861389922996,-0.0204251712019054,22.101976247702336,-0.67,-0.07278688524590164,0.0756639385334892,-0.0340320694838817,-1.5414998775842088,38.27710844677005,3.274385297402268,-0.8895567242674681,0.01231096517597,0.9631337794658468,26.189344262295084,0.322895163093871,1.1881700041622347,1.9826144548389768,0.14806776391149695,1.6886108780227325,-1.236722306525038,1.0450660450660452,0.0005216884413379,0.053791052844979,6.859407429651828,,-0.16305389231611012,-0.09074573802763097,-6.3245000000000005,-0.8404039533076916,0.0,0.0,-0.14036745780920237,cyclical,2026-06-30,2026-06-30,False,False,False,False,False,False,False,True,False,False,False,,0.01892232897727415,Ridge,0.0183161044624412,0.006254884,0.03764329803930116,0.01210751357205909,0.03013361558542057,0.01892232897727415,0.023772572082452217,0.0211577932728564,116,82
HWM,mixed,Industrials,228.3800048828125,228.3800048828125,2026-08-06,2026-08-06,220.4516129032258,38.01570110701107,15.396607509807586,-17.72430967741942,130.34775384615384,1.33,0.09316120027913469,0.3150369003690036,0.2661439114391143,1.318407960199005,1.845771144278607,0.308457711442786,0.8103975535168195,0.3692828910220214,0.5674288732925817,1.311758548499651,0.037006461206794,2.13382269904009,2.7236180904522613,0.2685835031318391,1.757396449704142,15.594594594594597,2.5964912280701755,0.000606663298472,0.0763817370408513,13.25,,-0.13854624539695792,0.3227918035494497,0.4,0.023667458452121884,0.0,0.0,-0.21924419628432035,cyclical,2026-06-30,2026-06-30,False,False,False,False,False,False,False,True,False,False,False,,0.018580251189330318,Ridge,0.0071215810943587275,-0.01755989,0.002466918965765812,-0.02158232241930945,0.018348429820806745,0.018580251189330318,0.014635503357714907,0.003501629778929508,117,155
SNA,mixed,Industrials,367.7200012207031,367.7200012207031,2026-07-23,2026-07-23,72.35458167330678,13.593779386521382,3.070620216460433,-11.13503973676636,47.72510655301012,4.96,0.04313641103735951,0.5074259273080081,0.2534517501306068,4.905587668593449,31.30057803468208,0.2601156069364161,0.94964565460649,0.2918889493739793,0.2979550741242232,0.42616655355635374,0.0694179657143108,4.793467610234077,1.5201951440889494,0.15447464963140414,2.880838061981668,24.431654676258997,9.983388704318935,0.0184195883400437,0.11435552840562,112.34469696969695,,0.009691554005697434,0.136868144135734,-0.05999999999999961,-0.0008131489612917889,0.0,0.0,-0.024525482028236067,cyclical,2026-07-04,2026-07-04,False,False,False,False,False,False,False,True,False,False,False,,0.018432254525348787,Ridge,0.018490183121006698,0.04272186,0.04319141952248939,0.02273867195081196,0.028878209853702427,0.018432254525348787,0.023487748188440738,0.028080025394979034,118,39
IBKR,mixed,Financial Services,85.80999755859375,85.80999755859375,2026-08-06,2026-08-06,100.484375,10.419077716202256,5.340675860868917,2.975141961036197,43.66865124051722,0.69,0.007542852303523035,0.9112404510731176,0.6388028945699924,3.5632920511167647,11.143426874412416,0.0493966131849835,0.9863269111249224,0.0102303579035714,0.910031579926327,33.869840175201126,0.0001710132671252,1.1323397572435894,0.15457502312928828,0.010432293204048376,0.0015569167942827,2.175406871609403,2.072888888888889,0.0012568935091809,0.0016906679506259,11.974576146167834,,0.19729311509130376,0.08978806040482157,0.04999999999999993,-0.045412583087116466,0.0,0.0,0.17484609999009837,cyclical,2026-06-30,2026-06-30,False,False,False,False,False,True,False,False,False,False,False,,0.018395070494127384,Ridge,0.015999837014831274,0.08723553,0.0791540769092596,0.07843820226958449,0.01950934416911227,0.018395070494127384,0.019327253016758087,0.044698888942074494,119,10
DOV,mixed,Industrials,188.05999755859375,188.05999755859375,2026-07-23,2026-07-23,94.77669902912622,12.764625171325138,3.618259456928005,-3.731701586963949,61.74636873370657,2.3,0.04053035278797882,0.391034830037364,0.1645016695417371,3.5273397650762197,12.218426651898918,0.4152627590428167,0.8946729332966158,0.214837944497673,0.27251629447059983,0.48441005482343985,0.1335863548669234,1.7895412685939862,1.530663899567726,0.12965977752943286,1.4597443352465176,12.27347693182626,0.5080518542190604,0.0026060354182912,0.0633831221310449,53.64963884401104,,-0.16934630053624666,0.06803724192749727,0.23999999999999977,0.002438907391321417,0.0,0.0,-0.18635561101812098,cyclical,2026-06-30,2026-06-30,False,False,False,False,False,False,False,True,False,False,False,,0.01827457486318047,Ridge,0.012789897965509257,0.026145821,0.02037715954658372,0.03429647774119341,0.029687020761184967,0.01827457486318047,0.020979796286346143,0.023161145625117105,120,69
BALL,mixed,Consumer Cyclical,56.5,56.5,2026-08-04,2026-08-04,70.62666666666667,4.2222328443382136,2.606864661501568,-0.4801524058559843,41.26669426501035,0.83,0.07727114514444831,0.1461009859575739,0.1012847325963549,3.901959975861074,4.542915937313757,0.637207680976352,0.8596201486374897,0.2207034809549845,0.7132769766285431,2.4963452836756006,0.4961854389283813,1.1140878439948971,1.2843438219493477,0.1542018896071606,0.5228686425173802,4.402597402597403,4.418367346938775,0.0038211656734359,0.025384669928384,20.20394015966368,,-0.1493526046371575,0.0834132310642377,0.07999999999999996,0.040562050881397214,0.0,0.0,-0.17020591240321692,cyclical,2026-06-30,2026-06-30,False,False,True,False,False,False,False,False,False,False,False,,0.01781825210683316,Ridge,0.01882885357162039,0.013095103,-0.02458677012943794,-0.004919284901318132,0.01653630341712172,0.01781825210683316,0.019796567095999543,0.008209727054435763,121,140
RTX,mixed,Industrials,185.00999450683594,185.00999450683594,2026-07-23,2026-07-23,151.5702479338843,10.176361911048769,3.7804377346923137,-2.471108646732429,80.81347057118005,1.57,0.03222501770191482,0.1946117666474131,0.0944797425530159,2.375641311621682,5.528292066324634,0.7212432151089301,0.7671068427370948,0.0708526129559063,0.6083047846779942,1.5943474396251713,0.1536723449700889,1.0263336962438758,0.7623690749536062,0.4640861747867473,1.2281220509594213,6.1891891891891895,0.7187656798795785,0.0037055857772968,0.0267555632522296,47.91437174120585,,-0.12796948290518506,0.3459187727836166,0.3600000000000001,0.007364875162256621,0.0,0.0,-0.2144491761010892,cyclical,2026-06-30,2026-06-30,False,False,False,False,False,False,False,True,False,False,False,,0.01737484761349745,Ridge,0.013167140633141389,0.016104372,-0.013546985322975812,-0.0006475127705015322,0.023358996488631975,0.01737484761349745,0.0192173377691656,0.01081054289873048,122,130
MSCI,mixed,Financial Services,545.3900146484375,545.3900146484375,2026-07-21,2026-07-21,155.48238482384824,53.819970955396045,-16.676498779449545,-2.9504950195838338,99.96329582099506,4.69,-0.1271611823759063,0.825682529956427,0.5636525443510738,6.333557977682448,6.678832022187949,0.1612125610751824,0.9751780974996508,0.2738844835228257,1.366482792187616,-3.083100948131623,0.1401062917721203,0.8989218527714455,0.833604942475616,0.06388826416778225,9.347480279027316,7.290425046781879,6.237227367792053,0.0030526266829077,0.0398529424258636,-26.50744895274255,,-0.049644499462540126,-0.03333921544055751,1.0000000000000004,-0.019922640104929085,0.0,0.0,-0.04130969560240075,cyclical,2026-06-30,2026-06-30,False,False,False,False,False,True,False,False,False,False,False,,0.01718687326106641,Ridge,0.024222919347852843,0.009679968,0.0003237042983496312,0.012156385656233325,0.02233242623299216,0.01718687326106641,0.02427863066848045,0.0158721790793524,123,111
NDAQ,mixed,Financial Services,91.66999816894531,91.66999816894531,2026-07-23,2026-07-23,106.73626373626372,26.65004375,4.533580682096998,1.162295912388076,78.52322506082724,0.89,0.04229229229229229,0.6692307692307692,0.3028846153846153,0.9391974767828982,1.4753811109164183,0.1559488347643245,0.8576,0.0785077251601557,0.5613547419626203,1.2802802802802802,0.1707675072188779,1.0052757191307624,2.2057264050901377,0.15643173256281775,2.4571428571428573,7.159090909090909,1.466281310211946,0.0027601340169541,0.0361298549492588,21.20901994796184,,0.040640233499208867,0.09130950201125376,-0.020000000000000018,-0.00015475113618561298,0.0,0.0,0.017812857996395426,cyclical,2026-06-30,2026-06-30,False,False,False,False,False,True,False,False,False,False,False,,0.017027569482941415,Ridge,0.02332593338018826,0.014959528,0.018779414784713566,0.01935164160217014,0.020126925099537934,0.017027569482941415,0.023156166584142192,0.019575849519683716,124,92
WYNN,mixed,Consumer Cyclical,77.30000305175781,77.30000305175781,2026-08-06,2026-08-06,124.05154639175258,6.637556129932587,-44.95799115763797,2.4201377100775416,50.477238015716665,1.32,-0.8265634313164277,0.3196218829431994,0.1550592904651328,2.9855630039832897,20.06410181676868,1.6585252113086564,0.642873878698621,0.290909444990135,1.0688996738792187,-37.46687540719627,0.8549619153887902,1.6331286080996703,4.492653024863907,0.5104901614721524,4.972734785963565,1.856920983724393,2.108048092022235,0.0020831505096468,0.0178575827753548,-2.6525067157065694,,-0.2527068537146383,-0.119589942462895,0.3500000000000001,-0.46347484798188443,0.0,0.0,-0.22280936809891455,cyclical,2026-06-30,2026-06-30,False,False,True,False,False,False,False,False,False,False,False,,0.0170233982918331,Ridge,0.00040657244198275157,-0.061049517,-0.033159381082857674,-0.02168974931372324,-0.000538250163996104,0.0170233982918331,0.0055033543306041485,-0.01268617949355145,125,186
SPGI,mixed,Financial Services,388.1600036621094,388.1600036621094,2026-04-28,2026-04-28,138.98670212765958,40.275194586312566,5.049388890667521,-13.421300161375674,85.85906256306761,4.69,0.04475026465210278,0.7012257405515833,0.4274770173646578,5.63949635520212,5.96752816434725,0.1524188204108681,0.9736842105263158,0.2288856880974204,0.40444466377154886,0.7887274243736567,0.0869021251405565,0.8244074898520362,1.1380412670735252,0.025776417949730228,1.9180327868852456,31.0,1.7578125,0.0018387287531563,0.057130309805174,103.3929162528964,,-0.12395051985621242,-0.24422203769133088,0.9300000000000006,0.008444838047332578,0.0,0.0,-0.0628950104333797,cyclical,2026-03-31,2026-03-31,False,False,False,False,False,True,False,False,False,False,False,,0.016919972402755494,Ridge,0.01561028582837917,-0.04908076,-0.04306960586755488,-0.03198515371146004,0.007037480082113738,0.016919972402755494,0.01528693407361774,-0.009232850321516824,126,183
HUBB,mixed,Industrials,466.9800109863281,466.9800109863281,2026-05-01,2026-05-01,105.4893111638955,15.836759690493736,6.127564527333524,-2.1445317761078937,70.55183786966046,3.41,0.04824072599904474,0.3536544516647685,0.2109600053594158,7.30428901538635,9.353923613068064,1.1027823179094105,0.8688268156424581,0.2966129780605819,0.5510412583009611,1.2308284243485645,0.1052178226382162,1.7193610393053622,1.741976893453145,0.18017985910640674,1.6960560911481155,14.184684684684685,0.8775568181818182,0.0031938027617035,0.0653641126541444,72.02412067806736,,-0.09671551900203468,0.2245765222277447,-0.7999999999999998,-0.00987379226218546,0.0,0.0,-0.15285964955897086,cyclical,2026-03-31,2026-03-31,False,False,False,False,False,False,False,True,False,False,False,,0.016802971672018354,Ridge,0.02227529139371741,0.035238344,0.02399304682068139,0.04532780898502345,0.029358453630330725,0.016802971672018354,0.025565886317028687,0.0282243318615733,127,37
PNC,mixed,Financial Services,220.75,220.75,2026-08-05,2026-08-05,42.77254098360656,9.431149082568806,1.35742543533878,0.8534004741051032,56.91868613138686,4.81,0.031871016122984624,0.6802752293577982,0.2670871559633027,5.7969543147208125,100.79441624365482,0.0,1.0,0.0050053801261864,0.8960106098040044,8.623500187476566,0.694324706266882,0.8080555062468634,0.15457502312928828,0.011160098306262316,0.0063239170178693,0.879199697999245,0.1123701083351757,0.0092291282474311,0.0039381131369215,153.76903553299493,,0.030434579657377725,0.26911578705300676,-0.07000000000000028,-0.001470570078220275,0.0,0.0,-0.036844367105873965,cyclical,2026-06-30,2026-06-30,False,False,False,False,False,True,False,False,False,False,False,,0.016655624801624917,Ridge,0.011913170283025116,0.019636447,0.0261595111374285,0.02173733220578126,0.01801543372806188,0.016655624801624917,0.016962433771603128,0.018679784169482343,128,98
WSM,mixed,Consumer Cyclical,233.38999938964844,233.38999938964844,2026-08-28,2026-08-28,59.00647249190939,10.8164133825514,12.242477480830075,0.3133254029141203,54.27460388818079,2.84,0.15792740857409499,0.4687422707878949,0.2027071916725813,4.341582579204513,8.560979500008395,0.6794127029432011,0.8646856519943622,0.3060753378741435,0.6111886989208373,1.5719417034033127,0.0086820977352915,1.388437309697922,18.58626725857705,0.35591138596365696,1.962809470442095,0.0,1.6244420752091653,0.0031320990379827,0.1105379934179403,17.21165814028447,,0.228756446191684,0.21582621061496376,-0.25,-0.01878787296174622,0.0,0.0,0.17479989353794306,cyclical,2026-08-02,2026-08-02,False,False,True,False,False,False,False,False,False,False,False,,0.016176777951473306,Ridge,0.008477788133828344,-0.03724068,-0.0010827415448588346,-0.027270844160595602,0.014315627203460822,0.016176777951473306,0.014152141454616098,-0.0012691208216108704,129,167
IP,mixed,Consumer Cyclical,32.52000045776367,32.52000045776367,2026-08-05,2026-08-05,-8.714601769911505,3.462857142857143,1.402705874418291,-0.0187583084762614,-16.35656283566058,-0.02,-0.0008301625735039779,0.3135198135198135,-0.34526752748315304,0.4829545454545454,2.168560606060606,1.231060606060606,0.281767955801105,0.1145714647423724,0.6094457907491307,1.5604640183449112,0.496059221306746,1.2794024560070896,1.3569814731134209,0.1643985652090578,0.6437158469945355,-13.650862068965514,-1.4452621895124196,0.0117319424250117,-0.048993395475977634,28.081439393939394,,-0.24178129032959494,-0.31101693945415954,4.5,0.15995758950041522,0.0,0.0,-0.16402705546605506,cyclical,2026-06-30,2026-06-30,False,False,True,False,False,False,False,False,False,False,False,,0.015329887181984192,Ridge,0.18592710315755556,0.00962876,0.08079303295481777,0.07580796099974725,0.06493542079791252,0.015329887181984192,0.1164120523538767,0.07888945784744975,130,1
CSX,mixed,Industrials,46.540000915527344,46.540000915527344,2026-07-22,2026-07-22,92.94871794871794,19.26168757126568,5.1344984802431615,4.340434027777769,56.11711125569291,0.54,0.1184957426679281,0.3164196123147092,0.3164196123147092,0.3803648068669528,0.3621244635193133,0.3631974248927038,0.5115440115440115,0.4423874880306415,0.6850154272682556,3.6232261116367077,0.2793103448275862,0.8139163740823492,2.7026194144838214,0.06935563207083129,2.0870322019147083,5.211267605633803,1.4516829533116178,0.0035814710670415,0.0368258960749623,7.060085836909871,,0.07806349120980638,0.4897567514573413,0.15000000000000002,0.0637844964673202,0.0,0.0,-0.04437569665452895,cyclical,2026-06-30,2026-06-30,False,False,False,False,False,False,False,True,False,False,False,,0.015313871213395433,Ridge,0.02520761025337133,0.034603875,0.02819727855220894,0.0057886660754429275,0.02483509528848776,0.015313871213395433,0.025645523271410262,0.022701902890523887,131,72
V,mixed,Financial Services,359.8500061035156,359.8500061035156,2026-04-29,2026-04-29,115.74587458745874,61.560077076415006,17.305784362121873,1.8316581121107376,93.49812313138284,3.03,0.2277489881605326,0.8168057976332447,0.6180166957159894,3.3457872712705994,8.569333628088726,0.1975488267010757,0.9442477876106194,0.215299609412213,0.6248145693273995,2.24639709498052,0.0315572348628585,1.1113333968435426,3.3738780563293096,0.22983934602152573,4.612009237875289,34.72680412371134,3.574312955692653,0.0019267839957348,0.1064665644330341,20.06052767718572,,0.12274189917168155,-0.014973157496124934,0.0,0.07680899796015611,0.0,0.0,0.12648518854571278,cyclical,2026-03-31,2026-03-31,False,False,False,False,False,True,False,False,False,False,False,,0.015288160953801661,Ridge,0.016384803839829074,0.031558648,0.03971485302694565,0.014863800464566411,0.018711812598004394,0.015288160953801661,0.019428485574526,0.022134778320501158,132,78
MAR,mixed,Consumer Cyclical,354.7900085449219,354.7900085449219,2026-08-03,2026-08-03,186.89156626506025,12.451336322869954,-22.08948289578361,-1.2295797488433573,103.43789038262668,2.9,-0.1692817679558011,0.165321375186846,0.1161434977578475,2.446927374301676,1.3333333333333333,0.6405959031657356,0.7925211097708083,0.098713979518933,1.1369281045751634,-8.30310262529833,0.1945271180694612,0.426768278161467,2.2997593674802337,0.25177140822503113,6.85995085995086,3.735576923076923,0.5857445306986592,0.0021488739900292,0.0198652230845389,-13.997772828507795,,0.07359218248228849,0.358255842214777,1.24,-0.0512759339595137,0.0,0.0,-0.015971778071405762,cyclical,2026-06-30,2026-06-30,False,False,True,False,False,False,False,False,False,False,False,,0.014617883558017923,Ridge,0.019966466102198877,0.032146648,0.047689450973076475,0.007762316292387267,0.0207045737136352,0.014617883558017923,0.021833220084260432,0.023396997186187582,133,65
KEY,mixed,Financial Services,20.049999237060547,20.049999237060547,2026-08-04,2026-08-04,48.0,7.903611692307693,1.1090883391393944,2.271513497647057,49.87396518518519,0.44,0.025709667643196283,0.6604895104895104,0.2265734265734265,0.6145159066483682,10.454988307761983,0.0410894736986278,0.9373259052924792,0.0046598261975688,0.89651729851503,8.663450853621578,0.486676679757327,0.7703770046014161,0.15457502312928828,0.010265684701307254,0.0065293552009575,0.7508690614136733,0.2619414483821263,0.011590699945134,0.0031097560975609,18.609879187816333,,-0.04112868306740569,0.26898729348484474,0.010000000000000009,0.0006863616228832831,0.0,0.0,-0.10837550643861688,cyclical,2026-06-30,2026-06-30,False,False,False,False,False,True,False,False,False,False,False,,0.014582140609204569,Ridge,0.016527056890152707,0.019677276,0.03709999776752704,0.03887766926093433,0.01774239452661639,0.014582140609204569,0.019229787615711542,0.023306414224924403,134,66
COIN,mixed,Financial Services,189.2899932861328,189.2899932861328,2026-07-30,2026-07-30,-90.81927710843372,58.77419325467909,4.1009708323999,0.0906601224129285,-72.18275390551074,-1.36,-0.027482966880267957,0.719293809177119,-0.34526752748315304,11.425747482918135,44.41122463814036,0.0,1.0,0.3522642985252058,0.5056869377753513,1.0230094578110371,0.126244299981892,2.3431541467107952,0.5981824782661861,0.04610940335263194,2.4636792653373583,-13.650862068965514,-0.3285154989184667,0.0,-0.0400313224732091,55.14304032922424,,0.021863492151440234,0.08978806040482157,1.1300000000000001,0.017587700726118743,0.0,0.0,-0.0005835229497651584,cyclical,2026-06-30,2026-06-30,False,False,False,False,False,True,False,False,False,False,False,,0.014328810230410024,Ridge,0.008571990206720486,-0.040133465,0.00946881681872338,0.02760135636195389,0.04440951011971027,0.014328810230410024,0.023777820333887468,0.01311709650001123,135,122
DAL,mixed,Industrials,84.12999725341797,84.12999725341797,2026-07-10,2026-07-10,-151.0909090909091,2.735652832092847,2.128535531998429,0.3040267987113709,46.19897887323943,2.44,0.07352738941095577,0.2862999873848871,0.0316008578276775,1.8895705521472392,7.75,1.8404907975460123,0.506578947368421,0.0743753631609529,0.7586668403785339,3.1436493914409107,0.3265773659105246,0.4178415242056332,3.876283618581907,0.12444248792298514,1.895627408276093,3.3178807947019866,0.3275702377276937,0.0029743349479283,0.0054016079931309,31.25153374233129,,0.03519969792074451,0.3762472968005557,2.88,0.08771074237522737,0.0,0.0,-0.05886212627939441,cyclical,2026-06-30,2026-06-30,False,False,False,False,False,False,False,True,False,False,False,,0.013894714150084576,Ridge,0.012542974926536585,-0.009656404,-0.003353303921714238,0.004630141657984438,0.023006676044994,0.013894714150084576,0.018988118645520004,0.008847457999369078,136,139
TJX,mixed,Consumer Cyclical,133.58999633789062,133.58999633789062,2026-08-28,2026-08-28,101.0759493670886,9.49874598433185,16.539376840039253,1.0139424703891708,77.27583682008368,1.36,0.14270960473195005,0.3086287550019726,0.1326720396776193,2.336,5.5377777777777775,0.416,0.8488372093023255,0.231719182695906,0.7151005116448123,2.510009813542689,0.0800361939938737,1.1377890876431405,1.670777022829494,0.19840309847770443,2.681311475409836,0.0,0.6506422018348624,0.0027946510023807,0.0693200922703991,9.057777777777778,,-0.12267432451213978,-0.035938541257915624,-0.21999999999999997,-0.03128450714243655,0.0,0.0,-0.11368968919766087,cyclical,2026-08-01,2026-08-01,False,False,True,False,False,False,False,False,False,False,False,,0.013799048347869484,Ridge,0.02098261275042676,-0.008272564,-0.021547585819143393,-0.0043473339912885435,0.014066030625327358,0.013799048347869484,0.020279223438787883,0.0052749958168538495,137,153
EG,mixed,Financial Services,368.7200012207031,368.7200012207031,2026-08-03,2026-08-03,31.5088207985144,3.177958800870647,0.9089278712534764,0.1025046555185103,26.2442665875402,10.890440000000018,0.03622812702527544,0.3287426503844414,0.1406603346901854,-6.374358103790715,377.09808074724015,0.0,1.0,-0.0077616012418561,0.7517975774928821,3.0289695398574206,0.255391510884611,0.7609662017545923,0.3628158844765343,0.06371547605642865,4.623520249221184,24.88,18.84,0.0058350804938807,0.0094784715433331,188.93876869410323,,0.08565203668905319,0.04827429698272345,3.450000000000001,0.007381351266915741,0.0,0.0,0.07358346244337233,cyclical,2026-06-30,2026-06-30,False,False,False,False,False,True,False,False,False,False,False,,0.013781564308731193,Ridge,0.02715150768378817,0.018872503,0.02189604470162933,-0.0003755332766229928,0.023132566181423883,0.013781564308731193,0.026135687070594573,0.018699640499028856,138,97
L,mixed,Financial Services,105.05000305175781,105.05000305175781,2026-08-03,2026-08-03,54.28350515463918,4.672411070585711,1.1654772556994542,-0.6716519753274441,47.05215290519877,2.16,0.023227831545906356,0.4368161338768505,0.1160695129800472,2.0599613152804643,41.39748549323017,0.923597678916828,0.6904376012965965,0.015304097628733,0.7703489705140552,3.5153544336908187,0.4357127809266076,0.484695902371267,0.4244990892531876,0.05427156417664053,15.251229983516517,4.787610619469026,0.4643776824034334,0.0005969297241064,0.0060263540557962,89.36394069823051,,-0.06364200863037872,0.17151782147605443,0.2200000000000002,0.0017143990295840558,0.0,0.0,-0.10652146399939233,cyclical,2026-06-30,2026-06-30,False,False,False,False,False,True,False,False,False,False,False,,0.013764686177815445,Ridge,0.016002623006093085,-0.02088992,-0.01637807310370913,-0.025170951715749745,0.013338918730783916,0.013764686177815445,0.017630961630713194,0.00015320740267834058,139,162
IEX,mixed,Industrials,229.85000610351562,229.85000610351562,2026-07-29,2026-07-29,103.45348837209302,14.803594705816929,3.304757790192427,19.63339093318991,61.29196293176074,1.93,0.03577844311377246,0.4305416527638749,0.2068735402068735,2.537433155080214,7.754010695187166,0.2633689839572192,0.9059665871121718,0.3640945429266597,0.42184704184704186,0.7293912175648702,0.1368003034129752,2.8557525199860967,1.7234042553191489,0.13284271284271285,2.2785936804628397,11.48148148148148,11.715976331360949,0.0039970211673826,0.0626723662437948,53.843582887700535,,0.08655576299288859,0.2828598878356625,0.20999999999999996,0.003922453045491957,0.0,0.0,0.015840791033972956,cyclical,2026-06-30,2026-06-30,False,False,False,False,False,False,False,True,False,False,False,,0.01370846823821819,Ridge,0.022390927838227746,0.020651892,0.009376972715754526,0.02126785961848656,0.025014327426779306,0.01370846823821819,0.02441811673269556,0.019552511331031145,140,93
AIZ,mixed,Financial Services,266.239990234375,266.239990234375,2026-08-06,2026-08-06,53.64142538975501,3.608550365031041,2.0590788103753663,-0.9597291735574468,32.47234794945284,5.95,0.04896767739713672,0.7859957020057307,0.0846167621776504,12.185846409328896,90.68166234308508,1.1813318490652338,0.911624441132638,0.0280875359989284,0.8309960256531066,4.9170206136538805,0.1825379729605808,0.5503691983122363,0.3897581461360384,0.09573353583840982,0.3412335808109651,10.017667844522968,11.501766784452297,0.0036558876273767,0.0097705306068775,116.96980318031724,,0.13996998601744792,0.3036282144365423,1.46,0.010613566081652023,0.0,0.0,0.06406293240831235,cyclical,2026-06-30,2026-06-30,False,False,False,False,False,True,False,False,False,False,False,,0.01367990419139905,Ridge,0.023800739792371503,0.03469253,0.02168965469247547,0.011947355359350985,0.019123141844216766,0.01367990419139905,0.02324890518614017,0.021038305504884048,141,83
MA,mixed,Financial Services,550.0,550.0,2026-07-30,2026-07-30,126.02207505518764,58.15118782648194,66.10887683965919,7.620228571428556,99.85641636258882,4.97,0.15505257529852076,1.0,0.6148080853963207,5.376811594202898,12.774804905239687,0.124860646599777,0.9773049645390072,0.2168087162815218,0.902827130748297,9.282659062555695,0.0371036239382895,1.0349705649767156,1.910609676719462,0.16080497824617357,0.0,34.0503144654088,4.83590308370044,0.0013357304617784,0.0938786063648704,8.625835189309576,,0.05566218809980805,-0.05371460032345765,0.4399999999999995,-0.36908891708464475,0.0,0.0,0.06909083818067246,cyclical,2026-06-30,2026-06-30,False,False,False,False,False,True,False,False,False,False,False,,0.013198481455635565,Ridge,0.01763405616438923,0.035755705,0.01367105603289118,0.027651574710110656,0.018854786800884572,0.013198481455635565,0.020192068454847483,0.020822031772119408,142,85
ROL,mixed,Consumer Cyclical,30.56999969482422,30.56999969482422,2026-07-23,2026-07-23,250.08333333333331,31.73789261408261,21.082363407093396,-2.1150492134213894,156.72048008219306,0.3,0.10066473278833125,0.4751657605927399,0.1765228450027549,0.3294084990201724,0.2071599915482104,0.0118615066557842,0.9652430437527316,0.2097247064065434,0.5738819743589438,1.3467676555001165,0.0358254758491766,0.6017402374208332,3.6924013412015,0.19022859479715237,10.800658235837783,21.65994623655914,0.575162084362071,0.003052778324127,0.0838001542292444,2.846675821956539,,-0.29651158279188033,-0.4637989252113081,0.06,0.015938529812461757,0.0,0.0,-0.1805618514890533,cyclical,2026-06-30,2026-06-30,False,False,True,False,False,False,False,False,False,False,False,,0.012695080380542477,Ridge,-0.015075301851929734,0.02450108,-0.043002081153214994,-0.016309884195559354,0.004432309253211725,0.012695080380542477,-0.00022668788979001396,-0.004789497914574183,143,174
EBAY,mixed,Consumer Cyclical,105.88999938964844,105.88999938964844,2026-08-06,2026-08-06,74.44444444444444,13.248600337268128,8.511830985915493,-1.1751489109848483,64.91463768115942,0.31,0.11789924973204716,0.7136593591905565,0.2026981450252951,1.033259423503326,6.472283813747229,0.2594235033259423,0.7993138936535163,0.1257278412766875,0.7398650532537779,2.8441586280814577,0.1797510825541404,1.096829846883761,2.31640625,0.8347132593651676,0.5578186596583443,9.852459016393444,0.7299630086313194,0.0033348522609534,0.041092727972297,10.032608695652174,,0.19272357951845498,0.4207701514779074,-0.8599999999999999,0.003489715604203261,0.0,0.0,0.08753104164897813,cyclical,2026-06-30,2026-06-30,False,False,True,False,False,False,False,False,False,False,False,,0.012526674533998517,Ridge,0.009734141225159188,-0.03047358,-0.03784448178938586,-0.010512151735441545,0.01735209567342235,0.012526674533998517,0.015913864446671415,-0.0028550997128532095,144,172
JCI,mixed,Industrials,151.77000427246094,151.77000427246094,2026-05-06,2026-05-06,140.88235294117646,13.030584785233742,5.720864889427446,-0.5277881470821341,90.35800214822773,1.0,0.045346944814321645,0.3577712609970674,0.1471450750388132,0.735573874445149,0.8750792644261256,0.1268230818008877,0.8529411764705882,0.0518045900390439,0.18845491995619754,0.5346944814321645,0.1209585071414103,0.8260165698504904,0.9365105008077544,0.06385253167857328,1.0301604869950194,17.408163265306122,1.6061855670103091,0.0032433877913588,0.0277979797979797,20.846226712977582,,0.04337965263619492,0.5118040070969314,0.15000000000000002,0.0056620008579448475,0.0,0.0,-0.08457134913803793,cyclical,2026-03-31,2026-03-31,False,False,False,False,False,False,False,True,False,False,False,,0.012507442150445861,Ridge,0.025920205012249977,0.035179023,0.014156744040817716,0.042945851924892246,0.024045976148082793,0.012507442150445861,0.025892689123033014,0.025652259777842988,145,54
NVR,mixed,Consumer Cyclical,6126.3798828125,6126.3798828125,2026-08-05,2026-08-05,56.744242141300965,7.611063548437518,5.34192281032035,1.789610939025804,41.782039749041886,10.890440000000018,0.06972702256077207,0.2270740925338272,0.1649243090044709,14.627581371698614,377.09808074724015,1.3069586718474038,0.9915857075282902,0.4682101604824696,0.3801075563647265,0.6131830775926841,0.0509978482160331,3.953694120753688,37.49511472686394,0.42524540180089276,6.698931567949595,62.014832270584975,51.43179927917937,0.0,0.1826324595481764,188.93876869410323,,-0.17386914569497358,-0.13019689570641213,-6.3245000000000005,-0.024406827771541836,0.0,0.0,-0.14131992176837055,cyclical,2026-06-30,2026-06-30,False,False,True,False,False,False,False,False,False,False,False,,0.012232982804437811,Ridge,0.019437431493381854,0.04449731,0.04215768395929478,0.057582101144328865,0.017543881708256145,0.012232982804437811,0.02070713818928681,0.03026403608340162,146,24
EXPE,mixed,Consumer Cyclical,262.6700134277344,262.6700134277344,2026-08-06,2026-08-06,169.64670658682635,9.80386786862137,27.0828032165109,-0.5403674916912973,51.36709289120715,7.16,0.7262200165425972,0.8404285311530871,0.1271497039751903,0.96950538930937,59.44127160000978,1.5072142606910377,0.3914473684210526,0.0182505853394969,0.895836741370849,17.059968847352025,0.1844752139969492,0.7323647715675091,0.8437202664129401,0.148480781803792,0.1719841993315101,3.727272727272727,0.3469387755102041,0.0014090858122915,0.019401963022141,10.012554683052738,,0.23180460245607937,0.5712748305780606,5.49,0.566562695670323,0.0,0.0,0.08898589481156421,cyclical,2026-06-30,2026-06-30,False,False,True,False,False,False,False,False,False,False,False,,0.012199849242018578,Ridge,0.017597701544358798,-0.09530884,-0.07693582647107293,-0.08720655595340683,0.04650822685378277,0.012199849242018578,0.02894017596468517,-0.02072498674744455,147,190
PWR,mixed,Industrials,662.5999755859375,662.5999755859375,2026-07-30,2026-07-30,202.91346153846152,8.165713901214286,7.162386837234004,-5.783033642115124,101.08129090612846,2.96,0.04683375351293876,0.1256377551020408,0.0618622448979591,6.157399949099005,2.897548785592492,1.2763090992609756,0.8283079024269111,0.1293643168730219,0.655662202007506,1.924671989103068,0.0185560902969259,1.1362083559827347,1.1450118013620674,0.33780071412867746,0.0,6.402809315097429,0.5411274151671396,0.0002347577087447,0.0277060979895184,58.927283542673415,,0.157056500516777,0.9176337093333069,0.8799999999999999,0.01153601231105466,0.0,0.0,-0.07235192681654973,cyclical,2026-06-30,2026-06-30,False,False,False,False,False,False,False,True,False,False,False,,0.011944562961635354,Ridge,0.013495869884700371,0.05802823,0.0465527132631609,0.06981889202476776,0.02310733767994701,0.011944562961635354,0.019586871296889994,0.03418516635115379,148,18
UAL,mixed,Industrials,111.77999877929688,111.77999877929688,2026-07-16,2026-07-16,35.05329153605015,2.374822367993765,2.3926933647428346,0.9867361129531388,28.89369259606373,2.46,0.04821225369826915,0.6413587062414756,0.0900175358836136,-1.847094801223241,37.43119266055046,5.779816513761468,-0.4696734059097978,0.0492098113496345,0.8001124947676852,4.002552021986651,0.6807576834110303,0.645046492939961,6.439565035549979,0.1274344026771039,1.209108824173418,4.277777777777778,0.3981521272024065,0.0,0.0292968430689751,46.73394495412844,,0.08303457784417101,0.3760925616065107,-0.73,-0.020103411790541148,0.0,0.0,-0.010988562557456671,cyclical,2026-06-30,2026-06-30,False,False,False,False,False,False,False,True,False,False,False,,0.01179807599086043,Ridge,0.022300352192868342,-0.026613135,0.013185652439507008,-0.0034734694879159957,0.009022745386286578,0.01179807599086043,0.01943737092874902,0.006888379451957621,149,147
DHI,mixed,Consumer Cyclical,137.05999755859375,137.05999755859375,2026-07-23,2026-07-23,70.95073891625617,6.113050719481915,1.7544943426892543,-0.5256964286763601,59.60777631057705,3.2,0.037989882239341716,0.2315555620090316,0.1059402633986263,2.827916524119056,8.574409852890865,0.0937393089291823,0.9679156908665104,0.188234256871432,0.3315357163398729,0.5081886689477109,0.1317649426297677,6.617095373492914,1.670777022829494,0.2527190212345219,5.158089668615984,23.309904153354637,17.69968051118211,0.0031235177394073,0.061730231451181,81.81213774292533,,-0.11230571529408195,0.17255537307377655,1.1700000000000004,0.013201901159556016,0.0,0.0,-0.1554445585625261,cyclical,2026-06-30,2026-06-30,False,False,True,False,False,False,False,False,False,False,False,,0.011747701240750634,Ridge,0.024222089959164732,-0.018299209,0.007943466808845652,0.017745581373433742,0.01589641489397455,0.011747701240750634,0.022539950348332213,0.011985374699120123,150,127
BK,mixed,Financial Services,115.58,119.47,2026-02-25,2026-02-25,57.47029702970297,8.126841991655905,1.8462509496084671,2.216583174010382,-6.603288139340843,2.02,0.032970008801029,0.5097844442237012,0.1832720770835403,6.738684076471081,270.57611562895096,0.6186705111268459,0.9159112825458052,0.0134027120782087,0.9051280965488038,9.647101302100964,0.4140666375370942,0.7043596941545047,0.15457502312928828,0.0213148422612746,0.225630943672275,0.371900826446281,0.2902067777139575,0.0050847715555387,0.004708860048843,62.878776054045694,,0.0,0.34266127219599896,0.0,0.0,0.0,0.0,-0.08566531804899974,cyclical,2026-10-02,2026-10-02,False,False,False,False,False,True,False,False,False,False,False,,0.011602764277672036,Ridge,0.023175695808789802,0.021046981,0.022183998697421808,0.023186021029711745,0.016901274388324387,0.011602764277672036,0.02235555975344842,0.02001133635937382,151,89
RF,mixed,Financial Services,26.959999084472656,26.959999084472656,2026-08-06,2026-08-06,45.93220338983051,9.847383720930232,1.2452082129916504,-2.2942805867665386,24.23219178082192,0.64,0.030254777070063694,0.7977574750830565,0.2940199335548172,-0.3702857142857143,43.96228571428571,0.0057142857142857,1.0156739811912223,-0.0024189023188098,0.8827581076138103,7.557749469214437,0.2059673168160253,0.2998908081711885,4.217162872154115,0.0150921637324274,0.0,1.4537987679671458,0.4494745351657235,0.0107538218239325,0.0039587041651833,21.639772727272728,,-0.03611015071602941,0.27711980504370715,0.050000000000000044,0.002212976933530595,0.0,0.0,-0.1053901019769562,cyclical,2026-06-30,2026-06-30,False,False,False,False,False,True,False,False,False,False,False,,0.011181927120478184,Ridge,0.012265256743343445,0.0449123,0.01412937867822393,0.01073171195186584,0.014293657873693591,0.011181927120478184,0.016252320350255124,0.01741911874446821,152,104
ERIE,mixed,Financial Services,222.11000061035156,222.11000061035156,2026-07-30,2026-07-30,210.7720588235294,14.034280019953762,5.846345417220306,-0.8052091910008404,128.11475108818806,10.890440000000018,0.07307914617369501,0.1458580170921121,0.1658307041954417,3.023167655271192,8.228667685998893,0.6606562912829659,0.8206601887419341,0.1814291017114237,0.3064113290465941,0.44177672138935253,0.0,1.268178390777369,1.2931120503433302,0.16085392924856115,4.048106387113168,0.0,0.0,0.00476193932003,0.0769792567346356,43.33715370427088,,-0.1673477015544459,-0.3824960365582819,7.28,0.045321976301392015,0.0,0.0,-0.07172369241487542,cyclical,2026-06-30,2026-06-30,False,False,False,False,False,True,False,False,False,False,False,,0.011153187279794077,Ridge,-0.004342530270793846,-0.043118518,-0.0062101446778688625,-0.008608987768356767,0.0048623156257676095,0.011153187279794077,0.005208551260860018,-0.005413985379279872,153,176
AME,mixed,Industrials,249.08999633789062,249.08999633789062,2026-08-04,2026-08-04,117.99425287356324,23.58686485712913,4.43485482725873,3.661400356834576,98.54123870687278,0.5,0.03613396356889848,0.3692690527849611,0.2617195944052585,2.29655908358378,1.9946469793980572,0.2482555860446883,0.9024464967891228,0.2055276014228466,0.32142466097485384,0.4736757180663513,0.0484397192599975,1.062295268809942,1.7855130680442473,0.12319568286598268,0.7715147171247974,22.849847094801223,0.3421568110141939,0.0015057134511703,0.0732889886420739,46.1416968018372,,0.03159942159318563,0.4127154964717028,-1.24,-0.0013680615918301164,0.0,0.0,-0.07157945252474007,cyclical,2026-06-30,2026-06-30,False,False,False,False,False,False,False,True,False,False,False,,0.011028020788119913,Ridge,0.02454734989021168,0.01947268,0.027782768049794446,0.02457276026542654,0.02402928720491759,0.011028020788119913,0.02529876083904519,0.02236802152913858,154,75
COF,mixed,Financial Services,194.47999572753906,194.47999572753906,2026-07-28,2026-07-28,56.101851851851855,6.645572899234241,1.1533943458667792,-1.454599457543918,33.64202267818575,4.73,0.026539418066137636,0.5758912723768954,0.1064455601196815,14.627581371698614,114.1261327908267,2.0972813020159053,1.1448090920699785,0.0163930651326559,0.8311263143054308,4.921585686290018,0.3890142224845123,0.1462397059254514,5.646907216494846,0.02352207884719553,9.908767772511847,0.111052325273795,0.1863117870722433,0.0090580227174294,0.0067303693060589,188.93876869410323,,0.0008233621219588816,0.015773507403839204,0.41000000000000014,0.007765653807582536,0.0,0.0,-0.0031200147290009195,cyclical,2026-06-30,2026-06-30,False,False,False,False,False,True,False,False,False,False,False,,0.010773333713701407,Ridge,0.01631761294260614,-0.00527774,0.006576091411515904,-0.001981252840504646,0.017044349915700127,0.010773333713701407,0.01911075104641409,0.009141360773799153,155,137
CINF,mixed,Financial Services,162.14999389648438,162.14999389648438,2026-07-27,2026-07-27,38.978520286396176,8.351054530307941,1.61919447086921,-0.2287931704828224,28.17653991731844,8.05,0.07528042708895687,0.5228525121555916,0.2722852512155591,5.939945691019493,124.89734258747713,0.0633932304271023,0.989440337909187,0.0508620226650196,0.6143739446230714,1.5931857716993583,0.0316345106527604,1.2863741339491916,0.7383915749162279,0.09886424093821564,0.0,24.207492795389047,12.244556113902847,0.0051624416157265,0.0286158383484117,100.8649689325626,,-0.0460642787593577,0.06959098876308967,3.8600000000000003,0.03279409687715377,0.0,0.0,-0.06346202595013012,cyclical,2026-06-30,2026-06-30,False,False,False,False,False,True,False,False,False,False,False,,0.010510640061360172,Ridge,0.020368765457472557,0.016829401,0.004306156788796479,0.004083276166507392,0.01780017296736223,0.010510640061360172,0.021332318019506726,0.01362895418918525,156,118
FDX,mixed,Industrials,287.07000732421875,287.07000732421875,2026-07-20,2026-07-20,81.88045977011495,3.918375,3.155314722855993,2.083226968344157,52.05487804878049,2.43,0.14007646854362182,0.2597916666666666,0.0561666666666666,4.271604938271605,32.95473251028807,3.9300411522633754,0.520822880080281,0.1152889454503384,0.6853894630171112,2.178533082807677,0.2685318105932519,1.473766414068375,2.032692470568307,0.17510132710714899,4.276600866634569,0.0,0.9302229562345168,0.0036260779872608,0.0333903186557624,122.65020576131688,,-0.1453842741564466,0.2805335325373304,-1.9199999999999995,0.10464498283700532,0.0,0.0,-0.2155176572907792,cyclical,2026-05-31,2026-05-31,False,False,False,False,False,False,False,True,False,False,False,,0.010435153263269891,Ridge,0.009889485516107447,0.016001366,0.01966405647865932,0.00964395199787317,0.017769933031518817,0.010435153263269891,0.016232345877589358,0.014211485220213118,157,116
LVS,mixed,Consumer Cyclical,36.689998626708984,36.689998626708984,2026-07-24,2026-07-24,110.3220338983051,12.040490545354892,27.63254716981132,-8.481268196202523,50.56901978417266,0.53,0.5955249569707401,0.2044395724856125,0.2397917237599342,1.3777777777777778,5.6903703703703705,0.4059259259259259,0.7724252491694352,0.2851729038370441,0.9549449997488573,32.72289156626506,0.3603443664897037,1.1444812884888678,4.917789757412399,0.15842081470691646,15.251229983516517,4.5811518324607325,0.7535474234503361,0.0151129774727869,0.0382767937556289,2.345132743362832,,-0.29651158279188033,-0.1075164527679644,-0.05999999999999994,0.34709728401476536,0.0,0.0,-0.26656497501143467,cyclical,2026-06-30,2026-06-30,False,False,True,False,False,False,False,False,False,False,False,,0.010410104606412611,Ridge,-0.012003014363161257,0.026450133,0.030421197907199098,0.012701759347196973,-0.010808031558841198,0.010410104606412611,-0.003413193773839227,0.0073938119213464455,158,142
UNP,mixed,Industrials,272.4200134277344,272.4200134277344,2026-07-23,2026-07-23,74.14102564102564,22.52376335250616,7.4217306546813235,5.599464853896112,49.92436699434018,3.36,0.09640594011512602,0.4488085456039441,0.3922760887428101,2.069198312236287,2.573839662447257,1.6860759493670887,0.5510112359550562,0.4437574790586358,0.7096937270927245,2.4446379335364967,0.2321222322666976,0.9084563222975668,3.271505376344086,0.07816208170086082,4.1716417910447765,7.344615384615385,1.5159891598915989,0.0059683153955541,0.0482520349007436,31.11541701769166,,0.020414329054704083,0.24455211945604827,0.23999999999999977,-0.003664455726104285,0.0,0.0,-0.04072370080930798,cyclical,2026-06-30,2026-06-30,False,False,False,False,False,False,False,True,False,False,False,,0.010244320710878569,Ridge,0.018052730058215442,0.015457499,0.00907079447818996,0.003245171467072427,0.026694805199678037,0.010244320710878569,0.023022947821173242,0.015169640728289026,159,114
MRSH,mixed,Financial Services,171.85000610351562,171.85000610351562,2026-07-21,2026-07-21,109.77514792899407,13.699505686125852,5.983327152317881,2.459864670058039,72.49849833887043,2.63,-0.32271221004333417,0.4028809704321455,0.1848369977255496,4.2217659137577,5.517453798767967,0.2156057494866529,0.951411383618695,0.1026115859449192,0.7391415431783341,2.873841059602649,0.2167944832129546,1.1016144349477683,0.8598435462842242,0.12405750477530914,1.0783132530120485,5.187234042553191,0.8541944074567244,0.0049143181981187,0.0241732918539002,30.816326530612244,,-0.07820626453083934,0.08978806040482157,0.94,-0.3770830709704865,0.0,0.0,-0.10065327963204473,cyclical,2026-06-30,2026-06-30,False,False,False,False,False,True,False,False,False,False,False,,0.009281199608302426,Ridge,0.021143296234960796,0.016846947,0.00973010759292808,0.028533939597693018,0.014537241589203578,0.009281199608302426,0.020746251248751412,0.01722492178926855,160,105
LUV,mixed,Industrials,41.84000015258789,41.84000015258789,2026-07-23,2026-07-23,65.6031746031746,2.8656651437785543,2.6721313118656806,0.0311441672994917,29.760543881334986,0.47,0.03290031064670997,0.2030368180596614,0.0525396398817522,-1.0930232558139534,6.261627906976744,1.6647286821705427,-1.911864406779661,0.0270121783719439,0.7253707718247824,2.641273023430648,0.2298103560489686,0.5168940573207582,6.476936466492602,0.0668282318571144,15.246786632390746,12.612903225806452,2.0422535211267605,0.0043551899346721,0.0329222011385199,15.318618042226488,,-0.13320902936424517,0.2636665706006611,-0.16000000000000003,-0.007570808260695026,0.0,0.0,-0.19912567201441045,cyclical,2026-06-30,2026-06-30,False,False,False,False,False,False,False,True,False,False,False,,0.008693130904822075,Ridge,0.009535298944832604,0.03173682,-0.014189849715239405,0.020529293304694624,0.0038456956640888548,0.008693130904822075,0.011765833595731568,0.01008583089324993,161,134
LULU,mixed,Consumer Cyclical,95.86000061035156,95.86000061035156,2026-09-03,2026-09-03,30.80482897384306,5.852315872248991,4.294196806023572,0.0987745060568977,22.19559105271495,2.92,0.06871447373858683,0.5487495746128394,0.2206885243109964,8.065749993696473,15.188996562476362,1.5397416394214205,0.8397019436139337,0.6054791719203962,0.43530791985175926,0.7708766160444184,0.0140199161280449,2.258327205453848,19.09607829767593,0.2847084439556098,4.957178332091207,0.0,2.4543792932606685,0.0,0.2064137402382841,41.67232169852521,,-0.29651158279188033,-0.4637989252113081,-2.05,-0.04956241547992887,0.0,0.0,-0.1805618514890533,cyclical,2026-08-02,2026-08-02,False,False,True,False,False,False,False,False,False,False,False,,0.008547386190428122,Ridge,-0.04774507046889719,0.026103655,-0.06278910419391953,-0.07692284906911476,0.007030894471547038,0.008547386190428122,-0.015069499009133014,-0.023041203171176423,162,193
ROST,mixed,Consumer Cyclical,234.10000610351562,234.10000610351562,2026-09-01,2026-09-01,107.24257425742574,9.090215744458964,9.748459205232274,0.8633246014189555,64.20294871559295,0.82,0.126245850624868,0.2801910145294469,0.1226910145294469,2.8799117199339,14.369367987031566,0.6283606955842089,0.8208917036189132,0.2323754241606901,0.6020613764320536,1.512950341522338,0.0372270246378292,1.5827246964065975,36.59930171372469,0.3919895033749878,2.001445398501017,0.0,0.6082773025045658,0.0021700142842129,0.0834142160261177,19.16017433983882,,0.04883430695941038,0.5477686353951445,-1.2000000000000002,0.021862666812104012,0.0,0.0,-0.08810785188937575,cyclical,2026-08-01,2026-08-01,False,False,True,False,False,False,False,False,False,False,False,,0.007422367645427058,Ridge,0.019771549384126456,0.018494425,-0.0017346762450704068,-0.00913272218562478,0.016382770100882137,0.007422367645427058,0.0207597744153717,0.01029860623733529,163,133
STT,mixed,Financial Services,174.6199951171875,174.6199951171875,2026-07-30,2026-07-30,52.65714285714285,6.563409699624531,1.3185284454581372,-0.9149483528279788,56.02991917870036,3.65,0.03834724777133154,0.6504559270516718,0.1641337386018237,4.189144072115131,176.79101723804672,0.9383401570929027,0.8169979437971213,0.0052291657706478,0.9324347902987946,13.800516485071459,0.8085994809503961,0.1960489154588333,0.15457502312928828,0.00969899920154235,0.0,0.4714946070878274,0.1417763655621122,0.008063384643106,0.0027705008190274,96.3293070697774,,0.34883357884433397,0.8146107774829834,1.1999999999999997,0.01151631497437744,0.0,0.0,0.14518088447358812,cyclical,2026-06-30,2026-06-30,False,False,False,False,False,True,False,False,False,False,False,,0.007243832696183915,Ridge,0.00286807320551443,-0.04041338,0.0034800871722510656,-0.03236263543019441,0.012433993625345021,0.007243832696183915,0.011307594303185625,-0.004581805224882189,164,173
IVZ,mixed,Financial Services,30.420000076293945,30.420000076293945,2026-08-04,2026-08-04,-9.988593155893536,7.005333333333334,0.9690968849644346,0.0056698780853488,86.42101987899741,0.76,0.013718839952212574,0.6695626477541371,-0.34526752748315304,1.130540780141844,4.387854609929078,0.052304964539007,1.119131197893813,1.3113556008644347,0.509694937957493,1.1227559553877116,0.8254855469794037,14.923628817186406,1.9125127161749744,0.19342920893528578,0.0,-13.650862068965514,6.483258928571429,0.0117269652031414,0.0527003144274652,26.952401939180252,,0.1641791073973955,1.0930483982474672,3.3899999999999997,0.10047380683962977,0.0,0.0,-0.10908299216447132,cyclical,2026-06-30,2026-06-30,False,False,False,False,False,True,False,False,False,False,False,,0.007209840852671779,Ridge,0.08874817139263974,-0.056690946,0.02194423403881457,0.0036602446641984935,0.023258968282457642,0.007209840852671779,0.0564702581158799,0.02144887772876857,165,80
URI,mixed,Industrials,1034.1099853515625,1034.1099853515625,2026-04-22,2026-04-22,78.80428432327167,12.193652091254751,5.721553077609278,-3.253213640076107,36.15944575725027,8.43,0.05921052631578947,0.3524239543726236,0.25,9.100946372239749,7.239747634069401,6.505508236846493,0.4593949044585987,0.3288819062581827,0.6999464668094219,2.3327386262265835,0.2992152464794606,0.9447499345378372,1.6764940239043824,0.1333311027837259,3.51159793814433,5.748633879781421,0.9323863636363636,0.0022217506740479,0.0697674418604651,141.0062893081761,,0.2602183642686422,0.49621642964850254,-1.8399999999999999,-0.013603925066904533,0.0,0.0,0.13616425685651656,cyclical,2026-03-31,2026-03-31,False,False,False,False,False,False,False,True,False,False,False,,0.007082905296504311,Ridge,0.01984435058541837,-0.0042149858,0.03805504500640456,0.000817248587019899,0.011564360571187931,0.007082905296504311,0.019295121082624336,0.013330853288147027,166,120
PFG,mixed,Financial Services,112.23999786376953,112.23999786376953,2026-04-29,2026-04-29,38.02155172413793,4.286550754910744,1.650826482888614,0.0657828855341738,30.508428005034613,1.93,0.03593645527409376,0.4693337994624948,0.1388773570476544,7.685563209294797,19.923202820093163,0.1546734770957357,0.9802718357515628,0.925481662332148,0.9627513303847709,27.109908339187324,0.2091266330877539,2.3517859986200307,1.1751701116959816,0.01060731069161974,0.0,0.0,1.1860885275519422,0.0087877328452796,0.0015714992650125,53.43480215827338,,0.17124071651643047,0.4582304516534952,-0.3899999999999999,-0.007567781550517641,0.0,0.0,0.05668310360305667,cyclical,2026-03-31,2026-03-31,False,False,False,False,False,True,False,False,False,False,False,,0.006736990502744608,Ridge,0.023908027987062788,0.048755296,0.025503075825566785,0.03101199709415813,0.02211107017509488,0.006736990502744608,0.024611972093248183,0.025790388238459798,167,51
NTRS,mixed,Financial Services,169.1999969482422,169.1999969482422,2026-07-30,2026-07-30,55.97950819672131,7.099303201130789,1.976786044034913,2.25760616661557,-20.590143618513324,2.71,0.059112344794651384,0.5884260414068346,0.1734430863889581,0.8451890877290276,340.11048781008043,1.2259241089520725,0.4080844490216272,0.002493887279377,0.9252548282962589,12.3787905921681,0.6413235464475117,0.4095368715198586,1.670777022829494,0.04510053698551902,0.0,0.4214141414141414,0.0526126101149839,0.0060238151402739,0.0046724588670124,68.71228431133406,,0.1650485226760463,0.5915717895611154,0.27,0.023149727395227186,0.0,0.0,0.017155575285767444,cyclical,2026-06-30,2026-06-30,False,False,False,False,False,True,False,False,False,False,False,,0.006608438020413165,Ridge,0.019906297708530734,0.0013745612,0.011135093805177472,0.003303726274608198,0.017769063782460005,0.006608438020413165,0.021305373613952648,0.011756889942232241,168,128
CBOE,mixed,Financial Services,277.19000244140625,277.19000244140625,2026-07-31,2026-07-31,84.22818791946308,21.82699335548173,5.11447365860304,4.994679824561388,55.961530102151706,3.35,0.0627644068399161,0.5313953488372093,0.3561461794019933,3.4173829990448903,21.514804202483287,0.1910219675262655,0.9470619375330864,0.1599288828683909,0.4697293883668103,0.8858295709054712,0.0595060065373653,1.8716505100960927,3.076136944302504,0.21010811269358015,0.8213713786577377,0.0,0.0,0.002884355605277,0.0827453803695704,48.93619047619048,,-0.06823757961139454,0.19943748351971546,0.3700000000000001,0.001752009743600201,0.0,0.0,-0.1180969504913234,cyclical,2026-06-30,2026-06-30,False,False,False,False,False,True,False,False,False,False,False,,0.005654895475636378,Ridge,0.018430162311775647,0.021098917,-0.004958649114372792,-0.00829430557365142,0.011608576481284376,0.005654895475636378,0.01869755159520163,0.008861595722497919,169,138
MTB,mixed,Financial Services,217.35000610351562,217.35000610351562,2026-08-04,2026-08-04,43.42241379310345,9.871371449144917,1.1276444130650851,-2.5028422900432927,28.004408898043256,5.32,0.029270736420239033,0.7050705070507051,0.2913291329132913,2.859802324584502,339.3672916998371,0.3429313280015676,0.892925430210325,0.0030157650125128,0.8725445929736706,6.845881342589279,0.3969450303203148,0.3195557657044666,1.670777022829494,0.04397954948668482,0.0,1.1317016317016315,0.252411040904556,0.0079632157690599,0.0041175481329984,186.37138860322065,,-0.009794960804029085,0.20723176018393485,0.6800000000000006,0.0032570955387228318,0.0,0.0,-0.0616029008500128,cyclical,2026-06-30,2026-06-30,False,False,False,False,False,True,False,False,False,False,False,,0.005041412956528837,Ridge,0.01825838452881923,-0.008437864,0.030580807565960166,0.007281547374168249,0.015908150586949228,0.005041412956528837,0.02000133880852934,0.01282408259337502,170,123
JBHT,mixed,Industrials,227.1999969482422,227.1999969482422,2026-07-24,2026-07-24,102.2842105263158,5.993762792148616,5.206170876711214,2.786833869325402,47.99994996029714,1.91,0.04950186143996019,0.1099157599270948,0.0795888815762704,2.631003612376315,0.1809748180723522,1.4064603947437306,0.6516475707861555,0.1992401346944702,0.5490486958855239,1.1927626011213757,0.0926969857619282,0.8288918295103245,2.276699864278477,0.2504991328895534,4.204150676322902,18.666742407028707,0.4676296105236007,0.0022570044763535,0.0787262291693161,37.328778597979166,,-0.020985060765104535,0.6626417632509489,0.010000000000000009,-0.0012879514256517108,0.0,0.0,-0.18664550157784177,cyclical,2026-06-30,2026-06-30,False,False,False,False,False,False,False,True,False,False,False,,0.004949400702825683,Ridge,0.014174881575951134,-0.004860272,0.027022468329232545,0.010164425886306101,0.01612850971475244,0.004949400702825683,0.018090483897959968,0.012361091284258486,171,125
CVNA,mixed,Consumer Cyclical,63.040000915527344,63.040000915527344,2026-07-29,2026-07-29,44.4699683877766,10.676586289487776,17.38474657948271,0.0224099033414407,-55.1495695265069,8.45,0.07696127110228401,0.1875780831697305,0.0756737462073889,2.6737402027527533,16.416341561492498,0.359790897995753,0.8813953488372093,0.2830809743252139,0.6469213853765805,2.337140019860973,0.0067687479935454,4.311389071757735,22.86938775510204,0.5068719076415613,0.0,4.326530612244898,3.44,0.0,0.1029117581684818,15.257934924308936,,-0.29651158279188033,0.08978806040482157,-1.040000000000001,-0.17209423601773918,0.0,0.0,-0.26656497501143467,cyclical,2026-06-30,2026-06-30,False,False,True,False,False,False,False,False,False,False,False,,0.00489232608457011,Ridge,-0.04319027976380402,-0.021139104,-0.03296031533117332,-0.046145583218705793,-0.009204902282470999,0.00489232608457011,-0.017776005966631456,-0.023463255101181846,172,194
GS,mixed,Financial Services,896.6699829101562,896.6699829101562,2026-08-03,2026-08-03,47.68827508455468,14.919124746038197,91.74316280521498,0.4594137459205293,36.4158415308292,10.890440000000018,0.05399944599240684,0.9817147501015848,0.376502002670227,0.0,0.5892034233048058,0.0,0.0,0.0,0.9423126543031455,16.334824265532582,0.0003151606734636,2.2098765432098766,1.670777022829494,0.8347132593651676,0.0,0.3796979276431331,0.3611839422012469,0.0053192118110143,0.31358596093688235,188.93876869410323,,-0.012695460349971155,0.22688647863468048,3.240000000000002,0.00822708826882964,0.0,0.0,-0.06941708000864127,cyclical,2026-06-30,2026-06-30,False,False,False,False,False,True,False,False,False,False,False,,0.00487941689207589,Ridge,0.00949449768994175,-0.041255098,0.009159741357503224,-0.00528190723141953,0.012961348028998785,0.00487941689207589,0.014820995861273565,0.0011308362241228337,173,161
RL,mixed,Consumer Cyclical,362.6600036621094,362.6600036621094,2026-08-06,2026-08-06,59.73141891891892,9.094148379052369,7.575308475280432,0.2041021699194058,44.44955476900149,4.28,0.09634038800705468,0.6989609305901912,0.2091022443890274,11.522094926350244,36.87234042553192,1.237315875613748,0.9030271934325296,0.3906594507917418,0.644644069567034,1.8140799529688418,0.1206689731016916,2.09926839045901,3.847137831787656,0.2558886509635974,1.332168475262093,37.82706766917293,1.6715384615384616,0.0025273621226843,0.0855362001055751,46.28846153846154,,0.02408720995710434,0.31431886225531613,-1.6399999999999997,-0.028850028832718214,0.0,0.0,-0.054492505606724695,cyclical,2026-06-27,2026-06-27,False,False,True,False,False,False,False,False,False,False,False,,0.004720559062284316,Ridge,0.019876362773770737,0.05157846,0.03377616831838537,0.03399173979157004,0.015195914930284675,0.004720559062284316,0.020580588812773325,0.025291123042193168,174,55
ABNB,mixed,Consumer Cyclical,160.47000122070312,160.47000122070312,2026-08-06,2026-08-06,242.35714285714283,29.94829373650108,10.147135016465423,-0.8120556056846381,392.80539677707253,0.56,0.10462879856391845,0.8246940244780417,0.0968322534197264,0.8694942903752039,17.9673735725938,0.0114192495921696,1.0133079847908746,0.0385376218037951,0.7287681713848508,2.68688293370945,0.0240274935105333,1.3771704886804894,0.3888033589923023,0.12547819433817903,2.0991379310344827,0.0,-0.008504252126063,0.0,0.0195588550217717,13.16051364365971,,0.20418731217697084,0.23800340395543218,0.0,0.06303836070564314,0.0,0.0,0.1446864611881128,cyclical,2026-06-30,2026-06-30,False,False,True,False,False,False,False,False,False,False,False,,0.004525275898722314,Ridge,0.005101617849592969,-0.032657802,-0.010234769771948574,-0.045697087490582454,-0.0008140225424793765,0.004525275898722314,0.008364124733233665,-0.009802655537598697,175,185
ULTA,mixed,Consumer Cyclical,537.72998046875,537.72998046875,2026-08-27,2026-08-27,65.01368159203982,7.446441496823922,10.354708222116242,0.3645465166897035,54.75241444806061,6.55,0.1066692992997423,0.380581480268246,0.1232576972732899,14.627581371698614,11.021876811917398,6.218299808215512,0.7649365177447677,0.5332979370978024,0.6203676074641546,1.6341271705511244,0.0127100159635579,1.4135173458038377,13.160490451257017,0.4359129517012615,3.520575546700841,183.1185213414634,1.201070019538083,0.0,0.1044996202193456,62.31137338578827,,0.0020311204322265297,0.00978363341987154,-1.4899999999999993,-0.020558535251316304,0.0,0.0,-0.00041478792274135534,cyclical,2026-08-01,2026-08-01,False,False,True,False,False,False,False,False,False,False,False,,0.00413180473093484,Ridge,0.017893826955225983,0.076145165,0.04869890697818406,0.034744300059369404,0.02180633745416338,0.00413180473093484,0.021730834299320368,0.0315736161858864,176,20
GM,mixed,Consumer Cyclical,79.30999755859375,79.30999755859375,2026-07-21,2026-07-21,-22.588888888888885,1.6510441655257695,1.2233378504229453,0.0155667821019166,215.5751593442623,1.41,0.021048387096774195,0.019323034352334116,-0.0805326149361833,6.173296035430107,30.0931867519936,1.217039863221686,0.8353200883002208,0.0727968117246255,0.7749149401220901,3.5338870967741935,1.7423889015002636,1.165252512266718,3.469128236555845,0.1698580331185321,1.9401730841590368,-13.650862068965514,0.0514022603599832,0.0018456801155003,0.0054604222543153,66.47386899038985,,0.01993309617533101,0.6630320310042725,5.01,0.0752050323298441,0.0,0.0,-0.14582491157573713,cyclical,2026-06-30,2026-06-30,False,False,True,False,False,False,False,False,False,False,False,,0.004017082834716301,Ridge,0.07633986218057646,0.0016047115,0.040529698629135635,0.021693137299654098,0.053592427148643706,0.004017082834716301,0.06016494334359226,0.037170042571715536,177,16
DECK,mixed,Consumer Cyclical,79.56999969482422,79.56999969482422,2026-07-30,2026-07-30,31.038922155688624,7.781225108541344,5.83728604911219,0.0947659788882167,22.898298160940225,0.94,0.056468269726226296,0.5983809345257769,0.3138445065742926,6.94404780540261,14.202410688155505,0.1469961682173022,0.9792701654701116,0.9064216320426502,0.3638813792767207,0.5720338430951456,0.0,2.855635294660109,5.561076563383323,0.2635386097526741,1.3136055819828671,328.5379679144385,204.70636025441297,0.0,0.2957152695525412,17.727028165378186,,-0.29651158279188033,-0.2422626445593351,-2.4,-0.12791704612912122,0.0,0.0,-0.23594592165204656,cyclical,2026-06-30,2026-06-30,False,False,True,False,False,False,False,False,False,False,False,,0.0036212299834573122,Ridge,-0.026253570491092296,0.0028249484,-0.04925112858667825,-0.08164989241517057,-0.03376708767200665,0.0036212299834573122,-0.01721332394534823,-0.028808707274574824,178,196
FITB,mixed,Financial Services,50.40999984741211,50.40999984741211,2026-08-04,2026-08-04,44.58095238095238,9.484542555657212,1.4315878770023938,0.6913433575923387,46.17962175438596,10.890440000000018,0.023229511049243083,0.7136322049405307,0.2781335773101555,1.134885849147481,33.6778128311338,0.2634018880647336,0.8116254036598493,0.0053137941290868,0.8851289226464122,7.70541151905342,0.4667230329611632,0.8208410552085478,0.15457502312928828,0.0152955554726275,0.0054650533410158,0.9712460063897764,0.3919571045576407,0.0095498960240761,0.003794406494612,32.46492207312827,,0.011436594049199611,0.32379201279968783,7.28,-0.01041990894707432,0.0,0.0,-0.06951140915072235,cyclical,2026-06-30,2026-06-30,False,False,False,False,False,True,False,False,False,False,False,,0.00331411458934755,Ridge,0.01832857498353539,0.040425837,0.03429643931324686,0.01441296256291139,0.015724258508135608,0.00331411458934755,0.02006945436588057,0.02066988039131565,179,86
CFG,mixed,Financial Services,63.70000076293945,63.70000076293945,2026-08-03,2026-08-03,51.690265486725664,11.681067173073714,0.957406311217844,1.8065358229071464,35.08280929441654,1.3,0.022419126914410115,1.0,0.3138618451553083,-0.5795548551359521,114.48526608355596,0.2132761866900303,1.5822784810126582,-0.0008616411537265,0.8880283617578132,7.930832983233396,0.4477683873065441,1.0434147166127687,0.15457502312928828,0.009763252878085495,0.0,0.7447744774477447,0.546018614270941,0.0092474768872916,0.002639551276283,60.43322842426161,,0.042723862546070634,0.5901148468032813,0.17000000000000015,0.0023560498159567143,0.0,0.0,-0.10480484915474969,cyclical,2026-06-30,2026-06-30,False,False,False,False,False,True,False,False,False,False,False,,0.001997594029683719,Ridge,0.01629704499540569,0.026395025,0.022123405320592544,0.032726486628746033,0.013859004964019794,0.001997594029683719,0.01856422580091309,0.018669324390352873,180,99
GD,mixed,Industrials,332.7200012207031,332.7200012207031,2026-04-29,2026-04-29,79.5886524822695,6.319252660129355,3.5463482163765514,2.7001407665852097,64.64203418803419,10.890440000000018,0.04313815713792707,0.148897698031852,0.1009805967035259,3.52723230826232,8.643942200815117,2.2563912560207484,0.6098654708520179,0.0929387949511788,0.5524463309402784,1.23436890172508,0.0881862223604206,1.4436770659680875,1.3331170035230857,0.8347132593651676,4.569828230022405,23.047619047619047,1.1833489242282509,0.0044571845820504,0.0363929553862206,93.5450894487039,,-0.08788858703683544,0.20677523927569963,7.28,-0.001471943556788334,0.0,0.0,-0.13958239685576035,cyclical,2026-04-05,2026-04-05,False,False,False,False,False,False,False,True,False,False,False,,0.0017573421865887603,Ridge,0.016421085901843477,0.021004923,0.00877913901740772,0.014468074271953643,0.0207072534379239,0.0017573421865887603,0.020794958121167315,0.014778521206242191,181,115
NSC,mixed,Industrials,310.260009765625,310.260009765625,2026-07-23,2026-07-23,100.5993031358885,21.823892400807,4.174712549044832,-2.745468100235595,61.28046915460777,1.04,0.04516089337353104,0.7051109616677875,0.3150638870208473,11.290035587188612,6.806049822064057,6.505508236846493,2.38758231420508,0.2815894039735099,0.6397987677851159,1.776225927521073,0.2632647079414946,0.8471523178807947,3.0101214574898787,0.060214529497805945,0.4707461084272678,4.805128205128205,1.486284289276808,0.00466841496496,0.0335814611472262,69.15925266903915,,-0.022710776559596302,0.26502491138230866,-1.83,0.003738110843139339,0.0,0.0,-0.08896700440517347,cyclical,2026-06-30,2026-06-30,False,False,False,False,False,False,False,True,False,False,False,,0.0013209151490597218,Ridge,0.028529117117765453,0.02097189,0.009303905498250506,0.027624813019458152,0.036787868741826865,0.0013209151490597218,0.031770898599435875,0.022327283194612347,182,76
NOC,mixed,Industrials,482.0,482.0,2026-07-21,2026-07-21,57.07807807807808,6.9572241290983605,4.886830334652753,0.4772891892462143,41.71521283929341,7.68,0.06117199731603668,0.1960382513661202,0.0887978142076502,14.627581371698614,30.81175647305808,4.63261021693492,0.8301257377469848,0.2807232387264083,0.6476961566495282,1.8384589577275776,0.2194813399686798,1.0875954473418816,1.3244374081194166,0.21425053680830528,2.906172839506173,5.942857142857143,1.9307692307692308,0.0040376515796072,0.0528196409532317,116.68299510146956,,-0.29651158279188033,-0.0028548967685878557,-2.3100000000000005,-0.02441034645270502,0.0,0.0,-0.26656497501143467,cyclical,2026-06-30,2026-06-30,False,False,False,False,False,False,False,True,False,False,False,,0.00038011930878901687,Ridge,-0.11433174401021756,0.09953485,0.01996287010409456,-0.002623854810572219,0.01440090838943105,0.00038011930878901687,-0.04468364376319341,-0.004973198347666012,183,175
AZO,mixed,Consumer Cyclical,2819.030029296875,2819.030029296875,2026-06-12,2026-06-12,119.39837398373984,14.63184001864253,-21.49978106209841,-2.9611752404082834,87.41839694835241,10.890440000000018,-0.23037494002625916,0.5248728503651531,0.1634160002882479,2.1393826567379293,18.855272639923133,6.505508236846493,0.095399660979731,0.0377716421326838,1.142317512529604,-8.026542146680555,0.1476890704351518,0.8933477004126136,6.120052808229378,0.23144209420110848,0.2457682748658328,6.515143883214402,1.6769916574990833,0.0,0.0267482004928607,-26.50744895274255,,-0.0668398765217163,-0.3255650863916143,7.28,-0.06918653393021176,0.0,0.0,0.014551395076187273,cyclical,2026-05-09,2026-05-09,False,False,True,False,False,False,False,False,False,False,False,,0.000314206223395435,Ridge,0.023299068588392986,0.06427314,0.029278011734642652,0.043251372885462935,0.020475927576933856,0.000314206223395435,0.024142587548545744,0.028801505529054493,184,32
HAS,mixed,Consumer Cyclical,89.9800033569336,89.9800033569336,2026-07-30,2026-07-30,57.34265734265735,8.04869977176845,21.611169916434537,-1.041582605460663,40.23163610719323,1.12,0.05371336624904441,0.689535929179058,0.2230444705719621,2.772241992882562,6.277580071174377,0.097508896797153,0.9660218253968254,0.2154882154882154,0.8790333267077454,1.77160636014328,0.283176578706204,1.380845491956603,1.364314021513493,0.2137580335254754,1.33840190816935,7.982673267326732,0.5047535211267605,0.0084467478946502,0.0490925498846886,3.776297335203366,,-0.09156988029345181,0.37269265227968873,-0.30999999999999983,-0.3206598928038804,0.0,0.0,-0.184743043363374,cyclical,2026-06-28,2026-06-28,False,False,True,False,False,False,False,False,False,False,False,,-0.00027053977419442404,Ridge,0.02336517819982723,0.04135151,0.02117473974084598,0.043881619507607106,0.01886192762251502,-0.00027053977419442404,0.023697333047220857,0.02428301828693724,185,61
PKG,mixed,Consumer Cyclical,229.7100067138672,229.7100067138672,2026-08-07,2026-08-07,182.50442477876103,7.85621475715011,4.03848394954328,-0.8324572149520738,57.448331282051285,2.15,0.04120637508312062,0.1893298358436283,0.1193941445253004,1.4171479342514437,6.67258996001777,3.542869835628609,0.2857142857142857,0.4399566545167964,0.5791150248064002,1.375946063505872,0.2191507961042836,3.165894985715693,1.840953345276112,0.226036040125278,4.551306413301663,8.349112426035504,2.6284032450331125,0.0060585011455575,0.0510068599247621,51.316964285714285,,-0.006487579629483209,0.19478834242102994,1.02,0.01921855429147212,0.0,0.0,-0.05518466523474069,cyclical,2026-06-30,2026-06-30,False,False,True,False,False,False,False,False,False,False,False,,-0.0013366236676518317,Ridge,0.01643620275114807,-0.013459865,-0.003520140746666098,-0.03606739767474449,0.013282556811782203,-0.0013366236676518317,0.018627712715305916,-0.0005924606692544834,186,164
CAT,mixed,Industrials,826.3499755859375,826.3499755859375,2026-08-05,2026-08-05,111.23689320388348,13.96769220718131,12.536066000562904,5.233486251521796,73.27982813261823,7.77,0.1126278262501172,0.2861548110594261,0.1390268123138033,6.745980707395498,21.39335476956056,0.9517684887459807,0.8763575605680869,0.0982274741506647,0.8109912385853093,3.624495731306877,0.1621365625039348,1.4356638765796816,0.8870601325977097,0.20020660955666658,1.522970561998216,5.564853556485356,0.2585417937766931,0.0026417819784855,0.0388134649979939,45.45415778251599,,0.09840224317569302,1.0930483982474672,2.619999999999999,0.0,0.0,0.0,-0.1748598563861738,cyclical,2026-06-30,2026-06-30,False,False,False,False,False,False,False,True,False,False,False,,-0.001625215600802591,Ridge,-0.0050258425081763005,-0.0584628,-0.008050383546986355,0.02899269322406018,-0.013095497693727857,-0.001625215600802591,-0.00010142197040350059,-0.007794618502282446,187,180
PH,mixed,Industrials,965.8800048828125,965.8800048828125,2026-08-21,2026-08-21,131.3841554559043,21.4388774642443,7.751013346376913,6.990228454437869,85.79312330719885,10.890440000000018,0.18464132692807064,0.3732122149207576,0.2114418245071511,6.085578446909667,3.38351822503962,0.7448494453248812,0.8909512761020881,0.1416365428853105,0.5008258574343363,1.0038950921838483,0.0889792388266957,1.1818928688793953,1.5964208577599506,0.12363497101402339,1.5788704965920155,10.320754716981131,0.4751203852327448,0.002055447462258,0.0665801988759187,111.71740827478531,,-0.04501635846707808,0.4627896484670795,7.28,0.12559583744445663,0.0,0.0,-0.16071377058384795,cyclical,2026-06-30,2026-06-30,False,False,False,False,False,False,False,True,False,False,False,,-0.0029811762209835564,Ridge,0.018748509585876864,0.002573843,0.014661818250819133,0.003642694741651996,0.011389540160925072,-0.0029811762209835564,0.01924293535124251,0.009656179375787052,188,136
CASY,mixed,Consumer Cyclical,619.5,619.5,2026-09-08,2026-09-08,207.3675213675214,5.735569318271192,5.828813799846113,-1.170867192146886,58.84677052619883,7.37,0.06686023860301868,0.2570270869316969,0.0788819171570314,2.046918407082404,12.556472452616577,4.961305098283865,0.2920737909564467,0.2355860741856866,0.5511681880020344,1.2280060665676091,0.1083287606086795,1.042033412151276,19.023185547529643,0.6225383480336002,4.82239905062924,0.0,3.7614903159036026,0.0009427348547688,0.0515941097973169,103.47415943331546,,0.0,0.0,3.8600000000000003,0.033105598322856776,0.0,0.0,0.0,cyclical,2026-07-31,2026-07-31,False,False,True,False,False,False,False,False,False,False,False,,-0.0030316888659860444,Ridge,0.01053906784620266,-0.0015147615,-0.06583757253192889,-0.028687567660335495,0.010313837913831479,-0.0030316888659860444,0.014915718649138774,-0.008840459060592522,189,182
CHRW,mixed,Industrials,153.13999938964844,153.13999938964844,2026-07-31,2026-07-31,141.01754385964912,4.925764229416807,10.442252825161042,-2.184923914210509,100.3391027966852,1.56,0.11475526666625709,0.0817947704794263,0.0463506170012324,2.5224256579221755,1.3418776327313675,0.0251324185677941,0.99013470240395,0.1667378208900792,0.7214531823874228,2.5900607609557103,0.0724021588948511,1.527837497584214,1.5543163824301724,0.11877184690150057,2.894280562904624,13.237445255474451,2.0552165812761998,0.0038563850114176,0.0506739742537041,15.170782028308864,,-0.18211920855774177,0.5932168059680445,0.42000000000000015,0.04089444712709278,0.0,0.0,-0.26656497501143467,cyclical,2026-06-30,2026-06-30,False,False,False,False,False,False,False,True,False,False,False,,-0.005099844441883886,Ridge,0.014576004477672993,0.030858247,0.05150002406503355,0.010222583092969856,0.02084801132111631,-0.005099844441883886,0.020307281538917366,0.020227691601712623,190,88
AMZN,mixed,Consumer Cyclical,248.22999572753906,248.22999572753906,2026-07-31,2026-07-31,116.57575757575758,11.583943557684195,6.013285928016251,0.0,54.283571382739815,5.75,0.11356912367209311,0.4846944035691188,0.117050790586074,1.394808105331964,11.48837426463722,3.69054066672892,0.2742797333774032,0.2498061971055709,0.4975013507863899,0.9900551007748166,0.0265582310211546,1.0508153482718283,3.150585421311402,0.18308662403291445,0.901976064113396,36.78497790868925,61.57437407952872,0.0,0.0999147371964509,37.84083586486238,,0.19117997853802526,0.20120975430698795,3.77,0.06201523316815821,0.0,0.0,0.14087753996127828,cyclical,2026-06-30,2026-06-30,False,False,True,False,False,False,False,False,False,False,False,,-0.005595307708828934,Ridge,0.00663911005675656,-0.06549627,-0.07128738844035108,-0.09010727464046481,0.010337699020114893,-0.005595307708828934,0.013163728319974328,-0.02809042498680372,191,195
RCL,mixed,Consumer Cyclical,269.989990234375,269.989990234375,2026-07-28,2026-07-28,100.33093525179858,17.74766846677624,7.530867789180035,-0.4820917265172678,69.91910983488873,4.2,0.11019929660023446,0.3672223526649448,0.2190655083352899,0.4280442804428044,3.468634686346864,5.560885608856089,0.0714725816389402,0.1346329323931978,0.7656795986022757,3.339488081281751,0.2915171486434497,0.1834093737038573,13.435331230283913,0.05224220499955201,2.82791185729276,3.49438202247191,0.3895957025728018,0.0038101628685869,0.0351564990119207,36.765567765567766,,-0.10254623642343097,0.030771542909842298,1.4200000000000004,0.03507724817939166,0.0,0.0,-0.11023912215089154,cyclical,2026-06-30,2026-06-30,False,False,True,False,False,False,False,False,False,False,False,,-0.008544872448707337,Ridge,0.01858317101414734,-0.0062632426,-0.021843107462398374,-0.030005595336806766,0.015070371439176696,-0.008544872448707337,0.02061837022441951,-0.0015656549013821938,192,168
CMI,mixed,Industrials,517.0,517.0,2026-08-04,2026-08-04,118.986013986014,8.26431466729147,5.712542716009393,2.814455817875209,66.44451358457493,6.73,0.0393087880439013,0.2285613870665417,0.0749765698219306,7.163531114327062,26.114327062228654,3.936324167872648,0.6453715775749674,0.1596253902185223,0.6097109177659276,1.690978438545964,0.1070534653527101,1.7611862643080125,1.467170849089034,0.8347132593651676,1.7328947368421053,7.804878048780488,1.152019002375297,0.0039266167773703,0.0418286047415468,88.84172661870504,,-0.10918896565983771,0.6296809986130374,2.4400000000000004,-0.008711294553879902,0.0,0.0,-0.26656497501143467,cyclical,2026-06-30,2026-06-30,False,False,False,False,False,False,False,True,False,False,False,,-0.010656667202186575,Ridge,0.012131213282978276,0.011239092,-0.01612828862145889,-0.0333450749072032,0.02422711497606409,-0.010656667202186575,0.020479139528489586,0.0011991803873274394,193,160
MCD,mixed,Consumer Cyclical,231.8300018310547,231.8300018310547,2026-08-07,2026-08-07,100.86798679867988,31.142558899985733,-79.28366670979464,-4.74672600478416,73.55975022420313,3.32,-0.9141149527266523,0.5752603795120559,0.4502782137252104,2.2935041186461325,1.0837437044152054,1.482796618831657,0.60734149054505,0.618436138500344,1.0300764513147946,-34.24860335195531,0.1831286901541747,0.9545975693648244,2.8434077079107505,0.11847463284379173,2.59094865100087,7.697560975609756,7.580487804878048,0.0060610726508886,0.04400946089226,-2.506300756090731,,-0.29651158279188033,-0.25857105721167106,0.29000000000000004,-0.8404039533076916,0.0,0.0,-0.23186881848896257,cyclical,2026-06-30,2026-06-30,False,False,True,False,False,False,False,False,False,False,False,,-0.018291355806356095,Ridge,-0.0005023066248556733,0.05424577,0.020949951126068754,-0.019102984551157602,-0.0031662064091790756,-0.018291355806356095,0.0061130596076996845,0.005222673917066347,194,154
GNRC,mixed,Industrials,207.91000366210938,207.91000366210938,2026-08-04,2026-08-04,-324.6904761904762,7.283434038711723,3.019993521931514,0.5937068632409149,213.6724349891271,2.4,0.04977858461653942,0.3628754452571864,-0.0085340960729415,2.229000691584938,5.856489529813671,1.0174877141480487,0.6865882150914884,0.1557243780783414,0.5013999114021792,1.0057453669226302,0.1676834222013432,2.0261538689393803,1.810906544955611,0.2033054921813376,1.5928792463288768,-0.5517057569296375,0.5079158026177893,0.0,0.0090979008278036,45.15572600062436,,-0.09753449230788536,0.7233919401700049,2.82,0.05907154752294272,0.0,0.0,-0.26656497501143467,cyclical,2026-06-30,2026-06-30,False,False,False,False,False,False,False,True,False,False,False,,-0.021547441080176248,Ridge,-0.003053968740900062,-0.030234972,-0.027223159036321488,-0.0569627991420553,0.02890619432936727,-0.021547441080176248,0.015150766592797042,-0.01317505761144306,195,189
TPR,mixed,Consumer Cyclical,119.23999786376953,119.23999786376953,2026-08-13,2026-08-13,46.46181818181818,10.709051310741687,48.6181603773585,0.1101769107429182,39.6285146738434,7.27,0.8851195766453365,0.7546355498721228,0.2862851662404092,5.275355218030377,5.280254777070064,0.0215580597746202,0.9959300712237537,0.6297914482115811,0.8965733670068892,8.66868949573761,0.1471696184053259,1.6257718746359082,4.394029850746269,0.2064049494149469,1.0874955720864328,41.172413793103445,1.848823866896156,0.003033771134246,0.1030803705809558,2.6272640610104863,,-0.2376934032491399,0.5178207467384104,4.52,0.8122082314004521,0.0,0.0,-0.26656497501143467,cyclical,2026-06-27,2026-06-27,False,False,True,False,False,False,False,False,False,False,False,,-0.023036123759139764,Ridge,0.016904404679993542,-0.022708347,-0.011736001079376862,-0.028907080593536753,0.0009098995904656391,-0.023036123759139764,0.016112031877341428,-0.007287002703110999,196,179
HII,mixed,Industrials,274.3299865722656,274.3299865722656,2026-07-30,2026-07-30,83.9679012345679,3.8448650747986193,2.634486694263749,2.1539103419811347,50.60048553054662,5.27,0.04100137985412971,0.1156501726121979,0.0451668584579977,13.129770992366412,19.69465648854962,3.409669211195929,0.7938461538461539,0.2134646962233169,0.5811386216685065,1.452789276562192,0.2187096489863522,1.1333333333333333,1.4598908021839565,0.26951584923513644,5.528776978417266,6.038461538461538,10.461538461538462,0.004040479317572,0.0320479416362688,128.75634517766497,,-0.29651158279188033,0.23128360220945066,1.2199999999999998,0.009658978907944107,0.0,0.0,-0.26656497501143467,cyclical,2026-06-30,2026-06-30,False,False,False,False,False,False,False,True,False,False,False,,-0.02750300508710745,Ridge,-0.06979572782582286,0.015484161,-0.01698938542257375,-0.05013189963927454,0.016043395975050657,-0.02750300508710745,-0.021031135662169874,-0.022240303870171424,197,192
DOW,mixed,Basic Materials,27.59000015258789,27.59000015258789,2026-04-24,2026-04-24,-10.874418604651163,1.775001691331924,1.0489452773613193,0.0010264790247055,-52.4533268921095,-0.74,-0.03495311167945439,0.0579281183932346,-0.1103594080338266,-2.014759120022278,5.31328320802005,3.451684767474241,-1.4021317829457365,0.1123815746488075,0.7006730670675458,2.5622188905547225,1.0145004179491597,1.966895350103452,1.425128050617656,0.16383405821344932,2.146952541556252,-4.767123287671233,-1.0357815442561205,0.022378346669402357,-0.0203579091086405,22.2890559732665,,-0.09836600808536311,0.014338240903966515,1.41,0.06143619366787191,0.0,0.0,-0.10195056831135474,real_assets,2026-03-31,2026-03-31,True,False,False,False,False,False,False,False,False,False,False,,0.05809178643967143,Stacking,0.12549161011008234,0.11719603,0.1332317662836546,0.1204365537043198,0.08138694017301713,0.0508254452356332,0.05809178643967144,0.09752229778191758,1,2
ALB,mixed,Basic Materials,105.02999877929688,105.02999877929688,2026-08-05,2026-08-05,-36.547803617571056,11.65775073510309,1.7462490358860696,-0.0803885732497301,86.45980402240014,3.52,0.04671056991860669,0.1419675063076362,0.0337898827126301,1.9804419673579663,13.74670563546614,1.3201672033372698,0.6000231669176416,0.21605978496633,0.402630087031369,0.6915449057074811,0.1918315764721875,2.2291662495467297,1.8672612657612129,0.10960720448384621,1.3412787114585305,0.8351737745776793,0.414347796409638,0.0053652083212154,-0.0379915816616738,80.99646562051299,,-0.29651158279188033,0.9065165870266267,7.28,0.0901557752579595,0.0,0.0,-0.26656497501143467,real_assets,2026-06-30,2026-06-30,True,False,False,False,False,False,False,False,False,False,False,,0.055197719944688105,Stacking,0.08891939553162721,0.110041596,0.017719997630132454,0.008419369390776166,0.0684505100956618,0.14488098592057536,0.055197719944688105,0.07088675540359782,2,5
ARE,mixed,Real Estate,47.029998779296875,47.029998779296875,2026-08-03,2026-08-03,-7.707086614173228,11.053721643553803,0.5390461943611115,-0.0053507903410256,-33.82248745509095,-0.43,-0.00467938230070562,0.691756780759636,-0.34526752748315304,1.8332687770696152,3.222308297240513,0.0,1.0,0.1431219646293411,0.4463145972771141,0.9937567088955261,1.4870407155925969,0.4305786676440942,2.3306682319503227,0.022135369178332,0.4554487053938658,-13.650862068965514,-1.4507311948619386,0.022378346669402357,-0.048993395475977634,90.78999260537344,,-0.10640321528981811,-0.3242816267342402,5.92,0.06525178155311008,0.0,0.0,-0.025332808606258056,real_assets,2026-06-30,2026-06-30,False,False,False,False,False,False,False,False,True,False,False,,0.05408442409162833,Stacking,0.13539003437388158,0.11457822,0.1396677234939573,0.11519795260160483,0.035642946497743355,0.11015396089009903,0.05408442409162833,0.09990465094554042,3,1
LYB,mixed,Basic Materials,57.779998779296875,57.779998779296875,2026-07-31,2026-07-31,-96.2222222222222,1.966238894373149,1.382920055544535,0.2972675646551724,76.68289855072464,1.71,0.3183394246087527,0.0648709631927795,-0.0056409533211112,9.114906832298136,10.711180124223604,4.434782608695652,1.94757796947578,0.2458802414749551,0.6998206040643473,2.360245982939893,1.0496607519400971,1.7732093326806984,2.5199004975124377,0.2661388550548112,2.461395694135115,-0.3738317757009345,0.2726568551510457,0.022378346669402357,0.0102958480416876,31.31055900621118,,-0.001727733598879233,0.061351924674813985,2.16,0.3322255583123829,0.0,0.0,-0.01706571476758273,real_assets,2026-06-30,2026-06-30,True,False,False,False,False,False,False,False,False,False,False,,0.053813201766346984,Stacking,0.07222226083259468,0.08585955,0.10564417271900779,0.0668948302477842,0.08777617010034446,0.11624013749291612,0.05381320176634698,0.08380509223465997,4,3
TPL,mixed,Energy,336.4599914550781,336.4599914550781,2026-08-05,2026-08-05,160.45810055865925,69.93691086052125,13.57427218650675,19.63339093318991,118.72933640118424,2.23,0.09204148773198724,1.0,0.6388028945699924,1.233066528362024,2.100226195386635,0.4155665820246895,0.7479326483214864,1.3113556008644347,0.17106630394355885,0.11186093262488953,0.0008167706587593,4.398104787615007,1.2830356872138504,0.13232720651108862,0.0,0.0,0.0,0.0018565815647977,0.31358596093688235,21.135158727771827,,-0.29651158279188033,-0.09077154045378166,0.43999999999999995,0.0074946317637864385,0.0,0.0,-0.26656497501143467,real_assets,2026-06-30,2026-06-30,False,False,False,False,True,False,False,False,False,False,False,,0.04784382464396403,Stacking,0.12493988691547234,0.07725733,0.07924448826616325,0.05965873925368466,0.06036612725552442,-0.0033072481800293495,0.04784382464396403,0.06374736979664312,5,7
DD,mixed,Basic Materials,129.1999969482422,129.1999969482422,2026-08-04,2026-08-04,-134.00000000000003,9.823236857649144,1.194822903944249,-9.569274999999982,123.8164935064935,1.05,0.010385648921490305,0.3112817483756645,0.1340815121086828,0.534203529127387,1.8298283780517284,0.3625815808556925,3.112676056338028,0.0308026030368763,0.3409144864916196,0.5214612535405622,0.192053991584259,2.418655097613883,1.0143798681845415,0.24937087507715683,1.1718592964824122,3.721311475409836,0.9256198347107438,0.0049306284627142,0.004416488222698,33.64515349286923,,0.43095567380159366,1.0930483982474672,1.35,0.019438023373677907,0.0,0.0,0.15769357423972685,real_assets,2026-06-30,2026-06-30,True,False,False,False,False,False,False,False,False,False,False,,0.04662174618627206,Stacking,0.08708281610358774,0.03589607,0.028697875882817494,-0.0022089022375605446,0.08368769066015494,0.010751981302102472,0.04662174618627206,0.04219810621284609,6,11
VLO,mixed,Energy,408.4599914550781,408.4599914550781,2026-07-30,2026-07-30,43.52673796791444,1.554534194768358,2.079046153846153,1.924733353174598,23.60374626228108,10.890440000000018,0.14879404823807046,0.1028049164828238,0.0496375669713205,5.966996699669967,15.471947194719473,0.8217821782178217,0.8789499270782694,0.1457934651640796,0.5005683731896261,1.0022760800842994,0.1726292169729289,3.366928910624424,1.670777022829494,0.6679437521050859,0.0,11.33093525179856,1.825367647058824,0.0069740987244495,0.0762016905673072,78.3003300330033,,0.43095567380159366,1.0930483982474672,7.28,0.10099636646778597,0.0,0.0,0.15769357423972685,real_assets,2026-06-30,2026-06-30,False,False,False,False,True,False,False,False,False,False,False,,0.03808121402835399,Stacking,0.06452668220901905,-0.017488673,0.012299967252911534,0.06513242774197556,0.05226482324504628,0.059110328332938805,0.038081214028353995,0.0393634289262427,7,14
APA,mixed,Energy,43.34000015258789,43.34000015258789,2026-08-06,2026-08-06,30.96202531645569,4.361275740833752,1.4251271951419662,0.2015917644183772,11.044510638297872,2.11,0.10639510041304658,0.3922651933701657,0.3214465092918132,0.6140845070422535,1.4535211267605634,1.6619718309859155,0.2698019801980198,0.3142746013224426,0.6313822507632383,1.9686525521089773,0.5257217877995692,0.8249708284714119,1.874764595103578,0.104800505316349,1.389207807118255,11.03448275862069,2.7635869565217392,0.0102495594992687,0.0756148395164652,17.16338028169014,,0.36762386092104404,1.0930483982474672,1.3199999999999998,0.06060484930521798,0.0,0.0,0.09436176135917723,real_assets,2026-06-30,2026-06-30,False,False,False,False,True,False,False,False,False,False,False,,0.035530802185330425,Stacking,0.06644591483895643,0.12782018,0.12285394647446121,0.09794519434498927,0.055072506504805094,0.01799212138821474,0.035530802185330425,0.07396451043513176,8,4
NEM,mixed,Basic Materials,114.66999816894531,114.66999816894531,2026-07-23,2026-07-23,83.20833333333333,16.806285192512554,3.2608173147902084,-0.7540228752023812,23.997466883569604,2.06,0.062480492580086824,0.587581798812966,0.5612539948257496,5.2875226039783,6.914104882459313,2.0135623869801087,1.6150234741784038,0.6339285714285714,0.38561093665966933,0.630678432596544,0.004292152514486,1.7221638655462186,9.691740412979351,0.11642754289481445,3.321078431372549,111.75757575757576,4.404339250493097,0.0024630073500848,0.0830191949391221,30.565884476534297,,-0.1092208640647454,1.0631521800817798,0.8600000000000001,0.02406551634953792,0.0,0.0,-0.26656497501143467,real_assets,2026-06-30,2026-06-30,True,False,False,False,False,False,False,False,False,False,False,,0.034235779541564516,Stacking,0.05303950877167954,-0.040175572,0.03258351453705943,0.0408987624235403,0.0550752349404028,0.03652530365672756,0.03423577954156452,0.030634219666148012,9,17
PSX,mixed,Energy,264.2300109863281,264.2300109863281,2026-08-05,2026-08-05,17.897364771151178,1.529291867705424,1.7880198975698622,0.0020784329056443,16.11375035597292,9.55,0.12210372627436043,0.0629134205497574,0.0440393943848302,5.134921934302767,2.7683926950154047,1.6917955358427474,0.7521802325581395,0.2065135824703587,0.6002566923359003,1.5586554941915824,0.4091208231347636,1.2960378208014407,3.4812199365469247,0.6234445666788901,3.594789669561295,5.077966101694916,2.125327739905611,0.0092658695964174,0.0860286839015631,71.80868131488401,,0.43095567380159366,1.0930483982474672,2.3400000000000007,0.022217155621626128,0.0,0.0,0.15769357423972685,real_assets,2026-06-30,2026-06-30,False,False,False,False,True,False,False,False,False,False,False,,0.03411997889786353,Stacking,0.07375250973824907,0.047602534,0.10976951391693676,0.06669023318796259,0.03779902856352637,0.03275113724818912,0.03411997889786352,0.05707701577444536,10,8
CRH,mixed,Basic Materials,81.69999694824219,81.69999694824219,2026-07-30,2026-07-30,40.78431372549019,3.6077774215637888,3.480819863356107,0.2732550874223561,23.359668808345376,2.21,0.061826503016434366,0.3487621458819474,0.1249997922001105,3.1277072442120986,6.117998506348021,1.226288274831964,0.7183533447684392,0.3329906328535527,0.5638919251263834,1.373705013521947,0.2112775511767296,1.7425177061914554,4.991016566753523,0.18405861456483127,5.430845521236064,5.581394949785124,2.1974866429194337,0.0029561862086133,0.1046573011476058,35.66186302183925,,-0.29651158279188033,0.08978806040482157,-0.8500000000000001,-0.023735328345005337,0.0,0.0,-0.26656497501143467,real_assets,2026-06-30,2026-06-30,True,False,False,False,False,False,False,False,False,False,False,,0.03297544866062164,Stacking,0.04688167690646186,0.013717802,0.06895274199153285,0.04464908538077157,0.059656041656324196,0.02473602985221029,0.03297544866062164,0.04163371731552292,11,12
CTVA,mixed,Basic Materials,12.569999694824219,12.569999694824219,2026-07-31,2026-07-31,-81.7439024390244,11.54031564346803,1.8688963786431407,-0.2744259583074689,-129.92329504411126,1.73,0.0461465082077984,0.3828644501278772,0.0572890025575447,6.169311591520589,6.729347823161153,0.3297826085522684,0.9492571428571428,0.3608247422680412,0.4308320690862411,0.764537773359841,0.0571775129641328,1.4296907216494843,0.6137184115523465,0.1531866865184189,0.5486584811277854,4.869565217391305,-0.1968085106382978,0.0026815810343643,-0.0133268324394604,35.86608694092779,,-0.29651158279188033,-0.4637989252113081,2.55,0.0690093312694286,0.0,0.0,-0.1805618514890533,real_assets,2026-06-30,2026-06-30,True,False,False,False,False,False,False,False,False,False,False,,0.032620306881486545,Stacking,0.06491606717921405,0.09636387,0.10840090674675981,0.12235058561912825,0.038426684400778593,0.035987520825566006,0.032620306881486545,0.0703581839326357,12,6
HAL,mixed,Energy,31.8799991607666,31.8799991607666,2026-07-24,2026-07-24,40.371428571428574,4.191292204348595,2.2665271006595926,0.0031430613596549,26.15811120917917,0.64,0.048501362397820165,0.1643980908608803,0.1318720169701255,0.9868891537544696,2.629320619785459,0.401668653158522,0.7107296137339055,0.2084824624194703,0.5720923029270559,1.3420526793823797,0.3018961507608137,2.039727988546886,1.1446782679077296,0.2297893758711476,1.5087775295244177,37.3,54.35,0.0060311748475546,0.0605997931747673,12.45357142857143,,-0.11370588933092574,0.59320335636015,-0.05999999999999994,-0.007803006209387536,0.0,0.0,-0.26200672842096323,real_assets,2026-06-30,2026-06-30,False,False,False,False,True,False,False,False,False,False,False,,0.032296943613265225,Stacking,0.06185990537289874,-0.0013004129,0.008264000364607962,0.03256714639733484,0.055355481288247625,-0.00765296691189808,0.032296943613265225,0.02632055467837038,13,24
BKR,mixed,Energy,55.619998931884766,55.619998931884766,2026-07-27,2026-07-27,51.16853932584269,6.091730300568643,2.388951895508124,0.2948585996955859,52.86301310043668,2.98,0.03420735382760699,0.2373409152450582,0.1313295423774708,1.3006072874493928,5.016194331983805,0.3815789473684211,0.7731648616125151,0.1197665201412409,0.17106630394355885,0.0,0.1489547828220597,1.356777401455646,1.1121819003162174,0.1281261877613075,1.2301812622843415,15.901639344262296,1.38136511375948,0.0050451709490611,0.0550043436514105,18.9476861167002,,-0.142063875800019,0.4903536691287451,2.09,-0.01230427407936971,0.0,0.0,-0.2646522930822053,real_assets,2026-06-30,2026-06-30,False,False,False,False,True,False,False,False,False,False,False,,0.028839560749400438,Stacking,0.06659410504936955,0.07567453,0.017089793260463858,-0.00017085870329518166,0.042799567896608756,-0.02268438155712564,0.028839560749400434,0.03002856356030076,14,18
MLM,mixed,Basic Materials,479.1700134277344,479.1700134277344,2026-07-30,2026-07-30,134.4838012958963,24.476139504563232,3.741917281243771,-1.0318410548675114,86.8202799188641,4.17,0.021739130434782608,0.3050847457627119,0.2379400260756193,7.03150912106136,1.1111111111111112,3.399668325041459,0.6740858505564388,0.7027932960893855,0.4579676132363295,0.8450545643512904,0.1417712559271331,3.567597765363129,2.1217150760719226,0.09138699835719315,0.0,6.4035087719298245,5.137931034482759,0.0013316856652933,0.0502477814912988,165.8512396694215,,-0.2798226295517632,-0.11528588204107315,-0.45999999999999996,-0.006066330996351493,0.0,0.0,-0.2510011590414949,real_assets,2026-06-30,2026-06-30,True,False,False,False,False,False,False,False,False,False,False,,0.02812823005298664,Stacking,0.03389625817269858,0.0503082,0.05644285675703845,0.07932531297092589,0.0549532449862813,0.015748385985158927,0.02812823005298664,0.045171382965669,15,9
MPC,mixed,Energy,420.1499938964844,420.1499938964844,2026-08-04,2026-08-04,31.70175438596491,1.4927970160250503,2.8085000577567287,0.5760873402858044,22.16048337524448,10.890440000000018,0.2693295591550034,0.0885675692269908,0.0566709645729723,6.31438127090301,12.2809364548495,3.949832775919732,0.6151840990550668,0.1559609716434597,0.7272823666631322,3.5954290506893116,0.6740169994182169,1.2592743164955789,3.157313172433847,0.329678719117803,2.28834592261446,4.883597883597884,0.990426189005559,0.0061694919855214,0.0384390148680743,57.90635451505017,,0.43095567380159366,1.0930483982474672,7.28,0.1806729806636092,0.0,0.0,0.15769357423972685,real_assets,2026-06-30,2026-06-30,False,False,False,False,True,False,False,False,False,False,False,,0.026781426937303295,Stacking,0.04752080341011499,0.051466558,0.01771536936447691,0.07532568667489091,0.018985995760137833,0.06817450561318819,0.026781426937303295,0.04338657764270958,16,10
DOC,mixed,Real Estate,19.440000534057617,19.440000534057617,2026-08-05,2026-08-05,100.5,15.557502036413574,1.4922610409949526,-0.1264746745497938,49.92901726880255,0.08,0.006732910545269129,0.019323034352334116,0.202718368867476,0.3477111487214558,0.7725314858927683,0.0830802297615319,0.8071450964174465,0.304313274948823,0.5618810033890149,1.5528354632078778,0.9063675038844908,1.0894848001688813,1.051224013548682,0.03558936175688926,1.874323077372726,1.8085269971973512,5.1646742230710085,0.0189295160286872,0.0312504181012994,10.775315928303383,,0.10266594067258183,0.11659968604581383,-0.08,-0.008462632337260072,0.0,0.0,0.07351601916112838,real_assets,2026-06-30,2026-06-30,False,False,False,False,False,False,False,False,True,False,False,,0.023829923803822473,Stacking,0.032973277457334985,0.0597583,0.02626043954462123,0.07392927545526663,0.027009815595636987,0.0484728426344571,0.023829923803822473,0.04134840341400496,17,13
BXP,mixed,Real Estate,60.2400016784668,60.2400016784668,2026-08-06,2026-08-06,42.98089171974522,12.254758971425057,2.0882486035215333,-0.0355848673144099,39.09168908489028,0.43,0.013300110860121296,0.6022606393591586,0.5591627835917806,1.676928121263617,9.28020639517132,0.8829469692473779,0.6550820106339147,0.2756729530834316,0.6926316729462603,3.382294581432724,1.545267657883789,2.2815480878768724,0.5326029929342269,0.035580506119262,0.7267575940018791,3.263920777846547,0.7566661223800654,0.0114793422831587,0.026222654896025,32.348867171542594,,0.07112378517899698,-0.10874387219312331,-1.1400000000000001,-0.0349759387902704,0.0,0.0,0.09830975322727781,real_assets,2026-06-30,2026-06-30,False,False,False,False,False,False,False,False,True,False,False,,0.021956644960229678,Stacking,0.020312220100003765,-0.0034289479,-0.031762588139809096,-0.03196388820504033,0.017994604742309753,0.0840386692706163,0.021956644960229678,0.011587190074270743,18,34
DLR,mixed,Real Estate,176.49000549316406,176.49000549316406,2026-05-01,2026-05-01,595.0384615384615,31.0336482513068,2.3180050247619883,2.5438928550792226,91.80879112589216,0.46,0.007671526161451576,0.019323034352334116,0.1781028070075035,2.093064487485917,10.048667658438454,0.0,1.0,0.6265778767818111,0.48020818595212894,1.0040312805736789,0.3980164991029002,4.497334909031329,1.2601363607931444,0.03346651460490983,0.6676528337983505,2.617511758041814,0.6442579734545202,0.000191581760706,0.0241040991929245,65.20938362203829,,-0.01231179420692785,0.02182726663480805,0.2,0.0033686189783529753,0.0,0.0,-0.017768610865629864,real_assets,2026-03-31,2026-03-31,False,False,False,False,False,False,False,False,True,False,False,,0.01555910716677308,Stacking,0.01780109603497949,0.064405054,0.05284261249250891,0.036747463782884494,0.006073371466873703,0.052205755300061454,0.01555910716677308,0.03460294556765859,19,16
IFF,mixed,Basic Materials,83.12000274658203,83.12000274658203,2026-08-04,2026-08-04,962.7142857142856,6.663514870606412,1.2188667514483538,-4.259713580246913,75.69103896103896,0.2,0.003577561534058386,0.2920046349942062,0.063731170336037,0.515625,2.3046875,0.7265625,0.4150943396226415,0.0808543096872616,0.4445358079799522,0.8021054118976968,0.353469542958896,1.42232392575642,1.2938530734632685,0.0503834380217858,1.4242424242424243,3.36734693877551,0.2160625444207533,0.0059703776524706,0.0224610235180128,55.0739299610895,,0.029349879214638053,0.09787350081339374,0.13,0.002305836226724786,0.0,0.0,0.004881504011289617,real_assets,2026-06-30,2026-06-30,True,False,False,False,False,False,False,False,False,False,False,,0.01524423089934119,Stacking,0.015706586180969418,0.06285275,0.04210123885029299,0.032052874347488505,0.014902661285505263,0.029043233308209425,0.01524423089934119,0.029903612661003925,20,19
PPG,mixed,Basic Materials,104.66999816894531,104.66999816894531,2026-04-29,2026-04-29,76.46268656716417,5.874303525804804,-6.489422523285351,-0.5748006000000001,48.66613425129088,1.7,0.04713721618953603,0.3740419008686765,0.1149718957588145,2.6114081996434937,9.888591800356506,1.3413547237076648,0.6606538895152199,0.1810204081632653,0.6273589164785554,1.7147087857847976,0.3238514364807552,1.6242857142857143,1.1732613908872902,0.18650112866817156,0.6191559262067222,7.758620689655173,0.5576496674057649,0.0069589349767554,0.0377325682490001,-15.732682060390763,,-0.1218959885155595,-0.051472603815629236,0.3599999999999999,0.13181122126997633,0.0,0.0,-0.10902783756165219,real_assets,2026-03-31,2026-03-31,True,False,False,False,False,False,False,False,False,False,False,,0.014068844750733882,Stacking,0.012391302425777588,0.030598495,0.004090577387034039,0.03703890251235905,0.015776432017808845,0.02161620178630848,0.014068844750733882,0.019217881817025682,21,29
EXE,mixed,Energy,85.95999908447266,85.95999908447266,2026-07-28,2026-07-28,46.76271186440678,8.63741757794552,1.416633187641296,4.560871468354417,23.314750273556232,2.19,0.02689335394126739,0.4640630127994748,0.182802756809977,0.3270769385598551,4.025562320736678,3.635585970915312,0.0825396825396825,0.3257497414684591,0.3075276489475562,0.4441009788768676,0.1922623057769986,1.0051706308169597,1.9055659787367103,0.10560114163396361,2.1686586985391765,9.440677966101696,10.745454545454546,0.0052055209271637,0.1351323514265114,77.30911996271452,,-0.20766891801573728,0.08978806040482157,-0.16999999999999993,-0.0028730364129149095,0.0,0.0,-0.23011593311694267,real_assets,2026-06-30,2026-06-30,False,False,False,False,True,False,False,False,False,False,False,,0.013725698048012373,Stacking,0.02049071516403191,0.007226257,0.00763112238388545,0.009898027884342273,0.023832954154877517,-0.024795384415240165,0.01372569804801238,0.008442241946842512,22,39
HST,mixed,Real Estate,22.510000228881836,22.510000228881836,2026-08-07,2026-08-07,93.3157894736842,7.659404242046164,1.8722209515096069,-1.3073822916666669,41.62627427184466,0.35,0.03710081402629931,0.019323034352334116,0.1197754210854647,0.503971119133574,1.1090252707581227,0.2743682310469314,0.647495361781076,1.3113556008644347,0.5006413642194221,1.0386662492172825,0.4167608389785816,14.923628817186406,10.477124183006536,0.10156191051082773,0.0,3.2,3.9705882352941178,0.0111581463631162,0.0542979262308057,9.45092952875054,,0.14263960552699673,0.4579015692280983,0.15999999999999998,0.01651526965301481,0.0,0.0,0.028164213219972145,real_assets,2026-06-30,2026-06-30,False,False,False,False,False,False,False,False,True,False,False,,0.013670464028947515,Stacking,0.016374252492112083,0.05044961,0.0746328078594913,0.06797982728744105,0.007534827454783952,0.03050556691471884,0.013670464028947515,0.03658162944171005,23,15
MOS,mixed,Basic Materials,21.549999237060547,21.549999237060547,2026-08-05,2026-08-05,43.8,2.7288776224129982,0.5878708141722314,-0.189800000058508,25.05123112391889,-0.86,-0.023796439257146345,0.1417377275870016,0.0904970423292617,-1.37567817466841,0.937916152608534,1.1854500612868526,3.266904761904766,-0.0140855679421512,0.5002389696120523,1.0133224106115897,0.6995141009841934,1.3150296273978106,1.9885426214482127,0.11461119205217385,1.352542372881356,5.875311720698255,0.4677079871496621,0.0098390284245804,0.0312104459451734,40.97839086283034,,-0.21664851919081984,-0.41424302155312454,-1.4100000000000001,-0.037218147339132944,0.0,0.0,-0.11308776380253871,real_assets,2026-06-30,2026-06-30,True,False,False,False,False,False,False,False,False,False,False,,0.013442873300428263,Stacking,0.00730750223142802,-0.01630663,0.009228991778130882,-0.0461564893805673,0.012265622090787982,0.037001161696778494,0.013442873300428263,0.002825002285629672,24,44
CBRE,mixed,Real Estate,130.52999877929688,130.52999877929688,2026-07-29,2026-07-29,114.85,4.104814187294694,5.376761002934219,1.9443295507659264,71.61780023596154,0.69,0.024291497975708502,0.1528936279989681,0.0187462378536417,3.627762651152777,6.2786904194510464,0.4850490452794799,0.8820638820638821,0.0991071428571428,0.6989268484788815,2.5359609430816863,0.1589194177312944,1.0948863636363635,1.102170410387641,0.36841587082800037,2.0361719718892104,8.074074074074074,0.259851736246586,0.0,0.0284692485059526,29.606270089111472,,-0.0996068236235299,0.04792869925575527,-0.71,-0.0225659023396778,0.0,0.0,-0.11158899843746872,real_assets,2026-06-30,2026-06-30,False,False,False,False,False,False,False,False,True,False,False,,0.013025408438660754,Stacking,0.015630088183734306,0.03835458,0.04405675543001966,0.055599275294882136,0.012321763480149198,0.01168220465663443,0.013025408438660756,0.02677918300279325,25,22
INVH,mixed,Real Estate,26.399999618530273,26.399999618530273,2026-07-30,2026-07-30,115.79166666666669,24.855064378898213,1.7871665225245568,3.2401604508010875,68.08310945667044,0.37,0.024170192293993087,0.0309259394381612,0.2729792046698285,0.1139897036534641,0.2120660126183674,0.0959209112017956,0.5430392537893509,0.3427467696816305,0.5071304092353175,1.033274588524032,0.4920181441594186,1.516110297056081,11.43093065541228,0.04052132688576894,0.0,2.058352956711196,1.5742884033271436,0.010451896528968,0.0367004382381015,15.54671121440836,,0.009560214857754268,-0.21591922724887813,0.13,0.009002091789194287,0.0,0.0,0.0635400216699738,real_assets,2026-06-30,2026-06-30,False,False,False,False,False,False,False,False,True,False,False,,0.012923578787792505,Stacking,0.011716317178595434,0.023197249,0.044768986120482905,0.0498686934103934,0.010193401945902947,0.0261607343911983,0.012923578787792503,0.0251330861039269,26,26
ESS,mixed,Real Estate,269.510009765625,269.510009765625,2026-07-30,2026-07-30,209.344,35.167679486270664,3.043916580947823,-0.9881405407339028,79.2688335213106,0.97,0.07329469274608859,0.6855909763776245,0.303421387319392,3.6333821503481314,2.849217479800926,0.0,1.0,1.3113556008644347,0.5725880042194701,1.3874341005655944,0.4062111466426064,2.2985015732974494,3.387432817057581,0.03791576596671407,0.6818870364592519,2.2527863777089783,0.4862142816426576,0.0098149846800251,0.0318857942629283,85.96819033671329,,0.05265011821124488,-0.05322135261144878,-0.28,0.05824517071436079,0.0,0.0,0.06595545636410707,real_assets,2026-06-30,2026-06-30,False,False,False,False,False,False,False,False,True,False,False,,0.012542365866597613,Stacking,0.006682813797307951,-0.014227458,-0.014532250993083261,-0.011433709334029164,0.005258600624421508,0.04815737490289114,0.012542365866597613,0.004904700798381243,27,42
UDR,mixed,Real Estate,33.68000030517578,33.68000030517578,2026-04-30,2026-04-30,53.94117647058823,27.882342151805798,3.6722363463527934,0.0261376973784561,71.75709024767619,0.57,0.05777525504613961,0.2697607514095856,0.1984271748717404,1.4414414414414414,0.1121782605262038,0.647436715204753,1.815406626448412,1.3113556008644347,0.6026845564843977,1.895499866085559,0.4972115921656002,3.312905346187555,2.887777622200441,0.041209436165335143,0.0,0.0,0.3167929028330788,0.022378346669402357,0.0605495414138432,9.88618653647274,,-0.10066754859343718,-0.18666987913122957,-0.1100000000000001,-0.010007799767934485,0.0,0.0,-0.05400007881062979,real_assets,2026-03-31,2026-03-31,False,False,False,False,False,False,False,False,True,False,False,,0.012133804874107052,Stacking,0.01220335541242743,0.054315474,0.01057046253915807,0.01634565946587273,0.007953658026716255,0.022425666476608937,0.012133804874107054,0.01925370267338959,28,28
CF,mixed,Basic Materials,114.54000091552734,114.54000091552734,2026-08-06,2026-08-06,29.746153846153845,6.44086858974359,2.4922087639520463,0.3985374930572322,16.09908840413318,4.73,0.06409185803757829,0.4107905982905983,0.3621794871794871,2.0076972418216807,12.7132777421424,1.4496472097498396,0.5807050092764379,0.6076662908680946,0.4481118682566723,1.304878048780488,0.3015599006942346,3.3652762119503947,3.836065573770492,0.14716206371282867,1.619676945668135,16.536585365853657,5.059602649006623,0.0064691067805693,0.1001108823063519,30.992953235105706,,0.09817834051320573,0.23201033575914098,2.1300000000000003,-0.01941372278094171,0.0,0.0,0.040175756573420485,real_assets,2026-06-30,2026-06-30,True,False,False,False,False,False,False,False,False,False,False,,0.012124413976749841,Stacking,0.006712451361786747,0.006409899,0.011400580066382143,-0.007726101179550223,0.011927538511369544,0.024680206411471874,0.012124413976749841,0.00947490357624073,29,37
OXY,mixed,Energy,57.84000015258789,57.84000015258789,2026-08-05,2026-08-05,-597.6744186046511,8.10424097346898,1.1274507409668646,-0.9030209030011572,25.69563218390805,2.75,0.021271499065778757,0.2780769998005186,0.0931577897466586,1.9038461538461535,2.0121457489878543,0.7621457489878543,0.714123006833713,0.2793805685193042,0.5782814606547365,1.3927124382527614,0.5550556089415397,0.9362537123462028,1.513130093570782,0.1003633739017895,1.1016742770167427,12.97222222222222,1.0481704492820751,0.0100426912837316,0.0412673109494869,36.47165991902834,,0.06696181797800937,0.3957528994350361,2.8188,0.018440839133492655,0.0,0.0,-0.03197640688074965,real_assets,2026-06-30,2026-06-30,False,False,False,False,True,False,False,False,False,False,False,,0.012033599008103184,Stacking,0.0035499998809012025,-0.027325125,-0.05654975405963359,-0.00436828656268857,0.01539770271334822,0.02170552177240661,0.012033599008103184,-0.004592028453326635,30,59
WY,mixed,Real Estate,18.59000015258789,18.59000015258789,2026-07-31,2026-07-31,236.9,11.088564925373134,1.812802731805644,-6.350076488175681,99.9796331081081,0.23,0.01713197969543147,0.0207657365347177,-0.0097339390006489,0.2814382464872209,0.6432874205422192,0.4394873110169903,-1.780701754385965,-0.0892018779342723,0.4273602616120632,0.7462986463620981,0.3260867297474968,1.2926447574334898,4.92332268370607,0.11306243565675528,5.428057553956834,-0.2142857142857142,0.4611486486486486,0.0088954025343897,0.0282454431612633,13.058422100402725,,-0.24492282077222216,-0.2758083306354543,0.13,0.009281353767148072,0.0,0.0,-0.1759707381133586,real_assets,2026-06-30,2026-06-30,False,False,False,False,False,False,False,False,True,False,False,,0.01183860843867,Stacking,0.019238503955882943,0.049747072,0.06566384562639876,0.04641911051473929,0.012569847842551812,-0.011165314531268919,0.011838608438669997,0.02724961029820126,31,21
LIN,mixed,Basic Materials,469.45001220703125,469.45001220703125,2026-07-31,2026-07-31,129.9969512195122,22.684055035371976,5.19814507334292,-1.564581089270559,72.97059779504133,4.15,0.04933343568485965,0.4811729803742583,0.2302601551802829,3.3716034634003007,10.844037602386718,3.127097868726233,0.5188118811881188,0.1993683379392025,0.5401192995959208,1.2210281210818557,0.135757468857446,0.8767601000131596,1.6741165234001911,0.10513984312216323,1.618149466192171,31.53125,0.3993720565149136,0.0035110123851382,0.0535941881213357,81.59768893668046,,-0.07831701376873745,0.010504363620189139,0.8700000000000006,0.008203876265327752,0.0,0.0,-0.08094310467378474,real_assets,2026-06-30,2026-06-30,True,False,False,False,False,False,False,False,False,False,False,,0.011746264110551137,Stacking,0.01121008653638817,0.019882081,-0.021346713703914645,-0.005606435330737233,0.01384173162965877,0.00400085199276835,0.011746264110551137,0.005051822922723915,32,41
VMC,mixed,Basic Materials,243.97999572753906,243.97999572753906,2026-04-29,2026-04-29,149.32984293193718,19.67125990477784,4.414155868885996,-1.1400450307418672,81.47361254342206,1.26,0.019582786080248007,0.2545739675901725,0.1834814427600627,2.71492858737339,1.389297627206986,1.4006666748928045,0.6596685082872928,0.5679322246626922,0.49164812360177296,0.9699336196798126,0.1298047991747101,2.6858069239619287,2.155007322293568,0.46673943944964585,3.251995438996579,6.381818181818182,8.700361010830324,0.0017113495336154,0.0523829969944182,64.61484561757925,,-0.20320053648746217,-0.07365784901078642,-0.6499999999999999,-0.009976984479628092,0.0,0.0,-0.18478607423476556,real_assets,2026-03-31,2026-03-31,True,False,False,False,False,False,False,False,False,False,False,,0.011556453234040968,Stacking,0.001820074658658879,0.004878773,0.003507475345302753,0.005292669056644291,0.017217045301821908,0.015522280595408607,0.011556453234040968,0.008621536097141282,33,38
CCI,mixed,Real Estate,66.12000274658203,66.12000274658203,2026-08-05,2026-08-05,130.69117647058823,36.06198694029851,-23.644311926605504,-4.054315901360546,97.2180972818312,0.22,0.013259566883300718,0.4207089552238806,0.4916044776119403,1.864367816091954,0.6183908045977011,0.135632183908046,0.9321839080459772,0.1942397856664434,1.1520081814801042,3.4957296436378553,0.6295389494405492,0.2554141549453003,0.4080700418728588,0.04685756786909632,8.746478873239436,2.116465863453816,0.229551451187335,0.0120284181078134,0.0139957168280396,-3.7414187643020593,,-0.26147656934455454,-0.3380718515709077,-0.4600000000000001,0.1930760806447686,0.0,0.0,-0.17695860645182762,real_assets,2026-06-30,2026-06-30,False,False,False,False,False,False,False,False,True,False,False,,0.011518160376805468,Stacking,0.003694550690813336,-0.09539356,-0.07175573955211892,-0.047337814256820404,0.01345118749926107,0.02105635927015056,0.011518160376805468,-0.022532023885226037,34,65
NUE,mixed,Basic Materials,235.97999572753906,235.97999572753906,2026-08-12,2026-08-12,99.45731707317074,4.865503187199168,1.786450277034773,-0.657133193642777,47.43223681257015,0.38,0.052286399203944095,0.1121373746585143,0.0686873943020684,-0.0130832969908416,11.770606192760576,3.497601395551679,-0.0037546933667083,0.1995504495504495,0.3704064512637333,0.6191143878058709,0.1903953525673547,2.938311688311688,2.475684380032206,0.20144395735238405,3.611111111111111,48.0,3.645739910313901,0.0033956199657427,0.0583204930662557,91.18466898954703,,0.30686158125679275,0.7601252758077055,-1.2599999999999998,0.0342313743663438,0.0,0.0,0.11683026230486637,real_assets,2026-07-04,2026-07-04,True,False,False,False,False,False,False,False,False,False,False,,0.011348688600047879,Stacking,0.0011441611605001963,-0.02850449,-0.02448793964812031,-0.029267587443981773,0.014609119718397451,0.022190271406264523,0.011348688600047879,-0.004219861621357169,35,56
EXR,mixed,Real Estate,133.0800018310547,133.0800018310547,2026-07-31,2026-07-31,95.75,30.008570346688327,2.0517025762370538,0.3269048844541457,43.37287532250078,1.25,0.019872762606733572,0.019323034352334116,0.4868956145957299,1.71209379651921,0.6563714468196131,0.025679375276883,0.9852228267223496,0.2640108878461402,0.5220128674192974,1.167844442877244,0.5078652242800114,1.2831450140799776,0.5570832064615449,0.029471930894742714,0.0,1.0490680679858773,0.4964740697095381,0.0124222532963406,0.0310267529941412,60.769104788052736,,-0.12820175675692969,-0.13013921281747387,-0.1100000000000001,-0.0012280709569996266,0.0,0.0,-0.09566695355256122,real_assets,2026-06-30,2026-06-30,False,False,False,False,False,False,False,False,True,False,False,,0.011234056870204512,Stacking,0.0073771946038688,0.046381786,0.026721907244404132,0.07682019471240754,0.0052953143917659805,0.031721688360796446,0.011234056870204515,0.028746876831441566,36,20
KIM,mixed,Real Estate,22.209999084472656,22.209999084472656,2026-08-04,2026-08-04,92.13636363636364,25.18220239060864,1.3145162009870055,2.2591898778140185,56.232130295315685,0.45,0.014932783769795845,0.1134322415089887,0.3300673234326839,0.2117792477971966,0.315758390536478,0.1716094323608056,0.5523878475230883,0.289087079355702,0.4796532386478686,0.9359326356050659,0.6001346193356394,1.0804980822334709,0.7204897336827383,0.027497494876928465,0.0,2.1225668018114137,0.4004786821824309,0.0134278785173444,0.0334644244774226,15.414815188401326,,-0.05730054819725561,0.04912607862412166,0.23,0.00038646106031514464,0.0,0.0,-0.06958206785328602,real_assets,2026-06-30,2026-06-30,False,False,False,False,False,False,False,False,True,False,False,,0.011150691699078924,Stacking,0.010971086242937456,-0.0042485287,0.007094373663289716,0.01495865952678402,0.005328701451210621,0.021845762031965803,0.011150691699078924,0.009596171780114592,37,36
VTR,mixed,Real Estate,83.7300033569336,83.7300033569336,2026-07-30,2026-07-30,515.8666666666667,23.279861227560108,2.9101877674219554,18.175878826814056,87.92172411005126,0.14,0.007023155011342103,0.019323034352334116,0.1303804492543823,0.7803488574472872,1.5729297997614289,0.2922944020647878,0.7275008261388348,0.3641059226661364,0.48706210056846705,0.985996968203269,0.3568899772153665,0.9554279818668604,3.768331917617362,0.05832276994766909,2.9784142744314246,1.321814226894891,3.610450060854028,0.0061904741042415,0.0266851488827537,26.05702393903025,,-0.03381025436264029,0.3064441154147852,-0.009999999999999981,0.0014192129499820032,0.0,0.0,-0.1104212832163366,real_assets,2026-06-30,2026-06-30,False,False,False,False,False,False,False,False,True,False,False,,0.01095156979931428,Stacking,0.012975228955049429,-0.024877902,0.01660590373728983,0.04500455344844878,0.0044646025377132244,0.0171120231386232,0.01095156979931428,0.011602290214463167,38,33
OKE,mixed,Energy,87.16000366210938,87.16000366210938,2026-08-04,2026-08-04,47.41935483870967,5.108108108108108,2.0593729152768514,3.547369765066384,37.76540850453894,1.53,0.042115359462876575,0.2944291230005516,0.2971869829012686,0.9142857142857144,0.1238095238095238,1.5396825396825398,0.3725743855109961,0.242890809112333,0.6613346138263231,1.9600622637313765,0.708692365835223,0.7051060487038492,3.011627906976744,0.054442807334899125,2.2536997885835097,5.947019867549669,0.7235481304693715,0.0139941690962099,0.0310174260301325,35.622623574144484,,0.01207621530549674,0.05635684961955367,-0.020000000000000018,-0.0014247784068143268,0.0,0.0,-0.002012997099391678,real_assets,2026-06-30,2026-06-30,False,False,False,False,True,False,False,False,False,False,False,,0.01084719797055616,Stacking,0.0052773969688348086,-0.010090129,-0.004601698961427515,-0.03558275866776567,0.009278295849473966,0.02138080875472729,0.01084719797055616,-0.0001197359149706376,39,48
O,mixed,Real Estate,53.529998779296875,53.529998779296875,2026-08-06,2026-08-06,176.15625,34.276884929336376,1.2932173613726314,-5.02400180667185,100.46103258718858,0.37,0.026766165800542342,0.8214240254307057,-0.1831539048297507,1.2754381552743277,0.4806018708125389,0.0546372095694938,0.958921719014088,0.4126436702784254,0.4514224509665728,0.8725103545407601,0.6021623702753334,0.510330887395419,1.4124189477421174,0.02024700596109638,0.0,0.0,0.2996605403922644,0.0145827665513062,0.0269215715009627,43.58896012667849,,-0.20766727680140806,-0.05390599541716368,0.04999999999999999,0.019258437667043042,0.0,0.0,-0.19419077794711714,real_assets,2026-06-30,2026-06-30,False,False,False,False,False,False,False,False,True,False,False,,0.010472528754650497,Stacking,0.01287917901760872,0.03624571,0.05054276580412775,0.02704164757203641,0.007788118390595143,0.0026588002763943287,0.010472528754650497,0.020745291301650648,40,27
SHW,mixed,Basic Materials,320.7799987792969,320.7799987792969,2026-07-28,2026-07-28,167.02577319587627,14.267766042995763,17.363154209164257,-0.9826161423378076,108.3759834273219,0.3,0.21884971593120087,0.4884468986222055,0.1391554530995907,3.498782467532468,0.8409090909090909,0.935064935064935,0.7891075514874142,0.1578688785168273,0.8224711119347379,4.632886066589827,0.1621046993003293,0.8680837535944973,2.004836629406707,0.1526599731368315,1.2159544643615663,5.917173252279635,0.3268732654949121,0.0024523743392366,0.026995690828694,18.481913183279744,,-0.09918562544426601,-0.09751294514039821,-1.64,0.11515922161808517,0.0,0.0,-0.07480738915916646,real_assets,2026-06-30,2026-06-30,True,False,False,False,False,False,False,False,False,False,False,,0.010182637027734807,Stacking,-0.006997041192870841,0.04100876,-0.03043926570049865,0.02438842910296996,0.015749551964859797,0.02600293776707173,0.010182637027734807,0.011363209451802189,41,35
DVN,mixed,Energy,47.15999984741211,47.15999984741211,2026-08-05,2026-08-05,40.252747252747255,5.777807975615951,1.4649169242658424,-0.6127540702846975,19.45457659987072,2.03,0.04577574436486454,0.2011684023368046,0.1668783337566675,1.0322061191626408,2.3091787439613527,1.502415458937198,0.4072426937738246,0.3852178169358786,0.508592044052027,1.0349690880989182,0.3774525513655948,0.9804209495839452,2.196986607142857,0.10462245919907466,1.3787812362998684,5.5210084033613445,1.2193375111906894,0.0065502480961418,0.0903490759753593,24.964630225080384,,0.049165736316175934,0.5144508621519623,1.1199999999999997,0.00958306018145394,0.0,0.0,-0.07944697922181465,real_assets,2026-06-30,2026-06-30,False,False,False,False,True,False,False,False,False,False,False,,0.01017269667360096,Stacking,0.008383705256791558,0.07744706,0.05489177904006174,0.023361275280894107,0.0087324599587388,0.0077256934639184675,0.010172696673600958,0.026764725249373466,42,23
FRT,mixed,Real Estate,108.02999877929688,108.02999877929688,2026-05-01,2026-05-01,66.75496688741721,25.79144578851047,2.667837503320527,0.1405274254892936,48.8574093450551,1.81,0.04804965786676903,0.0914341829219301,0.3441205790891101,0.589814265610644,1.249258574369352,1.094786178663224,0.3501211623299067,0.4126483542154533,0.6081747697259576,1.6708538486930622,0.5703300707836488,1.0175261667492834,1.2982429707239054,0.037495066930350006,1.38984786824352,2.403058891982877,5.779373259631769,0.0114303694953358,0.040342682420163,37.78341067420304,,-0.02093530198208382,0.13191532669003436,0.30000000000000004,0.008112833303578128,0.0,0.0,-0.05391413365459241,real_assets,2026-03-31,2026-03-31,False,False,False,False,False,False,False,False,True,False,False,,0.009746236092618057,Stacking,0.0042150203706277116,-0.026033798,-0.03706947232388089,-0.003974986715729049,0.00510738000466609,0.023407922392316906,0.009746236092618057,-0.0031696579201930227,43,55
STLD,mixed,Basic Materials,226.1699981689453,226.1699981689453,2026-07-28,2026-07-28,92.59562841530054,5.590445584189388,2.754939572512873,-0.6931589565639454,58.11319771827755,3.69,0.056699950698187555,0.1182751071125642,0.0702824255649236,0.578299353828617,5.286643273568775,1.2943753562182836,0.3088092933204259,0.1285011124964306,0.45288069307564205,0.8227933192434613,0.1706548265627584,3.055322784171923,2.6232560350873024,0.2680389208479274,3.1607184912917283,11.50790117961273,7.104912924220538,0.0029614416292015,0.0551043288936514,61.24610766569344,,0.12237605165473342,0.6665684044576325,1.8599999999999999,0.026999426582455657,0.0,0.0,-0.04426604945967472,real_assets,2026-06-30,2026-06-30,True,False,False,False,False,False,False,False,False,False,False,,0.009664806730804422,Stacking,0.0009517223099731203,-0.02558585,-0.1382139974016264,-0.10210975014934928,0.010031524498314088,0.016702293776563477,0.009664806730804422,-0.03126970078522097,44,69
ECL,mixed,Basic Materials,271.260009765625,271.260009765625,2026-08-06,2026-08-06,131.26,17.674428026692087,7.590156384328815,-11.288460867766156,91.81425725038744,1.9,0.053194769031873104,0.44034795042898,0.1872974261201144,2.6831858407079645,2.287433628318584,1.175575221238938,0.6953490505458215,0.1969573779970007,0.663033381227654,1.973308139823977,0.1191015872031326,1.0760474822483603,1.2913153197513387,0.14753901159488086,1.133896668276195,12.222395023328149,0.8684069755001604,0.0025511751991251,0.0498730845163109,34.38001407459536,,-0.10610950449606205,0.023043597079483336,-0.10000000000000009,-0.004518007813420995,0.0,0.0,-0.11187040376593288,real_assets,2026-06-30,2026-06-30,True,False,False,False,False,False,False,False,False,False,False,,0.00944209089752035,Stacking,0.0014565579591249952,0.022265377,0.037463710145889874,0.03159758907281306,0.014978332735144874,-0.0009256003048051763,0.00944209089752035,0.016322001188885858,45,30
COP,mixed,Energy,127.05999755859375,127.05999755859375,2026-08-06,2026-08-06,80.00854700854701,8.670074071986775,1.789218691364151,-1.3145289044234196,26.038635527351435,3.23,0.06015394267701112,0.1964232040877667,0.1508115419296663,1.0506460053140785,5.663752712816664,2.452589091941667,0.2999073645206114,0.3606749081189442,0.4740988725344235,0.9014981101470566,0.2031870910120668,1.297360507851654,2.2893514536383965,0.1541996282019298,1.7198456095207462,6.9206896551724135,3.266412213740458,0.0089962549253764,0.0786221541460697,52.26037233094211,,0.0745940253602313,0.46517524860002024,2.06,0.03779284664215142,0.0,0.0,-0.04169978678977376,real_assets,2026-06-30,2026-06-30,False,False,False,False,True,False,False,False,False,False,False,,0.009088935669908923,Stacking,0.004748557471970685,0.013484585,-0.03535111209802142,-0.02654010383368447,0.009455188528416638,0.0025347050782398867,0.009088935669908923,-0.002840862427095641,46,53
EOG,mixed,Energy,141.30999755859375,141.30999755859375,2026-08-04,2026-08-04,80.77692307692308,10.04338826759312,1.8980532649311168,-0.3868190680901449,25.210603534459317,5.15,0.08548832538287723,0.7778474636395885,0.4414870521461511,1.982453638508896,6.297860202409926,2.86148359608908,0.4092649310872894,0.7055645596974608,0.424062240583795,0.7362987295947441,0.1484866396757509,1.9154511075094545,2.102946661693398,0.15734808243433182,0.4313002754820936,48.805960784313726,4.106436363636363,0.009713088941682,0.1004980424292087,55.3251070136912,,0.09840651036606096,0.26917547654565954,3.8500000000000005,0.06199085613741083,0.0,0.0,0.031112641229646076,real_assets,2026-06-30,2026-06-30,False,False,False,False,True,False,False,False,False,False,False,,0.009085084201680658,Stacking,0.007720058171398373,-0.026869379,-0.033874991289386064,-0.006437128840581233,0.007240749566759444,0.0013942741551928543,0.00908508420168066,-0.005584104320249411,47,60
CVX,mixed,Energy,207.10000610351562,207.10000610351562,2026-08-06,2026-08-06,109.6474820143885,6.625552660798917,1.62705379286672,-1.1387357417426975,31.457358081288906,6.11,0.06357599153162737,0.3178849891890711,0.0878633673313386,2.704416292211602,3.2510269044958724,2.696377900854481,0.5007441860465116,0.3219816096085303,0.4076423281384888,0.7087364324347097,0.1382167137999923,1.1547009315002843,2.533167358229599,0.21220106925954535,1.624973985431842,11.14404432132964,2.8936573051435786,0.0112208369610105,0.0662489760004854,93.36579561979464,,0.09229961025060995,0.502466672254176,4.720000000000001,0.04871946163084977,0.0,0.0,-0.03331705781293404,real_assets,2026-06-30,2026-06-30,False,False,False,False,True,False,False,False,False,False,False,,0.008978752476307864,Stacking,0.005348229476835533,0.014442909,-0.04028896225412596,-0.02540200980329136,0.007950406087693951,0.004053349301623089,0.008978752476307864,-0.0031691665991565826,48,54
MAA,mixed,Real Estate,116.37999725341797,116.37999725341797,2026-04-30,2026-04-30,289.3958333333333,29.250672029462372,2.8593459326903097,-1.6465567798891805,68.0252512891266,1.06,0.02244488811577295,0.3606531114775108,0.2838399729280216,1.3557037226994917,0.9117322733683806,0.8810958669914947,0.6060908312696811,0.3582751661495743,0.5240739465465094,1.1345274677753716,0.3326303685081309,0.164815996363467,1.670777022829494,0.04616490121890846,0.0,3.2374353288987434,6.493224932249323,0.0109721083646728,0.0354227967361057,48.527528732687806,,-0.13220492690017183,-0.2523929000230104,0.5800000000000001,0.01231495020873275,0.0,0.0,-0.06910670189441923,real_assets,2026-03-31,2026-03-31,False,False,False,False,False,False,False,False,True,False,False,,0.008515765040579916,Stacking,0.005794699462011831,-0.036767263,-0.008345718966892412,-9.74872848432815e-06,0.0034503127147973616,0.010419836030587862,0.008515765040579914,-0.0021901794092518273,49,50
FANG,mixed,Energy,185.50999450683594,185.50999450683594,2026-08-05,2026-08-05,-29.418786692759294,12.705155980450236,1.1601375795196367,0.0298971518158854,-66.1381138452656,6.65,0.049656992084432715,0.2428909952606635,0.2577014218009478,4.906719752701324,0.3715087812759574,3.305026233426678,0.597524541186513,0.5093478260869565,0.3735936654419095,0.6921635883905013,0.3377971438876828,0.4163043478260869,2.435786435786436,0.07921045885670341,2.1883561643835616,11.153846153846152,-0.3555291319857313,0.0066678158017721,-0.0024562152926099,129.57945906919525,,0.036600326926888194,0.3482810851576128,7.28,0.08909224038044042,0.0,0.0,-0.05046994436251501,real_assets,2026-06-30,2026-06-30,False,False,False,False,True,False,False,False,False,False,False,,0.008429353482305895,Stacking,0.012249240664627957,-0.043806374,-0.018270780982640185,-0.007064423625103672,-0.012999480128502943,0.03976596543017208,0.008429353482305895,-0.002825525493630775,50,52
XOM,mixed,Energy,163.82000732421875,163.82000732421875,2026-08-03,2026-08-03,80.22666666666667,6.511732280513249,2.0093318066510912,-1.3567422621371863,36.77612335359676,3.48,0.0559989205027373,0.1888579317582678,0.0750009370431914,1.2073424151466174,2.4661740937427847,1.7201570076194874,0.4124142282514393,0.1752937923406608,0.4270800590765627,0.7647891124990361,0.134800471242355,1.152799668187474,1.7961267447601097,0.2497771711282676,1.0658665922411388,-13.650862068965514,1.5592447916666667,0.0083769426170221,0.0779582570165721,61.20481359131666,,0.06224878306457504,0.5897138022728652,1.98,0.030935887031385795,0.0,0.0,-0.08517966750364125,real_assets,2026-06-30,2026-06-30,False,False,False,False,True,False,False,False,False,False,False,,0.007439227645902874,Stacking,-0.0006152229178624912,-0.023130672,-0.06575318688213741,-0.04729580410844439,0.009933021460967202,-0.004036822648081495,0.007439227645902874,-0.016909920852020886,51,62
CSGP,mixed,Real Estate,27.719999313354492,27.719999313354492,2026-07-29,2026-07-29,611.2727272727273,31.16947555555555,3.366034077273818,-0.5981626514624762,210.44849042145592,0.14,0.006933938477054967,0.7388888888888889,0.055,-0.3609779482262704,4.153883029721956,0.7495206136145733,-0.9290561381863048,0.2172922252010724,0.21639214912713287,0.2766011094301563,0.0363960068055185,2.8404825737265416,3.8461538461538463,0.0269965479830358,5.595238095238095,12.692307692307692,3.652037617554859,0.0,0.0590678357175819,19.86177311725453,,-0.29651158279188033,-0.4637989252113081,0.030000000000000013,0.0012943896409618677,0.0,0.0,-0.1805618514890533,real_assets,2026-06-30,2026-06-30,False,False,False,False,False,False,False,False,True,False,False,,0.00735710442025506,Stacking,0.01175704640367875,-0.006387085,-0.06689997394787443,-0.06936440031667072,0.012484121070917151,-0.04258887974129065,0.007357104420255061,-0.021056919740471917,52,63
EQIX,mixed,Real Estate,1012.3300170898438,1012.3300170898438,2026-07-29,2026-07-29,283.76296296296294,30.809546273546275,5.314842610907036,-2.4208642506738545,89.35553574744661,4.83,0.03330552078987623,0.5094185094185094,0.1728091728091728,-2.973523421588595,32.86150712830957,6.505508236846493,-0.2552447552447552,0.2938607757513485,0.6494790145096894,1.854957585871228,0.2513659784441977,1.316465450809145,2.43956043956044,0.038078561690524884,9.433070866141732,2.794701986754967,0.7014314928425358,0.0061273115515426,0.0314293417555752,143.8939600317144,,0.047852206903885364,0.1368235657782162,2.13,0.01458554339513203,0.0,0.0,0.013646315459331315,real_assets,2026-06-30,2026-06-30,False,False,False,False,False,False,False,False,True,False,False,,0.007162468509291099,Stacking,0.005402930866495118,-0.00602978,-0.01984485806967033,-0.019698518074976894,0.003753502653307712,-0.004592411059219476,0.007162468509291099,-0.004527307543289295,53,57
PSA,mixed,Real Estate,284.0,284.0,2026-07-29,2026-07-29,99.8076923076923,37.45208555410794,4.923585183942091,-19.680566316620045,63.60755542610502,2.55,0.05440095405145436,0.2401455183123429,0.4579179662310658,3.610344906193722,1.812837668406775,0.5704003009095675,0.8635649214067316,1.196932886705423,0.5384264985734972,1.1786278546464308,0.2251920138878365,0.7508749545186812,8.555408562501759,0.061283299727822205,0.0,6.857584529161791,10.92303997043789,0.0126462793275153,0.0738600338463039,52.58831222740946,,-0.0866405094230398,-0.08319075443070656,-0.050000000000000266,-0.0004290612770531388,0.0,0.0,-0.06584282081536316,real_assets,2026-06-30,2026-06-30,False,False,False,False,False,False,False,False,True,False,False,,0.007111489432933649,Stacking,2.5227553499083312e-05,0.024481053,0.02285618152634944,0.04601666672014711,0.0021244225285519417,0.012657103670925584,0.007111489432933649,0.016067916585808598,54,31
KMI,mixed,Energy,30.530000686645508,30.530000686645508,2026-07-24,2026-07-24,61.08888888888888,13.568156610470275,1.9628152878505871,0.2528683853059296,58.43792995622264,0.39,0.027409819480889,0.6790150842945873,0.3025732031943212,0.710561797752809,0.0489887640449438,0.0773033707865168,0.9018824871648602,0.4055992596020361,0.5560611379654884,1.3019822326198982,0.5267533444235084,0.6372049976862564,2.6301050175029173,0.06044935324457887,1.0276988636363635,3.085972850678733,0.7658707047175306,0.0106923457355279,0.0383327395796223,14.005393258426968,,-0.0991442700901296,0.06561957021450304,-0.06,-0.004552185525208096,0.0,0.0,-0.11554916264375537,real_assets,2026-06-30,2026-06-30,False,False,False,False,True,False,False,False,False,False,False,,0.006885327888655029,Stacking,0.001593229225647861,0.038203668,0.03076508521785103,0.029794585664294406,0.003956065865564852,0.0011229351750532638,0.006885327888655029,0.01568860997874503,55,32
IRM,mixed,Real Estate,111.12999725341797,111.12999725341797,2026-08-05,2026-08-05,276.5,13.41173657414114,-25.198668578460705,9.691973331637174,60.8561842135998,0.34,-0.19726758892046342,0.5537572015992039,0.1850309820000032,-0.0545179943054382,0.5319757633540135,1.732297776217824,-0.0324941299765199,0.1908756493615565,1.0305281618918307,-22.191408420123405,0.6647213710594025,0.7386852279980577,1.2767240967285438,0.05861621915878532,1.1573715774869069,1.4507202587894747,1.5636361875244087,0.0093925299362088,0.0184306543609448,-3.287777330920303,,0.007250949455433364,0.11722124513338672,0.040000000000000036,-0.10626925761395901,0.0,0.0,-0.022054361827913316,real_assets,2026-06-30,2026-06-30,False,False,False,False,False,False,False,False,True,False,False,,0.006827481413478289,Stacking,-0.002612639826385401,-0.008673284,-0.014130320655739622,-0.02039066008884477,0.009274619778980617,-0.004105804151387183,0.006827481413478289,-0.00454212815106346,56,58
SLB,mixed,Energy,48.65999984741211,48.65999984741211,2026-07-29,2026-07-29,69.78181818181818,5.793430477167778,2.162357041633153,1.7642806249999985,44.65132463967056,0.52,0.03014497200276137,0.1773217034376603,0.1495125705489995,1.6920462270564245,2.8633582596872875,0.3507817811012916,0.8282861896838603,0.2041301542014808,0.5092199092415184,1.084528649229117,0.2061038333966854,1.3255213640377692,1.121532972724134,0.14098177627313982,0.6977371627502176,11.563492063492063,0.6623762376237624,0.0075455683247669,0.0290096819813612,17.546370967741936,,-0.05090696611250034,0.45950809380360247,-0.030000000000000027,-0.0004958032088514287,0.0,0.0,-0.16578398956340096,real_assets,2026-06-30,2026-06-30,False,False,False,False,True,False,False,False,False,False,False,,0.006712183063363787,Stacking,0.0022267045892107374,-0.0061138934,0.02551201593959106,0.005083853753464195,0.0055102301404374695,-0.0067378658730442,0.006712183063363787,0.004558564588484709,57,43
SBAC,mixed,Real Estate,158.02000427246094,158.02000427246094,2026-08-06,2026-08-06,55.583333333333336,28.57702766741293,-4.23683172972023,0.2415931006459504,49.35958577286429,1.87,-0.042933751258679,0.3060244613894436,0.4277810898812229,2.2697488477095287,4.129620919951086,0.5900479729094159,0.7936748622646164,0.1360043768335595,1.366482792187616,-3.3687452341280624,0.6416885848656247,0.4934020934004829,1.083817066154166,0.06091419753506973,6.837541419065093,2.483432969479875,0.2781914733548166,0.0057495927756769,0.0325539598155846,-26.50744895274255,,-0.2056102741179321,-0.3161083516296159,-1.6099999999999999,0.0333593465946517,0.0,0.0,-0.1265831862105281,real_assets,2026-06-30,2026-06-30,False,False,False,False,False,False,False,False,True,False,False,,0.0066910148491353605,Stacking,-0.007924353397155892,0.010751109,-0.0712573569290811,-0.04400714888951773,0.00324669105076759,0.024381981561252902,0.0066910148491353605,-0.010604001380774507,58,61
FCX,mixed,Basic Materials,69.27999877929688,69.27999877929688,2026-08-06,2026-08-06,181.3928571428571,13.010823717379727,3.8779813746759086,-1.1533041256157637,71.37420683610868,0.68,0.0489333134417425,0.1805432274099059,0.143973016154802,1.212058212058212,2.8094248094248093,0.7318087318087318,2.523809523809524,0.1151354045522512,0.4605119962496024,1.367795514446268,0.143157378833693,2.291078252201362,3.3529761904761903,0.11768546888341956,1.5658073270013568,7.372727272727273,1.3829160530191458,0.0088552362622061,0.032517061421116,13.097020097020096,,0.014496980221069933,0.7255292348517279,0.4,0.027450695313799303,0.0,0.0,-0.16688532849186205,real_assets,2026-06-30,2026-06-30,True,False,False,False,False,False,False,False,False,False,False,,0.006479295727507682,Stacking,-0.00205915820531276,-0.09144543,-0.12091979141247014,-0.10737205025784337,0.006725235044617781,-0.002199230669460029,0.006479295727507682,-0.042892978850185864,59,70
WELL,mixed,Real Estate,226.94000244140625,226.94000244140625,2026-04-29,2026-04-29,1304.7202702702796,40.83571953583953,3.038092573996491,-5.038319260077262,-129.92329504411126,1.02,0.0017741374753317688,0.382987269756667,-0.3010930187372361,0.9380363756594576,7.299607588365125,0.0108413502672633,0.9885745550021472,0.3526089372138177,0.331614127083388,0.5090069741806322,0.1499867551442062,5.341506262667196,0.666516181961314,0.04986459796613405,6.509999293098283,-4.631030895457936,-1.6732586147352595,0.0039815985695844,0.0291832302162297,59.3233676022682,,0.07984394005237072,0.4620538747674672,0.88,-0.000515018687886631,0.0,0.0,-0.03566952863949607,real_assets,2026-03-31,2026-03-31,False,False,False,False,False,False,False,False,True,False,False,,0.0059923561147833615,Stacking,-0.003942032284109488,0.08586249,0.037416201417867626,0.035218560394519524,-0.0024668035664685358,0.0228153901031936,0.0059923561147833615,0.025218283833568257,60,25
TRGP,mixed,Energy,279.30999755859375,279.30999755859375,2026-08-06,2026-08-06,72.92490118577075,9.781161385772409,12.929854297728086,1.2566682196100922,43.92677292677293,3.54,0.20910706960207848,0.4309949451362347,0.2262113179632597,2.5223255813953487,0.7725581395348837,4.48,0.3602125539687811,0.4244671252960415,0.8731799003901913,7.177613351152254,0.4305539799584042,0.666149768805684,2.7502373525023733,0.15571048321766362,1.2320341697811,4.247222222222222,1.2985442329227324,0.0054402218440789,0.0424837194939192,14.269302325581396,,0.16568589607526296,0.7204188331296197,1.0100000000000002,0.031461122863266966,0.0,0.0,-0.014418812207141973,real_assets,2026-06-30,2026-06-30,False,False,False,False,True,False,False,False,False,False,False,,0.005987042899726973,Stacking,0.0005604299194339551,0.024785854,0.03435379787140712,-0.006437170298273742,0.004304499518944719,-0.007352262030246861,0.005987042899726973,0.00791402555737,61,40
PLD,mixed,Real Estate,128.17999267578125,128.17999267578125,2026-04-30,2026-04-30,85.67785234899328,53.17905102211024,2.252113727555816,0.2618572478857314,66.96001982640504,1.05,0.018353524853494826,0.4462119436483669,0.3783692722371967,1.2342571277854677,1.2208418454235903,0.0,1.0,0.1952135239563977,0.4094929770685431,0.7510729831922274,0.2924701598089909,0.2273641010083134,1.670777022829494,0.023414268800146444,0.0,3.272594287644988,8.494945345225434,0.0078630710346653,0.050488661918766,55.52413678643117,,-0.10187785400938021,0.1786665993175287,-0.43999999999999995,-0.007961560137290973,0.0,0.0,-0.14654450383876239,real_assets,2026-03-31,2026-03-31,False,False,False,False,False,False,False,False,True,False,False,,0.004862855408263766,Stacking,-0.0023638399902642443,-0.0052573173,-0.014612773996728742,0.006398617126387317,0.0020308859175141576,-0.006329064696946293,0.004862855408263766,-0.0021025949468365347,62,49
AMT,mixed,Real Estate,161.05999755859375,161.05999755859375,2026-07-28,2026-07-28,100.32571428571428,30.0830574884916,22.550968214507872,-6.521171426585674,68.03422423022324,1.86,0.22574401161383983,0.7069758948137327,0.4239225712198685,1.8081912307576709,3.1436053602751537,1.234591961399084,0.5942556917688266,0.3593274095703174,0.838033431226807,14.261257628303358,0.4585964200691088,0.62798600448058,4.210364447178225,0.04342963123281006,0.0,3.3162857142857143,0.3983158673976912,0.0096664443671743,0.0256647569513448,7.785475032821399,,-0.1532071632040286,-0.2477698493363517,0.1100000000000001,0.0009664619902943483,0.0,0.0,-0.09126470086994068,real_assets,2026-06-30,2026-06-30,False,False,False,False,False,False,False,False,True,False,False,,0.003979574594008764,Stacking,-0.004239013993526875,-0.07543912,-0.056630550175818264,-0.07065409624642797,-0.0015837933533671214,-0.0014298383971377473,0.003979574594008764,-0.028522514892739468,63,67
REG,mixed,Real Estate,71.80000305175781,71.80000305175781,2026-05-04,2026-05-04,42.87577639751552,25.788375703799296,1.8921658608172416,0.0603785892893069,53.337961810782105,0.46,0.018649655765733547,0.5522102380134891,0.4896266215186926,0.4028824484249459,0.6373280774749577,0.6751945379503224,0.3737047108106122,0.5407270627132653,0.45081701705992205,0.8532885235175367,0.4097414182886464,1.045193713837611,1.8504867414975423,0.03161411151081012,0.0,0.0,0.9380179301867198,0.0100779085484762,0.0705619916706717,37.71948315784875,,-0.09730949142874268,-0.0020847386830047387,-1.1500000000000001,-0.025467450486139555,0.0,0.0,-0.0967883067579915,real_assets,2026-03-31,2026-03-31,False,False,False,False,False,False,False,False,True,False,False,,0.003738648054695784,Stacking,-0.004655555653957047,-0.0005036931,-0.00036160395206514693,0.015279197708580725,-0.0014653751007412954,-0.0034294480970645715,0.003738648054695784,0.001148796658733879,64,47
WMB,mixed,Energy,69.22000122070312,69.22000122070312,2026-08-03,2026-08-03,100.18333333333334,22.96886178861789,5.735489966424611,1.8942605391202807,52.505068983137456,0.68,0.06269901440485216,0.4684177611006879,0.408692933083177,-0.3968903436988543,0.0515548281505728,1.6865793780687397,-0.307741116751269,0.2581067802161808,0.7439946733136428,3.402670414617006,0.3997172668438468,0.5312807075008189,1.534548944337812,0.05037122587031843,0.7643884892086331,3.522911051212938,0.7090231788079471,0.0083044696289209,0.0299004084629859,10.48036006546645,,-0.0923157458601741,0.12975356978461106,0.08000000000000007,0.0053866071275819605,0.0,0.0,-0.12475413830632687,real_assets,2026-06-30,2026-06-30,False,False,False,False,True,False,False,False,False,False,False,,0.0035414630580170485,Stacking,-0.005869588609512968,0.018144904,0.0028347034797105842,0.004218762330706928,0.0020317888573440496,-0.012467057168494942,0.0035414630580170485,0.001708414469928288,65,46
EQT,mixed,Energy,50.09000015258789,50.09000015258789,2026-07-22,2026-07-22,49.629629629629626,14.72153976461648,1.409331571342464,0.1235986081798968,26.00984957669554,0.21,0.008370324950326372,0.458936737050696,0.4023495254421247,0.8346225467983687,0.177402284237544,0.9673199998078588,0.4631793329761229,0.4529010105676782,0.3014808750257739,0.49319071046550134,0.2330167394337386,0.7626850168682825,1.5305129180226356,0.04380211050888607,0.8997360744344687,8.669702167176794,2.2432653007926247,0.0030760202232818,0.0931813574234001,38.0322140580042,,-0.1873783232870232,-0.11595481552086317,-0.8700000000000001,-0.02013589352770033,0.0,0.0,-0.1583896194068074,real_assets,2026-06-30,2026-06-30,False,False,False,False,True,False,False,False,False,False,False,,0.0010012438483040058,Stacking,-0.007545976576680686,0.06474616,-0.010069322128039408,-0.0160983211941358,-0.007370957285084462,-0.010317926856412528,0.0010012438483040058,0.001960703640384893,66,45
CPT,mixed,Real Estate,96.62000274658203,96.62000274658203,2026-07-31,2026-07-31,76.44444444444444,30.371335486215244,2.720658591370177,0.4321895879505662,45.81197659430221,0.18,0.004941974538442197,0.6220156911313889,0.200438082468001,1.816380853451554,0.2337485276523126,0.009005666799603,0.9950664329446436,0.4321425434744423,0.589860174617812,1.4670129117303907,0.3286554165571145,0.1012778851220797,37.49511472686394,0.00969899920154235,0.5954120933382241,2.298482936705889,10.042196073828457,0.0097300215548897,0.0665026181739843,40.164274469005775,,-0.1158491695956988,-0.1800050687721121,-1.26,-0.030825401358487103,0.0,0.0,-0.07084790240267078,real_assets,2026-06-30,2026-06-30,False,False,False,False,False,False,False,False,True,False,False,,0.0007357874669635181,Stacking,-0.010629059854126816,0.028750775,-0.002604283369536142,-0.011661164752826761,-0.00289580096047122,-0.018262973373482018,0.0007357874669635181,-0.002395885283420028,67,51
VICI,mixed,Real Estate,22.729999542236328,22.729999542236328,2026-07-29,2026-07-29,49.33333333333334,29.45225661913552,1.0733928009097176,-0.6254761903003844,35.93968087298353,0.48,0.01804962224315872,0.991195254123523,0.6388028945699924,0.6518235840594061,0.5729620549872748,0.0002846136041274,0.999563548495254,1.3113556008644347,0.38674201729312,0.6399735913534479,0.0,2.546815239930461,1.670777022829494,0.021928283561094997,0.0,3.991326700810424,4.018259060850454,0.0161117848822273,0.0327422288938442,26.19730631337181,,-0.2513175381345083,-0.28454518280653673,-0.08999999999999997,-0.003708339943559281,0.0,0.0,-0.18018124243287412,real_assets,2026-06-30,2026-06-30,False,False,False,False,False,False,False,False,True,False,False,,-0.0002499187347922427,Stacking,-0.018948151757121025,-0.06374574,-0.02053406304015252,-0.02888681643815283,0.0053637691557484254,-0.03199403247918622,-0.0002499187347922427,-0.022278815615761227,68,64
SPG,mixed,Real Estate,200.80999755859375,200.80999755859375,2026-08-10,2026-08-10,19.797860962566848,33.68711810800341,11.587190209873992,0.0119595760516003,20.991697044642702,1.49,0.5854351196981415,0.9137419604769736,0.4971743748960346,3.012232453422817,2.524851388573637,0.7143715991141594,0.8083049368693104,0.1279329013024212,0.8527666817110142,7.636346928208811,0.4710945427309431,0.1850352812140895,1.9178954197566156,0.04509269952257491,0.0790666403329509,3.270586464067096,0.6970600649059256,0.0118893555399679,0.1023500937566194,15.975400131281097,,-0.011567249662365886,0.23264377606404607,-6.3245000000000005,0.0,0.0,0.0,-0.0697281936783774,real_assets,2026-06-30,2026-06-30,False,False,False,False,False,False,False,False,True,False,False,,-0.0028109833840405203,Stacking,-0.03179941071390136,-0.01949633,-0.06872008317875315,-0.037256304302444115,0.002224117194240261,-0.02015126304824593,-0.0028109833840405203,-0.024950590917952042,69,66
FSLR,mixed,Energy,172.11000061035156,172.11000061035156,2026-07-30,2026-07-30,53.861855670103104,16.65832536240583,2.939017681183033,0.953008343504364,36.58231083475289,3.92,0.040945267490270186,0.3953815764608844,0.3256024844572856,9.972751577220922,26.608793297859453,1.6003037955809858,0.8617215806836821,0.5509480050148574,0.229169626274536,0.29730227827809513,0.0177856067888401,2.674604787183544,1.3004095700287472,0.07888749815327938,2.507401885281252,48.48402796212724,2.9602912706793383,0.0,0.1748502702786998,88.57966882435431,,-0.13884718998122914,0.15008353231106963,-0.9299999999999997,-0.013666116686673516,0.0,0.0,-0.17636807305899654,real_assets,2026-06-30,2026-06-30,False,False,False,False,True,False,False,False,False,False,False,,-0.003739656556755,Stacking,-0.04830591530656405,-0.10341571,-0.04732782810469633,-0.03292102804053837,-0.00040910765167019835,0.01751518446283321,-0.003739656556754998,-0.03071256550450031,70,68
APD,mixed,Basic Materials,273.3299865722656,273.3299865722656,2026-07-30,2026-07-30,81.25657894736842,17.739260596293313,3.571149481224816,0.0014788801253229,56.54267711598746,-3.7245,-0.10377562338840951,0.3207091055600322,0.2367445608380338,-1.5731597845601435,4.606822262118492,5.615798922800718,-0.3891417786166315,0.2574973555561908,0.589661174515893,1.7177717915844366,0.318551169436996,1.458932502358558,1.1697394714021792,0.07815436042486698,0.6943300497479656,13.477064220183486,3.837113402061856,0.0072388908100536,0.0448178912645917,69.1399730820996,,-0.01121446090415068,-0.019268078319821913,-6.3245000000000005,-0.1477822938185484,0.0,0.0,-0.006397441324195202,real_assets,2026-06-30,2026-06-30,True,False,False,False,False,False,False,False,False,False,False,,-0.020054292996230894,Stacking,-0.06432645715846572,-0.1111135,-0.12183420818965336,-0.07870082365913748,-0.03229513634241539,-0.0358088898040541,-0.020054292996230898,-0.06541633306137795,71,71
ADM,mixed,Consumer Defensive,79.5199966430664,79.5199966430664,2026-08-04,2026-08-04,61.15957446808511,1.4995236042250486,1.2239985923547267,0.0466125670077972,19.797729061270378,1.87,0.0200589451458232,0.0653696917439103,0.017245095925846,-1.3822314049586777,2.163223140495868,0.7355371900826446,2.137380191693291,-0.15505345437888604,0.335612683574252,0.5116790568776668,0.3022444435180247,11.196741854636592,1.670777022829494,0.4237300801464681,0.0,2.2535211267605635,1.8691489361702127,0.0087690421187155,0.1390130674002751,46.96900826446281,,0.1423645545620802,0.6532223834317339,0.9300000000000002,0.0,0.0,0.0,-0.02094104129585328,defensive,2026-06-30,2026-06-30,False,False,False,True,False,False,False,False,False,False,False,,0.03557267180744537,Stacking,0.023180480534638562,0.031902205,-0.0032990532882416898,-0.011087356077797258,0.017158388252676196,0.08630334399578482,0.03557267180744537,0.02611283996014302,1,29
MCK,mixed,Healthcare,898.8200073242188,898.8200073242188,2026-08-05,2026-08-05,85.18068535825545,0.9519746792516814,-77.85803389830508,2.803803459478221,57.90815409658166,4.57,-0.14481132075471698,0.034712409804254,0.015250852502873,9.123376623376624,24.017857142857142,0.8766233766233766,0.9123376623376624,0.0180828110551731,1.0011759116284595,-37.46687540719627,0.0648824227985256,0.876209067825219,3.762733491652784,0.33940903430318126,1.688660745183989,25.6984126984127,1.2242677824267785,0.0009994089831708,0.0163010594502248,-10.49312853678254,,-0.09297138369825042,0.24533426716206264,-5.0600000000000005,0.7689020844841119,0.0,0.0,-0.15430495048876608,defensive,2026-06-30,2026-06-30,False,False,False,False,False,False,True,False,False,False,False,,0.030115504895596806,Stacking,0.09640686617575346,0.11452131,0.15291928059757817,0.1307989218220937,0.08730785565390928,0.059785403595970746,0.030115504895596806,0.09495008350563851,2,1
ZTS,mixed,Healthcare,69.0999984741211,69.0999984741211,2026-08-06,2026-08-06,91.17391304347828,23.09774780058651,16.551883518462922,-1.490363982089552,65.8049883843717,1.65,0.21950444726810672,0.6887306242144952,0.3460410557184751,1.6704701049748971,5.271565495207668,0.3674121405750798,0.8197088465845465,0.3995525727069351,0.7912051469125158,3.7893900889453622,0.1685157144576579,3.0281879194630874,1.50125786163522,0.16369304238243682,1.5256673511293637,14.491228070175438,7.172727272727273,0.0039902547821208,0.0596572181938035,7.594619243046056,,-0.29651158279188033,-0.4637989252113081,0.27,0.038477728565014635,0.0,0.0,-0.1805618514890533,defensive,2026-06-30,2026-06-30,False,False,False,False,False,False,True,False,False,False,False,,0.028899037861257255,Stacking,0.08656823541702961,0.005312279,0.10653872892772175,0.10113871448625307,0.07161721709860903,0.05660131007327575,0.028899037861257255,0.06543180646549017,3,4
CL,mixed,Consumer Defensive,84.52999877929688,84.52999877929688,2026-07-31,2026-07-31,-745.3924195544553,12.158201529636711,91.74316280521498,4.089712805326246,392.80539677707253,0.86,0.8851195766453365,0.6015296367112811,0.2059273422562141,1.585684105877967,1.600596495588418,0.2199577482291537,0.8781830695113558,0.2533124128312413,0.9662894580107206,33.869840175201126,0.1256223835812488,0.9952928870292888,3.1223880597014926,0.23835616438356164,0.0,16.828125,0.921875,0.0082249006776406,-0.002317569683683,0.0671057536970299,,-0.13124358911308454,-0.08049604286634537,0.906,0.8122082314004521,0.0,0.0,-0.11111957839649819,defensive,2026-06-30,2026-06-30,False,False,False,True,False,False,False,False,False,False,False,,0.02779343244869538,Stacking,0.015180299309160792,-0.007472609,-0.011182915964078615,-0.008991320527509542,0.011795298111706178,0.06092811999182099,0.02779343244869538,0.013228496868656826,4,64
VTRS,mixed,Healthcare,17.459999084472656,17.459999084472656,2026-08-06,2026-08-06,-41.5,3.8745733880548654,0.9754318109208566,-0.0610689464399015,50.98135811556864,-0.1,0.8407960199004975,0.3063235770601576,-0.0716870072362026,0.4776158250910984,1.2618427902134306,0.2301752559430852,0.6747977445452317,0.1149937273585836,0.5930785342106916,-37.46687540719627,1.0120858237740131,1.2997617805844128,1.1065101132323505,0.10720053874206012,1.985854525778774,-2.2198996655518397,0.2526476437127133,0.0096307492681118,0.0189797969913441,12.76357799757071,,0.11210185251418192,1.0092058785354037,0.19999999999999998,0.8122082314004521,0.0,0.0,-0.140199617119669,defensive,2026-06-30,2026-06-30,False,False,False,False,False,False,True,False,False,False,False,,0.02707255266526399,Stacking,0.05032279541490047,0.023276199,0.006801486355042481,0.027392857384699196,0.0547263633129694,0.05484732698017418,0.02707255266526399,0.03530838002242204,5,18
INCY,mixed,Healthcare,117.13999938964844,117.13999938964844,2026-04-28,2026-04-28,64.98026315789474,12.941859971397,3.773842398554962,-0.5438417410214345,39.7410370683104,1.47,0.053945981457436065,0.9088440340183233,0.2547564929139554,2.6409104491974817,18.1350580679798,0.1108027208127997,0.9597331865761336,0.3585742853937182,0.23385196548956258,0.305230784333986,0.0012676624872979,3.31573486803461,1.4709339173501683,0.46254022795397753,0.654274119025617,367.2,29.99935155164428,0.0,0.1792535432215077,25.23601574480138,,0.170931621247985,0.7935997456690926,-0.050000000000000044,-0.003969891624171634,0.0,0.0,-0.02746831516928816,defensive,2026-03-31,2026-03-31,False,False,False,False,False,False,True,False,False,False,False,,0.026871863025164273,Stacking,0.013027999574257963,-0.02820922,-0.01140120076752434,0.0026897563169455217,0.013956338022133707,0.05815081564976403,0.026871863025164273,0.01154172294816068,6,70
CAH,mixed,Healthcare,230.08999633789062,230.08999633789062,2026-08-11,2026-08-11,103.78787878787878,0.918021940466253,-17.96222222222222,5.4058280254777005,77.43705799151344,7.23,-0.5945195976413458,0.0337861585244724,0.0108036246389877,2.351694915254237,11.766949152542374,0.5550847457627118,0.8090379008746356,0.0158378353419217,1.0464852022106297,-22.51222222222222,0.1861313868613138,0.9057117791014452,4.790001463914507,0.8347132593651676,1.6214483536773003,8.034090909090908,0.7135416666666666,0.0025155676522743,0.010463451952026,-11.39240506329114,,0.0009135041669159349,0.48206116803794274,5.25,-0.42007515319690136,0.0,0.0,-0.11960178784256975,defensive,2026-06-30,2026-06-30,False,False,False,False,False,False,True,False,False,False,False,,0.025109860907944426,Stacking,0.04167582562336302,-0.016098058,0.04597695716035985,0.07864336155503546,0.04418369408105488,0.04910565556016344,0.025109860907944426,0.038821295748451876,7,15
NRG,mixed,Utilities,96.93000030517578,96.93000030517578,2026-08-04,2026-08-04,612.4615384615385,3.911686567571613,18.03424800635336,-1.826868081015496,34.96578934655656,2.31,0.0392623438429506,0.3278709677419354,0.0323870967741935,-0.9192305859301296,36.38577296421718,1.5653183691838777,-1.4227642276422765,0.0153194669323701,0.878442663995994,16.33491969066032,0.5477713105090513,1.637439282600573,1.906519065190652,0.18730595893840762,1.8380381086803104,0.9028776978417268,3.688953488372093,0.0028038396599584,0.0360901708001019,8.829866371134559,,-0.29651158279188033,-0.3884156709875969,2.05,0.0,0.0,0.0,-0.19940766504498111,defensive,2026-06-30,2026-06-30,False,False,False,False,False,False,False,False,False,False,True,,0.024711450709927696,Stacking,0.02337829782134158,0.030018197,-0.03270559378020427,0.02578415948153781,0.04856340680296492,0.05030560308865145,0.024711450709927696,0.024664196651899523,8,35
SYK,mixed,Healthcare,272.9599914550781,272.9599914550781,2026-07-31,2026-07-31,159.03619909502265,18.7473539255334,5.996310214094559,-20.54187414353298,84.76387106184364,3.3,0.10878090366581415,0.6522102914516804,0.2734625575233579,4.901960784313726,10.718954248366012,0.7006535947712418,0.8749416705552963,0.2749550936617911,0.49952013352806174,2.041091219096334,0.1105273816357851,1.8931229150628688,1.7754394652141618,0.13747131233048196,0.0,5.146981627296588,2.251968503937008,0.0023877306349745,0.0333936438011327,58.00776196636481,,-0.2947134735799748,-0.283306224189786,1.0899999999999999,0.07091292864351265,0.0,0.0,-0.2238869175325283,defensive,2026-06-30,2026-06-30,False,False,False,False,False,False,True,False,False,False,False,,0.024600987136657086,Stacking,0.04589997020010297,0.06421284,0.06282826616418796,0.04811872339247976,0.017689720188391496,0.04617585905542397,0.024600987136657086,0.0438210196264075,9,11
DVA,mixed,Healthcare,176.35000610351562,176.35000610351562,2026-08-04,2026-08-04,45.26294820717132,2.7023195011198173,-15.023946292479287,0.5195631028063721,33.54269667304804,4.02,-0.34688065288538955,0.2827699530386732,0.15227553444443,4.591126596980256,9.083042973286876,1.689082462253194,0.7310467778505195,0.1721161663007212,0.9390474790096993,-21.735901115676988,1.2726512783253752,1.2916854732282628,1.2232973453223528,0.2006881169750296,3.729408114366485,4.671228813559322,2.821228779802906,0.0,0.025789035616158,-7.390261066969353,,0.14527864724974426,0.3120304002939933,1.5099999999999998,0.012854372810298553,0.0,0.0,0.06727104717624593,defensive,2026-06-30,2026-06-30,False,False,False,False,False,False,True,False,False,False,False,,0.024572746024218724,Stacking,0.01778937727993725,0.01855609,0.025642690734312835,-0.006097595304183148,0.025770486484022345,0.05002699745697997,0.024572746024218724,0.02248656418529,10,37
PCG,mixed,Utilities,12.170000076293945,12.170000076293945,2026-07-23,2026-07-23,55.41379310344828,5.228638325280717,1.0932899559068838,-0.6139455415637921,34.59103026436893,0.33,-0.032093448570838616,0.1798941798941798,0.1798941798941798,-0.5402492212931969,0.3220716511555597,1.4256074769241884,-0.610204081632653,0.1202453987730061,0.7684360678195903,3.344161032575292,1.711366936666804,0.9711656441717792,0.5791131160098731,0.040682125230913455,1.664181330152103,1.6721311475409837,0.6859035004730369,0.0022206196803159,0.0183975224914766,14.77747502270663,,-0.29651158279188033,-0.2690690644868501,0.040000000000000036,-0.05268349159480902,0.0,0.0,-0.2292443166701678,defensive,2026-06-30,2026-06-30,False,False,False,False,False,False,False,False,False,False,True,,0.024239871320545777,Stacking,0.032698940031299084,0.047967475,0.062124196612655995,0.048407816850300565,0.02818531462727496,0.0469710094674949,0.024239871320545777,0.04122621160366981,11,13
PODD,mixed,Healthcare,130.7899932861328,130.7899932861328,2026-08-05,2026-08-05,196.02758620689656,25.517049451390665,13.199751425554384,2.9059250288713896,114.95174313171285,1.37,0.06679791871747996,0.725440163306966,0.1866547588670579,0.6850093797964868,10.17707918822125,1.9200159172304017,0.2629569012547736,0.2695191883546537,0.5506619064168589,1.2254957108704823,0.0500943403577261,2.7770916041758564,1.5163474559876184,0.25329373479510914,2.869333333333333,7.464285714285714,3.311004784688995,0.0,0.0789159503342884,21.44140829524389,,-0.29651158279188033,-0.4637989252113081,-0.07999999999999985,-0.00025593555918314304,0.0,0.0,-0.1805618514890533,defensive,2026-06-30,2026-06-30,False,False,False,False,False,False,True,False,False,False,False,,0.023754349299325225,Stacking,0.0673394794998598,0.08233276,0.08265356365805401,0.11828224660583175,0.07682475051861817,0.04189223042795278,0.023754349299325225,0.06982979760507187,12,3
MDT,mixed,Healthcare,86.44000244140625,86.44000244140625,2026-09-03,2026-09-03,97.35955056179776,14.342231980483476,2.640364356435643,-1.6816361106250604,62.75592289156626,1.14,0.029264214046822744,0.6488134841428255,0.1966067864271457,1.7939318305904377,6.5384915373215815,0.3463068403400671,0.8381924198250729,0.2889942074776198,0.4550189698411678,0.8451982799808887,0.2170355670814406,2.535123749341759,37.49511472686394,0.10455919233489808,1.2323861424678864,9.795580110497236,6.010752688172043,0.0070435467782121,0.0484286693939322,38.02592765098587,,0.1886352126544688,-0.07382403898632539,0.2499999999999999,0.005930540473279844,0.0,0.0,0.20709122240105016,defensive,2026-07-31,2026-07-31,False,False,False,False,False,False,True,False,False,False,False,,0.02204299118521143,Stacking,0.007505262056646007,-0.05547722,-0.02754283152048677,-0.04007970472555716,0.006868431318106479,0.042382178874442324,0.02204299118521143,-0.005274072503894113,13,102
HCA,mixed,Healthcare,423.3900146484375,423.3900146484375,2026-04-29,2026-04-29,57.353808353808354,5.51987242351253,-17.871125037332007,0.9273851229225892,37.75385574007221,7.15,-0.25702046644455023,0.4190027161379593,0.1628657817865013,3.7709678817563175,4.507823674743184,6.453989857396732,0.3688003391267486,0.1442813455657492,0.7424410089503661,-7.238299222592416,0.4488471580086998,0.8292966360856269,1.7956197662648383,0.31096826688364526,2.433354797166774,5.555944055944056,0.4984960350013672,0.0015040488074756,0.0439274857853869,-26.123705084304973,,-0.20552800673940264,0.10788678733629231,-0.9900000000000002,0.054577343411099266,0.0,0.0,-0.2324997035734757,defensive,2026-03-31,2026-03-31,False,False,False,False,False,False,True,False,False,False,False,,0.021809676820857857,Stacking,0.05863918044633424,0.055795982,0.07261150163832512,0.06294579969003633,0.04083077995188783,0.03559887553755119,0.021809676820857857,0.04937571538750911,14,8
CEG,mixed,Utilities,258.9200134277344,258.9200134277344,2026-08-06,2026-08-06,255.9927536231884,20.25155860805861,7.616829234690363,-1.1952718258647796,89.0219139123751,1.42,0.016042780748663103,1.0,0.0265567765567765,-0.5782747603833865,11.97444089456869,3.150159744408945,-0.2248447204968944,0.1013343403826787,0.6710329455589142,2.0618256872126843,0.0813214665971985,1.52555387713998,1.279887482419128,0.07637425829236766,0.0,1.2831858407079646,0.5590296495956874,0.0010942946461589,0.021888857439381,46.23248407643312,,-0.20858291530830675,-0.1739143878131182,0.040000000000000036,-0.013715433758466396,0.0,0.0,-0.1651043183550272,defensive,2026-06-30,2026-06-30,False,False,False,False,False,False,False,False,False,False,True,,0.021752895913363768,Stacking,0.018279376381221582,0.0355849,-0.025716727682210595,0.008073268779287952,0.0179671430761806,0.04023399833015999,0.021752895913363768,0.016784115841835815,15,54
GEHC,mixed,Healthcare,63.97999954223633,63.97999954223633,2026-04-29,2026-04-29,200.0487804878049,8.011106767817715,3.607660953153483,-0.8746909508992277,49.63573761015029,0.85,0.036464191976003,0.5430038510911425,0.1420624732563115,2.0086666672405715,9.883428574252408,0.2935238096076735,0.8725023786869648,0.115431081823174,0.7064511784511784,2.4584739407574054,0.2671462245744174,1.1752883031301482,1.181795195954488,0.1382087542087542,0.6566153846153846,6.446601941747573,1.327332242225859,0.0004273057675887,0.0278252936480784,22.549613075775632,,-0.2018463130958541,-0.08795438998950356,0.44,0.0187360871489484,0.0,0.0,-0.1798577155984782,defensive,2026-03-31,2026-03-31,False,False,False,False,False,False,True,False,False,False,False,,0.021629688063011174,Stacking,0.013495763601071775,0.023862068,0.012888319632222906,0.018270904451636576,0.01940507159685484,0.04049040770322777,0.021629688063011174,0.02151253151252397,16,41
FE,mixed,Utilities,43.38999938964844,43.38999938964844,2026-04-28,2026-04-28,-527.9481132075472,6.803342112193837,2.0649312549960035,1.185677349064626,64.39425609756097,1.36,0.032005689900426744,0.2567816697392678,0.1588095865156702,-0.0519930675909878,0.1715771230502599,2.020797227036395,-0.0264084507042253,0.2155188768734585,0.7521654338774004,3.3831989884621465,1.0388548595575535,0.5651678998292544,1.8787728847105396,0.07382680042869441,1.4095904095904097,1.8785046728971964,0.5766270118964311,0.0099487888994742,0.007456286626328,21.643598615916957,,-0.14888192644863785,0.04554215396743233,1.4448,0.035922556407221244,0.0,0.0,-0.16026746494049593,defensive,2026-03-31,2026-03-31,False,False,False,False,False,False,False,False,False,False,True,,0.021204920536548634,Stacking,0.016926189057936518,0.028123999,0.029209784041125272,0.019468748981564664,0.020201561737327293,0.038615493711169235,0.021204920536548634,0.024779337190295438,17,34
PEG,mixed,Utilities,67.88999938964844,67.88999938964844,2026-08-04,2026-08-04,127.46031746031746,13.746037735849056,2.35953951242492,-0.6411562339989759,72.09271300448431,0.67,0.025437928408225438,1.0,0.1753001715265866,-0.8176352705410822,0.2705410821643286,2.262525050100201,-0.565880721220527,0.1256097560975609,0.7050507155759345,2.3904133788717465,0.6050457078540643,0.8006968641114982,1.0897196261682245,0.0434257732134052,0.0,1.942965779467681,0.330749354005168,0.0078613016818194,0.0155934374538109,33.89620758483034,,-0.19656805456037352,-0.17106227851467115,0.040000000000000036,0.0068888764708800385,0.0,0.0,-0.15380248493170573,defensive,2026-06-30,2026-06-30,False,False,False,False,False,False,False,False,False,False,True,,0.020905753349510267,Stacking,0.028537629051430452,0.11859169,0.06559114746494688,0.04263440400260831,0.019157227524976984,0.036029246080497124,0.02090575334951027,0.04628064759271506,18,10
RMD,mixed,Healthcare,221.14999389648438,221.14999389648438,2026-08-13,2026-08-13,89.54275092936804,24.79653659523984,5.581614620371628,1.7248448821043678,61.55348737522642,10.43,0.2313139094356252,0.6217704707873445,0.3497274403854912,2.124679119558687,9.738332240974383,0.1948427003113223,0.9159987637787164,0.272206705477224,0.2655108493801549,0.36149049874472183,0.0240278890255369,3.0596572107996547,1.4435459815712526,0.3298047613470965,2.1491018585816635,62.59844005535288,1.5552762974860053,0.0024824896781047,0.2084420966684398,42.98835667213015,,-0.14079803451383355,-0.09375898907312885,7.28,0.16920340233684988,0.0,0.0,-0.11735828724555133,defensive,2026-06-30,2026-06-30,False,False,False,False,False,False,True,False,False,False,False,,0.020585008117498818,Stacking,0.02665081107657354,0.04142432,0.0339861253966946,0.05069340877703914,0.02092818970264799,0.035239205270095365,0.020585008117498818,0.03259647487383231,19,22
DXCM,mixed,Healthcare,86.2300033569336,86.2300033569336,2026-07-30,2026-07-30,96.18840579710148,20.375737535725627,9.346423525127458,-4.38076451318743,67.3294152498712,0.64,0.09502555886167696,0.6293267704033026,0.2564306128929819,0.4967675200413757,5.168606154641841,0.2635117662270494,0.6534013605442177,0.137222870478413,0.5939150775331897,1.4625391012436102,0.0483493672521541,1.882520420070012,0.97650980696178,0.041314888541198705,1.356084809758931,0.0,0.0,0.0,0.0925178775146776,6.883930809726748,,0.16874496282100293,0.008420107086113848,-0.04999999999999993,-0.002316028902343434,0.0,0.0,0.16663993604947447,defensive,2026-06-30,2026-06-30,False,False,False,False,False,False,True,False,False,False,False,,0.020189446419823807,Stacking,0.007608898453229378,-0.021086052,-0.012642919144043042,-0.013058462119499563,0.013634343211880944,0.036263833064322536,0.020189446419823807,0.005014730478845094,20,86
BSX,mixed,Healthcare,43.22999954223633,43.22999954223633,2026-08-03,2026-08-03,211.88888888888889,26.745260121074537,5.834005075723186,-4.4973476141467055,158.7326830543933,0.61,0.00762133975130365,0.7447975785092698,0.228149829738933,0.6832130572604033,1.379240574627369,0.2367302893370203,0.7426686217008798,0.2507813936385365,0.439653790671582,0.7923492757809598,0.0837981447202518,1.616841331127045,1.806561859193438,0.049009200283085634,1.1783216783216783,13.4,1.931106471816284,0.0,0.0347898546950679,16.200695280117664,,-0.29651158279188033,-0.4637989252113081,0.15999999999999998,-0.01994437642085825,0.0,0.0,-0.1805618514890533,defensive,2026-06-30,2026-06-30,False,False,False,False,False,False,True,False,False,False,False,,0.020175156632219755,Stacking,0.04791276159426475,0.029734802,0.06291688463775291,0.08944331322301498,0.06247625306757794,0.03202836540664105,0.020175156632219755,0.04909159409436917,21,9
CLX,mixed,Consumer Defensive,80.6500015258789,80.6500015258789,2026-04-30,2026-04-30,78.16279069767441,7.32882824865511,-79.28366670979464,0.1982915574990047,51.17828744966443,1.2,-0.9141149527266523,0.4315600717274357,0.1440526001195457,2.212134668837684,1.8667456127366329,0.345389056101051,0.864951768488746,0.1325095867064337,0.9857054070851461,-37.46687540719627,0.2623738667812114,0.7362590541116318,2.493293591654248,0.2288688626476072,0.0,8.607142857142858,0.583732057416268,0.0123153415865598,0.0380064539261384,-1.025304515441086,,-0.29651158279188033,-0.3809962274473949,-0.09000000000000008,-0.8404039533076916,0.0,0.0,-0.2012625259300316,defensive,2026-03-31,2026-03-31,False,False,False,True,False,False,False,False,False,False,False,,0.019791486433056442,Stacking,0.038541469183789895,0.10202007,0.08748544688436605,0.06866120129951388,0.038289143843712965,0.031391820437147826,0.019791486433056442,0.05415731318639983,22,6
NI,mixed,Utilities,39.5,39.5,2026-08-05,2026-08-05,77.33333333333333,10.37800409900678,2.0897455055597027,0.1126517592296809,43.165186612087645,0.09,0.004752156748062582,0.5812181407325661,0.2709023070050975,-0.2827236181010784,0.2869528441530979,1.7895961069993656,-0.1876227883805781,0.2061086365476948,0.6810051433574086,2.634056782746644,0.8094922986804335,0.6875686932376931,1.506054610209735,0.028668002003004508,0.6375710056804544,2.752269087026161,0.8154718169413246,0.0067853928114535,0.0230273861988341,19.915911483667017,,-0.16046758767268854,-0.0022733013387219447,-0.45000000000000007,-0.02252797785657442,0.0,0.0,-0.15989926233800805,defensive,2026-06-30,2026-06-30,False,False,False,False,False,False,False,False,False,False,True,,0.019751285168293664,Stacking,0.016476054089695727,0.04073896,0.029598253068047455,0.019893302582876533,0.016963241526184135,0.03368003423970574,0.019751285168293664,0.02509993933908975,23,31
CNP,mixed,Utilities,37.209999084472656,37.209999084472656,2026-04-23,2026-04-23,95.85,9.994419161676648,2.2447789832332106,-2.133751704545456,50.310258531540846,0.48,0.027600663813433488,0.2758483033932136,0.2163672654690618,-1.0826952526799387,0.8560490045941807,2.2679938744257275,-0.91343669250646,0.1236421725239616,0.7688353680021556,3.3259212767865147,0.9428814963400732,0.910702875399361,1.7371705963938973,0.06219035474632607,1.3953846153846154,2.336206896551724,0.280248833592535,0.0057117704810908,0.0180352617674017,17.0015243902439,,-0.14143979961992037,-0.006408569172959844,0.07999999999999996,0.003929902583271288,0.0,0.0,-0.1398376573266804,defensive,2026-03-31,2026-03-31,False,False,False,False,False,False,False,False,False,False,True,,0.01958486892916697,Stacking,0.01691899920062282,0.035074666,0.02355609251975069,0.014779100432167706,0.018297936476246293,0.033090574299291575,0.01958486892916697,0.02292996338152961,24,36
CMS,mixed,Utilities,63.63999938964844,63.63999938964844,2026-07-28,2026-07-28,74.39361702127661,9.412727442884014,2.298624276023622,8.363810877838803,58.83476104784432,0.37,0.012277470841006752,1.0,0.1948051948051948,-1.9829217734831803,2.0461357226378456,3.573251652216335,-1.2468619246861925,0.1347237880496054,0.7595572942458156,3.3548775153105863,0.8937313515548515,0.9785794813979708,1.687830687830688,0.04471336022491138,0.0,2.175,0.5306298533218292,0.0079453359440862,0.0150601427779769,30.42254479317148,,-0.1849385324071665,-0.09370550570138936,-0.57,-0.01932795348095295,0.0,0.0,-0.16151215598181917,defensive,2026-06-30,2026-06-30,False,False,False,False,False,False,False,False,False,False,True,,0.01919002210482071,Stacking,0.016058425452536596,0.06404995,0.047994820867015266,0.035946867394926287,0.015795882964555735,0.031808951069552865,0.01919002210482071,0.032437122923167465,25,23
ZBH,mixed,Healthcare,88.05999755859375,88.05999755859375,2026-08-05,2026-08-05,126.64788732394366,7.90276495231304,1.3956007492641156,-0.808271079943899,54.32787838730998,1.03,0.015708299336971935,0.6468490952847847,0.1282645512077725,3.390973630831643,3.0015212981744424,0.7677484787018256,1.2926734995025584,0.2002167430429229,0.44588951565501933,0.8052424369648049,0.4240359246533317,1.981615512636916,1.3164750058671673,0.09549167024888366,0.0,4.00278164116829,0.7493171471927162,0.0026787390008156,0.0407764372851654,64.13831398283695,,-0.11488594272194441,-0.033476044796468596,0.32000000000000006,0.0047290615085786355,0.0,0.0,-0.10651693152282726,defensive,2026-06-30,2026-06-30,False,False,False,False,False,False,True,False,False,False,False,,0.018695367512686044,Stacking,0.01855080087683911,0.06966003,0.06017819970099049,0.04477848685519614,0.01614490272472874,0.02981189479556842,0.018695367512686044,0.03616847013482688,26,16
ABBV,mixed,Healthcare,259.92999267578125,259.92999267578125,2026-08-03,2026-08-03,224.00980392156865,24.47958647731376,-79.28366670979464,0.0605349634068704,29.341187313069096,2.03,-0.6087615838247683,0.8401733060536767,0.3495607172944999,2.746024471015372,2.9527205244687686,0.1847907651798031,0.9369490226140283,0.12053870498279,1.0240967452971037,-37.46687540719627,0.1675582687895185,0.6713483794959458,1.320041305901978,0.12574473596565888,0.0771599558421939,8.868702290076335,1.6482806731813249,0.0071558194393774,0.1058887439134618,-1.8432919954904168,,0.10957906887979707,0.39007429635692414,1.0099999999999998,-0.053409901867581766,0.0,0.0,0.012060494790566034,defensive,2026-06-30,2026-06-30,False,False,False,False,False,False,True,False,False,False,False,,0.01798397338995654,Stacking,0.009021043186569848,-0.025015047,-0.0009983302470094344,-0.02994860798622653,0.011708383971521933,0.02856895408278852,0.01798397338995654,0.0021617661715372214,27,90
PPL,mixed,Utilities,32.7599983215332,32.7599983215332,2026-05-08,2026-05-08,97.2777777777778,11.397870386983293,1.7417349143202745,-1.4963836763963476,48.82072625414364,1.59,0.03244096748726046,0.2581354441512752,0.2102022867194371,-0.8296030471022668,1.4673435002492865,1.5700305223661792,-1.1204379562043796,0.1205455345358557,0.6710945097692512,2.0403870707613736,0.7465635719295284,0.8647162340519138,1.2753785754346607,0.059908431237042155,1.0821039127645926,2.287081339712919,0.5372848948374761,0.0077550014448493,0.02088067713994,19.97066334918264,,-0.15414411769860037,-0.05645166124616352,1.23,0.014565824687717461,0.0,0.0,-0.1400312023870595,defensive,2026-03-31,2026-03-31,False,False,False,False,False,False,False,False,False,False,True,,0.017732770391303363,Stacking,0.015964601166650074,0.025823174,0.02242418159844477,0.017840689948504403,0.01707089791416807,0.02692362955543998,0.017732770391303367,0.020474404286849174,28,46
DG,mixed,Consumer Defensive,118.93000030517578,118.93000030517578,2026-08-27,2026-08-27,61.201030927835056,2.8942060705863506,3.7099871874428016,0.3591639970144797,52.65511832149453,2.48,0.05924597422574308,0.3044946556305478,0.0555645422415841,5.779122685900115,5.170961793506895,2.4855294951219955,0.6992578222675302,0.2614006192955603,0.7112397226092695,2.4630802028454517,0.1935691042808388,1.1345567928218605,37.49511472686394,0.3509889986838511,1.8730415105963285,11.592053689222004,0.4736588687655195,0.0041142496379609,0.031029226740629,38.46154054701303,,0.08738806858691106,0.07667934370066809,0.54,0.009163513801225279,0.0,0.0,0.06821823266174404,defensive,2026-07-31,2026-07-31,False,False,False,True,False,False,False,False,False,False,False,,0.017653127896794678,Stacking,0.013365676059031089,0.019868368,0.005646172581546743,-0.003658723319163744,0.010510453742953875,0.026841196221006502,0.017653127896794678,0.01296333494209679,29,66
WMT,mixed,Consumer Defensive,104.26000213623047,104.26000213623047,2026-08-28,2026-08-28,234.49056603773585,4.981038834340382,9.53316140819338,-1.7977588402761389,96.54826679462572,1.84,0.06480180785439443,0.2467323346760657,0.0456738838536421,0.7650232091331075,1.3457533559151926,1.005520010036382,0.4320838942818678,0.1313215904121188,0.6270040889738221,1.7917423732896995,0.0497533372138598,0.7897533242144247,17.065520945220193,0.6394285403213185,2.277398074879878,12.282087447108603,0.6631168441577922,0.0019764865700949,0.0446976827573842,12.43813210138594,,-0.08804885391788086,0.06550845310404174,1.31,0.022268906843522833,0.0,0.0,-0.1044259671938913,defensive,2026-07-31,2026-07-31,False,False,False,True,False,False,False,False,False,False,False,,0.01760940298998951,Stacking,0.016325411135091037,0.009732838,0.025587243700155932,0.037333544072730505,0.018999107298589554,0.026505183186989356,0.01760940298998951,0.021787002686979536,30,39
EXC,mixed,Utilities,40.470001220703125,40.470001220703125,2026-05-06,2026-05-06,75.15517241379311,8.142921286031042,1.5302968956177514,-0.5564329545454546,48.68306770833333,0.9,0.012894422650520211,0.019323034352334116,0.2182187730968219,-1.1770524233432245,1.1384767556874382,2.407517309594461,-0.9565916398713826,0.1204142870970864,0.7506061508358501,3.0097219853317414,1.13827049053665,0.9240151001839124,1.0649350649350648,0.061610447062827,1.7688793335124966,2.1551094890510947,0.5433596118859915,0.0091900314707522,0.0172948092785854,28.456521739130437,,-0.17693713197675165,-0.07581636856124396,0.32000000000000006,-0.007732009740617987,0.0,0.0,-0.15798303983644066,defensive,2026-03-31,2026-03-31,False,False,False,False,False,False,False,False,False,False,True,,0.017601124273029574,Stacking,0.0304194517914459,0.053042132,0.026887951328365474,0.03579274286134566,0.020391207157155863,0.024630966262614632,0.017601124273029574,0.029517278692338788,31,24
VRTX,mixed,Healthcare,506.739990234375,506.739990234375,2026-08-04,2026-08-04,96.66524520255864,35.669208887236216,6.166791886766172,2.276412844149666,84.15426967122275,4.31,0.05431674395863275,0.8555979052399988,0.4029624120727588,1.3729814887751084,26.038204017329655,0.588420638046475,0.7,0.1289754480472392,0.2616534115150255,0.35437749099906657,0.0167607660360733,2.9009116336890086,1.572047934528449,0.02336695437821123,1.0093134069742258,367.2,14.095238095238097,0.0,0.1664036378226561,72.88481062085123,,0.042610518351490656,0.13764225632394544,-0.3800000000000008,-0.009495147307747455,0.0,0.0,0.008199954270504295,defensive,2026-06-30,2026-06-30,False,False,False,False,False,False,True,False,False,False,False,,0.017357262927369443,Stacking,0.00942574662045776,-0.04472708,-0.051157895113804766,-0.038087981778270864,0.008299039771136036,0.026312217121859018,0.017357262927369443,-0.009390711785059496,32,106
KR,mixed,Consumer Defensive,59.47999954223633,59.47999954223633,2026-09-18,2026-09-18,52.817518248175176,1.1384492440604752,6.669925763455374,-0.0683981658495472,30.93427337398374,1.05,0.10976027397260274,0.2131317494600432,0.0358819294456443,2.863275039745628,7.278219395866454,1.5039745627980925,0.6556243174372042,0.1518938346696157,0.8818775130831868,7.473458904109589,0.4608595679773554,0.8020458943876141,15.84169708029197,0.6995413307470045,2.6052631578947367,8.36241610738255,0.6606247589664481,0.0057167935870729,0.0359731848653562,9.393026941362915,,-0.026526107451578906,-0.1334498901189346,-0.32000000000000006,-0.035507146307471454,0.0,0.0,0.006836365078154744,defensive,2026-08-15,2026-08-15,False,False,False,True,False,False,False,False,False,False,False,,0.017340247281105912,Stacking,0.015042698848515475,0.0013741942,0.01712780036671666,-0.0013846222787329255,0.015620167827751665,0.025683646892236827,0.017340247281105912,0.013165879961752301,33,65
MKC,mixed,Consumer Defensive,44.13999938964844,44.13999938964844,2026-10-01,2026-10-01,13.343915343915343,10.19027269331341,2.735634858100655,0.0134222397165912,94.346207442597,0.36,0.013936287178901375,0.3783019371364534,0.1347990821281818,0.189360119047619,0.6610863095238095,0.0,1.0,0.0147874843845326,0.5443347386880953,1.2941756029300473,0.2573374155405405,0.758054675924581,2.259889049686445,0.12160522743925144,0.8371658522563955,5.340380549682875,0.1502357795461243,0.0007279182083869,0.1156060157903119,25.910541945063105,,-0.04379599845195381,-0.3584302414295285,-3.42,-0.13164484830238163,0.0,0.0,0.045811561905428316,defensive,2026-08-31,2026-08-31,False,False,False,True,False,False,False,False,False,False,False,,0.01730111691704291,Stacking,0.023145146161259175,0.021406475,0.040307653702756595,0.04774480111053799,0.011051770379708937,0.024359205857520487,0.017301116917042905,0.02635305147842215,34,28
PEP,mixed,Consumer Defensive,125.5999984741211,125.5999984741211,2026-07-09,2026-07-09,77.16129032258064,6.699933381044883,9.634232343428405,-9.191256788385846,50.42238053962184,3.06,0.1348990858901258,0.5323245748560134,0.121221415669836,3.439524916992116,6.969736861351237,1.4012608422191992,0.7105302915848315,0.2020205103162007,0.801495690308319,4.069101276133587,0.2501676721584061,0.8530399218654621,2.5502346601772987,0.21553806522921143,1.1725051264524948,10.68168168168168,0.5924381428968585,0.0098984646826127,0.0450651683323354,14.88402625820569,,-0.24916308898779838,-0.040562229973866826,1.2,0.010425891731545012,0.0,0.0,-0.23902253149433167,defensive,2026-06-13,2026-06-13,False,False,False,True,False,False,False,False,False,False,False,,0.01721614932127507,Stacking,0.014742171606418521,-0.005339075,0.035027545339342894,0.021603637800324524,0.01739554951102799,0.025347229069069284,0.01721614932127507,0.01814893485059844,35,49
DTE,mixed,Utilities,123.2699966430664,123.2699966430664,2026-04-30,2026-04-30,71.65555555555555,6.296900943396225,2.170109729334309,-1.6474736436950146,49.508280373831774,1.19,0.020043820498255295,0.1672169811320754,0.1365566037735849,-1.458937198067633,1.207729468599034,6.505508236846493,-0.2846371347785108,0.196154557219449,0.7723523101394592,3.394131512639193,0.9841618705817404,0.8038454427805509,1.9730107026523964,0.06810263482615954,2.014261266400456,2.075268817204301,0.3762259709690074,0.0086146000241208,0.020666698596676,59.43478260869565,,-0.16512023946450116,-0.09346965257341955,-0.6100000000000001,-0.010192707177921204,0.0,0.0,-0.14175282632114627,defensive,2026-03-31,2026-03-31,False,False,False,False,False,False,False,False,False,False,True,,0.01683774626383738,Stacking,0.011772937407897475,-0.0037154483,0.020996105342539213,0.03269894126647809,0.016711030849618266,0.024446771785495567,0.01683774626383738,0.017285711768675334,36,51
ABT,mixed,Healthcare,96.69000244140625,96.69000244140625,2026-04-29,2026-04-29,122.83333333333334,19.101285452482763,4.198765202378669,3.6202972304335534,79.88186746987952,0.61,0.02068727070167688,0.5704686272798674,0.1964394798848067,1.5031482541499714,5.116771608471666,0.3943903835145964,0.792156862745098,0.2009578079534432,0.3914291974675077,0.6511030117015154,0.0645828523846427,1.5758971871968963,1.4452011602976416,0.10109663222523069,1.1608490566037737,53.595238095238095,0.6684571769621008,0.004705739810143,0.0647575275469919,29.839725243274184,,-0.15273394285483488,-0.27610988664066594,-0.41000000000000003,-0.013381403766000017,0.0,0.0,-0.0837064711946684,defensive,2026-03-31,2026-03-31,False,False,False,False,False,False,True,False,False,False,False,,0.01680596960466353,Stacking,0.016975475468621024,0.025657985,0.03488389087298313,0.03652707465822869,0.020557999289140948,0.02373896059497211,0.01680596960466353,0.02486821002776911,37,33
BMY,mixed,Healthcare,61.459999084472656,61.459999084472656,2026-07-30,2026-07-30,101.77358490566036,8.805914253719404,5.959591836734694,-0.4976513611250627,67.0107292616226,1.62,0.14861776961333392,0.6722924332106863,0.113501839705647,0.7858892699657031,5.229299363057325,0.1812836844683978,0.8125633232016211,0.0842977324166204,0.7453157450304676,2.9264303956270443,0.4097590060053661,1.2550711021907162,0.860722891566265,0.14803615035260287,1.146013986013986,27.823529411764707,0.782871972318339,0.0114631878162481,0.0267292959794217,9.05095541401274,,-0.01411615199755134,0.25968434278484653,1.09,0.08982926747507812,0.0,0.0,-0.07903723769376297,defensive,2026-06-30,2026-06-30,False,False,False,False,False,False,True,False,False,False,False,,0.016593391901185396,Stacking,0.02959552292500928,0.043788124,0.05598802858267421,0.046176771973528076,0.021997178806716446,0.021371513949671565,0.016593391901185396,0.03324841165665024,38,21
BF.B,mixed,Consumer Defensive,25.969999313354492,25.969999313354492,2026-09-02,2026-09-02,46.38596491228071,12.149730959548448,3.1639304287114163,0.5683639592415735,41.57537877384196,0.38,0.044343663391282435,0.6086547507055503,0.3226716839134524,0.830731997804494,0.851924140605629,0.0529803570028376,0.9400479616306956,0.2725490196078431,0.49277955271565493,0.9715293524817334,0.2125408549109087,2.7673202614379084,1.081383519837233,0.11642172523961661,0.5098039215686274,13.192307692307692,0.4677419354838709,0.0082848347815909,0.0689573459715639,8.637197502364543,,0.05005097471396702,-0.10878519858083424,-0.18999999999999995,-0.021065449788531358,0.0,0.0,0.07724727435917558,defensive,2026-07-31,2026-07-31,False,False,False,True,False,False,False,False,False,False,False,,0.016465979095111525,Stacking,0.0095998151816482,-0.03076466,-0.011200849530438711,-0.0023734391049498142,0.00901818598899101,0.023291905440064584,0.016465979095111525,0.0026061277899575306,39,88
SYY,mixed,Consumer Defensive,77.7699966430664,77.7699966430664,2026-08-21,2026-08-21,90.9753086419753,1.7137980961222428,15.585578656018397,-1.2577141284980402,54.78318100941495,3.66,0.659039759939985,0.1826413640304402,0.0333301223388883,0.8031771552017164,2.549305152354539,0.2920644200733514,0.7333333333333333,0.054773082942097,0.9139840329642028,10.88173455978975,0.4166728019098466,1.2954616588419403,3.732158907064533,0.8347132593651676,2.850184749748069,4.0,0.6061980347694633,0.0072789866244874,0.0253190033409813,4.74969317720639,,-0.1404730698158001,0.0644675149612155,2.85,0.48864992200744006,0.0,0.0,-0.15658994855610398,defensive,2026-06-27,2026-06-27,False,False,False,True,False,False,False,False,False,False,False,,0.016463476733827715,Stacking,0.023664518194904074,0.0043376125,-0.003356542521899156,-0.005928048400348386,0.01736133956772341,0.021610399115031494,0.016463476733827715,0.01087988279338976,40,71
BAX,mixed,Healthcare,23.639999389648438,23.639999389648438,2026-07-30,2026-07-30,-8.847222222222221,3.3028043039677204,1.6026333822809593,-0.0009410279342023,-39.455346756152124,0.24,0.02030293264582662,0.1940147948890383,-0.2451244115669132,0.8638132295719845,3.8249027237354087,0.2723735408560311,0.7602739726027398,0.1966329966329966,0.6877873781011571,2.193361263293587,0.9645163063728932,2.3138047138047138,1.5393374741200827,0.14956293264615228,2.3993993993994,-10.565217391304348,-1.6732586147352595,0.0088571795075408,-0.048993395475977634,11.924124513618676,,0.20060941542145438,-0.2000000206548752,2.4000000000000004,0.2043460065567419,0.0,0.0,0.2506094205851732,defensive,2026-06-30,2026-06-30,False,False,False,False,False,False,True,False,False,False,False,,0.016354876337407023,Stacking,0.049860718475620784,0.10154424,0.06953472896008629,0.10212022041502834,0.06258209220463348,0.018849698138325023,0.016354876337407023,0.05916963096054385,41,5
HSY,mixed,Consumer Defensive,159.3000030517578,159.3000030517578,2026-07-30,2026-07-30,112.33333333333331,11.980455040583678,7.986593652881867,1.5132399169178752,109.05525169195847,0.64,0.09870383350407073,0.370368561067686,0.1439372298020621,3.512983183779374,4.549809822402626,1.040237058586494,0.7715381634941553,0.3076311399862412,0.6734650382751026,2.02951679516903,0.1459032895556414,1.191574675885223,4.236904544875108,0.15638988533070655,1.5498944414315192,9.254560582423297,0.4300407300233262,0.0073272355296199,0.0351491403141748,22.811242411421485,,-0.29651158279188033,-0.013316797449626327,-0.9800000000000001,0.02968631045452104,0.0,0.0,-0.26656497501143467,defensive,2026-06-28,2026-06-28,False,False,False,True,False,False,False,False,False,False,False,,0.01632188178999279,Stacking,0.01420695379477683,0.011353509,-0.0006625334556478093,-0.005725969610619364,0.012768913378569507,0.022281271913476154,0.01632188178999279,0.010242218359844612,42,74
ES,mixed,Utilities,64.30999755859375,64.30999755859375,2026-08-03,2026-08-03,60.11607142857142,7.502027742795968,1.560960725461715,1.1425311025420115,43.25042146102774,0.14,-0.026603138999045116,0.2923871489966755,0.2108079174030234,-0.1790988962353446,0.3604427202002874,2.6185790399987057,-0.0734168288654527,0.1173151811766441,0.7436325099126054,2.928510117537701,1.1939419836325829,0.6502117176742509,1.5880656035570602,0.045780256804686496,1.2823596595565288,2.1453863551949364,0.3667144336694856,0.011016163125061,0.0209224538953935,43.0572916393775,,-0.13585061060744763,-0.009396217520120986,-0.9800000000000001,-0.05261406392584292,0.0,0.0,-0.13350155622741738,defensive,2026-06-30,2026-06-30,False,False,False,False,False,False,False,False,False,False,True,,0.016061934778772397,Stacking,0.014898169293048465,0.0062957085,0.013849072372282825,0.015014422457360947,0.013862161431301943,0.021336463441871987,0.016061934778772397,0.01459758863641323,43,62
SOLV,mixed,Healthcare,87.7699966430664,87.7699966430664,2026-08-05,2026-08-05,220.11111111111111,6.9047467467467465,2.732359675183204,-0.576010270531401,36.71305521472392,0.53,0.019166666666666665,0.492992992992993,0.6388028945699924,0.1838024124066628,5.043078690407811,0.3618609994256174,0.3368421052631579,0.0302933673469387,0.6629923471178825,1.9672916666666667,0.3649692179090214,1.230548469387755,1.932301740812379,0.15509373025345785,1.4745269286754004,32.90196078431372,9.68627450980392,0.0,0.0479177934018388,28.802053622361665,,0.2023287211378959,0.20035553395878547,0.17000000000000004,0.0066889483065953655,0.0,0.0,0.15223983764819954,defensive,2026-06-30,2026-06-30,False,False,False,False,False,False,True,False,False,False,False,,0.016009416577190926,Stacking,-0.03658513236415267,-0.04260109,-0.0046052967154852666,-0.013463204549633104,-0.013584864809356867,0.027358247373509344,0.016009416577190926,-0.009148734678349278,44,105
ALGN,mixed,Healthcare,145.35000610351562,145.35000610351562,2026-08-05,2026-08-05,82.61904761904762,10.685255188657514,2.764398674585042,0.1448451717259392,36.71922633727129,1.51,0.025586580642478488,0.6569030353906866,0.1523472142933415,4.041431839741086,15.27409184755315,0.9280871603147146,1.298099714576323,0.1162371127308901,0.34049091082761557,0.5162793302134719,0.0028533634552172,1.3627820615984771,0.9049608829139512,0.019617048853765928,2.959365994236311,0.0,7.443439055699928,0.0,0.1088262732851585,56.428599300416685,,-0.2310337207516897,-0.18575986721463433,-0.3799999999999999,-0.00794146859850971,0.0,0.0,-0.18459375394803113,defensive,2026-06-30,2026-06-30,False,False,False,False,False,False,True,False,False,False,False,,0.015739419122539622,Stacking,-0.07143435741350222,-0.0018429941,-0.02127391259468236,0.041279757377837796,0.012254320906837675,0.031723029294238,0.015739419122539622,0.0009565100346571793,45,95
COR,mixed,Healthcare,309.7799987792969,309.7799987792969,2026-08-05,2026-08-05,117.27430555555556,0.918021940466253,34.374314714242,-0.1107566873036532,68.8564110134908,3.94,0.25025516575449414,0.0327197025146017,0.0118277336819375,-6.374358103790715,9.312647063366612,0.614646352828508,1.0517862247843868,-0.0389833521834885,0.9732524817698716,33.869840175201126,0.1207628180187094,0.9157723179944496,3.307632048135637,0.8347132593651676,1.482602255786352,10.886336128873324,2.063488347002908,0.001928672025062,0.0107525779173386,9.770314203943292,,-0.16871058961680696,0.06063614468893386,1.06,-0.04301045734593717,0.0,0.0,-0.18386962578904043,defensive,2026-06-30,2026-06-30,False,False,False,False,False,False,True,False,False,False,False,,0.015501243474937716,Stacking,0.03948234373851211,0.050477415,0.07287769728013056,0.05523618208932704,0.0494386031463188,0.017026848330515564,0.015501243474937716,0.04234522054965254,46,12
ED,mixed,Utilities,103.5,103.5,2026-05-07,2026-05-07,121.1219512195122,8.974848560700876,1.482204216618437,-0.5288522317981034,49.01052140077821,2.54,0.03609939052977028,0.5151439299123904,0.12090112640801,0.4875346260387811,4.512465373961219,3.6121883656509697,0.1189189189189189,0.2237677653462352,0.6757503049475222,2.0840429929723028,0.7914204401564991,1.0205624433020866,1.0349740932642486,0.06816874272487658,0.994863893168978,1.5431309904153354,0.4364360738862731,0.0082276934679365,0.0176938488088389,66.78630590833794,,-0.07638764947349641,-0.0034662045060658286,1.7200000000000002,0.02382158978566118,0.0,0.0,-0.07552109834697995,defensive,2026-03-31,2026-03-31,False,False,False,False,False,False,False,False,False,False,True,,0.015246551335590905,Stacking,0.01574048452535494,0.05506763,0.043099137407452824,0.021501062456860825,0.014958825304717139,0.01849292080000553,0.015246551335590905,0.0257931222555163,47,30
UHS,mixed,Healthcare,175.07000732421875,175.07000732421875,2026-08-07,2026-08-07,30.535014005602243,3.090009206321466,1.9052124662167365,0.3363639857216907,24.46770962443495,5.98,0.04770507965863399,0.9057611510175548,0.1152979192376006,4.615734260234976,2.167266950818641,4.423019455497712,0.5106604743750142,0.1773962287331063,0.5356665706800459,1.1748105223458831,0.3665521423993494,1.0519551636142843,1.7237893448978918,0.2910492971472599,0.5635793071637868,12.180482290881688,0.7551973192384406,0.0008920114543187,0.0712796002937406,112.86947348825665,,-0.15187478284943923,-0.06569533928797766,-1.1599999999999993,-0.013585979788914807,0.0,0.0,-0.1354509480274448,defensive,2026-06-30,2026-06-30,False,False,False,False,False,False,True,False,False,False,False,,0.015230916468553336,Stacking,0.014736697127516112,0.04494267,0.06971680736982246,0.06348445397808805,0.018741386817799445,0.01866604789661621,0.015230916468553336,0.034499755164819776,48,20
EIX,mixed,Utilities,53.79999923706055,53.79999923706055,2026-04-28,2026-04-28,12.504166666666668,4.432706694801458,1.3145059445929803,0.0256182926829268,47.94418434528164,1.37,0.030658198614318708,0.019323034352334116,0.1724534816804143,-0.8285714285714286,0.4103896103896104,4.911688311688311,-0.2029262086513995,0.1492027334851936,0.8001164329187616,4.3643764434180135,1.7980586557727511,0.729498861047836,1.9300259163272864,0.04342947869806827,2.3997440273037545,3.654471544715447,0.1462425277540563,0.0145406076762291,0.0354701940695761,45.65974025974026,,-0.27707606507577875,-0.029406472360444802,-3.4299999999999997,-0.07429657697018549,0.0,0.0,-0.26656497501143467,defensive,2026-03-31,2026-03-31,False,False,False,False,False,False,False,False,False,False,True,,0.015088012557874352,Stacking,0.02588546122160469,0.01718151,0.05117578339318887,0.052321146666558495,0.024428858271030304,0.016833972658168623,0.015088012557874352,0.028821796371887424,49,26
SRE,mixed,Utilities,78.05000305175781,78.05000305175781,2026-05-07,2026-05-07,163.5,15.312899442379184,1.8241405484911748,0.1170218735795454,66.21097906976745,1.58,0.03216601011197618,0.3436006372809346,0.2934147636749867,-3.401870875882236,0.048723813173403234,5.22222392332777,-1.8687973086627416,0.0543071161048689,0.6212143076173813,2.1787499209211107,0.5876877486654111,1.5911665296428246,1.887719298245614,0.12070332458288553,1.6919917864476386,3.27893175074184,0.2208996753748647,0.0073870638497378,0.0139374845743985,48.40087572913637,,-0.18417473553091035,0.0003845559056372405,1.04,0.02103170252672918,0.0,0.0,-0.18427087450731966,defensive,2026-03-31,2026-03-31,False,False,False,False,False,False,False,False,False,False,True,,0.014781953405513103,Stacking,0.014384824849097023,0.002530502,0.02222246254304679,0.011299003355533136,0.019223961122300442,0.01720620315146675,0.014781953405513103,0.014615216910381972,50,61
KMB,mixed,Consumer Defensive,94.33999633789062,94.33999633789062,2026-08-04,2026-08-04,67.26,8.236877205882353,22.374473368841542,1.410090651928859,58.52037810218978,1.2,0.19714285714285715,0.3590686274509804,0.1242647058823529,1.7262083458420894,2.065445812068448,1.1918342839987992,0.5915637860082305,0.1364210526315789,0.9040984558225936,10.368841544607193,0.2132923316913573,0.7452631578947368,2.156448202959831,0.22577341813086127,0.7718417945690673,8.45,0.8488063660477454,0.0124380851907069,0.0441761910877102,4.509156409486641,,-0.14033172646354453,-0.3341332838940526,-0.30000000000000004,-0.13508084458816813,0.0,0.0,-0.05679840549003137,defensive,2026-06-30,2026-06-30,False,False,False,True,False,False,False,False,False,False,False,,0.01448692088546132,Stacking,0.022219101502097063,0.043803636,0.016660949055699537,0.010256655753354391,0.013493429149953216,0.015023695571392479,0.01448692088546132,0.019167994334268364,51,47
COO,mixed,Healthcare,57.40999984741211,57.40999984741211,2026-09-09,2026-09-09,108.33333333333331,15.630745059692163,1.913850549976088,0.5719985523866506,86.38273496240602,2.24,0.05196801229557407,0.6788399576983106,0.20779220799511,0.8068124046771734,0.6349771225216065,0.5195729486527707,0.6082790364441512,0.1635019107601679,0.34284406710117254,0.5217213803703081,0.1561585777019019,1.337218775459046,1.26886383223888,0.05162781889627093,1.4565987555358724,9.5,0.2354221738454361,0.0,0.0322151618146889,42.52160650737163,,-0.18382144089547758,-0.12123067737008864,1.58,0.036329561793422074,0.0,0.0,-0.15351377155295542,defensive,2026-07-31,2026-07-31,False,False,False,False,False,False,True,False,False,False,False,,0.014277807456669022,Stacking,0.011760439032316057,-0.036020566,-0.034568612897168005,-0.057824170420454596,0.019310665248166863,0.015853221225319132,0.014277807456669022,-0.008828014759773408,52,104
DLTR,mixed,Consumer Defensive,114.43000030517578,114.43000030517578,2026-08-27,2026-08-27,43.11417322834646,4.295259141027758,6.235097872113772,0.1035670889771651,40.676398153662895,2.7,0.15020582138790764,0.3917295026326893,0.1232135322068725,4.870919136112506,3.605223505775992,1.317930688096434,0.7870475572147378,0.3816514898098247,0.7558519130980214,3.0958748138849153,0.1974998557374158,1.0673976336492597,1.670777022829494,0.34863431601756284,2.166002482524336,37.10497237569061,0.4976922321516253,0.0,0.0521145469710543,18.79329329329329,,0.027660551059693672,0.02766053260148893,0.16000000000000014,0.01542193899423544,0.0,0.0,0.02074541790932144,defensive,2026-08-01,2026-08-01,False,False,False,True,False,False,False,False,False,False,False,,0.0142578786867872,Stacking,0.011937721334124402,0.029154154,0.02724250365266909,0.01508590011276373,0.009007757259825513,0.015511288883701069,0.0142578786867872,0.017240816740639875,53,53
HSIC,mixed,Healthcare,84.93000030517578,84.93000030517578,2026-08-04,2026-08-04,87.88372093023256,2.5995284014111144,2.7533371696918336,9.288423833101517,48.69366842050781,0.82,0.029775102945834655,0.2892057026476578,0.0541169624672679,2.8800394139358376,1.3292489602780788,0.3663955467433166,0.8871391076115486,0.1180297397769516,0.585010104560232,2.108964206525182,0.3845732356862148,1.382899628252788,2.0817686250757115,0.296564625252614,2.116984402079723,4.769230769230769,0.2450765864332603,0.0,0.0285002336084722,27.42202408018778,,0.04375077184682041,0.22096032641138263,-0.040000000000000036,-0.0013497044501591463,0.0,0.0,-0.011489309756025246,defensive,2026-06-27,2026-06-27,False,False,False,False,False,False,True,False,False,False,False,,0.014069736797579897,Stacking,0.011620101911394112,0.032737587,0.02603096030341407,0.03825091810918575,0.01286572446542843,0.01501124575607667,0.014069736797579897,0.021251176469250663,54,43
SO,mixed,Utilities,83.47000122070312,83.47000122070312,2026-04-30,2026-04-30,229.47368421052636,13.777624982094256,2.670524211461573,-0.7657456032215648,58.038581252262034,1.2,0.0376499333629498,0.1880819366852886,0.1304970634579573,-1.6899365367180417,1.485947416137806,4.044424297370807,-0.7177512514439738,0.1537778304121269,0.7458336252077615,3.251860284318081,0.6843096808537183,0.646435338702037,1.7156549520766773,0.0534735179677898,1.5277628032345014,0.946985446985447,2.571175950486295,0.0079121162467665,0.0172952341831189,32.4761045987376,,-0.14152009440807234,-0.07193683321433031,0.82,0.0260995113282986,0.0,0.0,-0.12353588610448976,defensive,2026-03-31,2026-03-31,False,False,False,False,False,False,False,False,False,False,True,,0.014017099105557018,Stacking,0.015111810627016907,0.014043553,0.04554319268310313,0.0343809885814511,0.01770829170694882,0.014485339835408884,0.014017099105557018,0.022020391075226242,55,38
CNC,mixed,Healthcare,60.9900016784668,60.9900016784668,2026-07-28,2026-07-28,-18.37053571428571,0.918021940466253,1.012759447812359,0.0550626624898474,-14.94754353888938,2.19,0.048355642230298736,0.1517835897435897,-0.035,0.456145455076242,36.426472769659895,0.4337454550501765,0.5125858123569794,0.0203482957720245,0.7270635570760854,2.6750731318145555,0.8987712371001895,1.6759638666418328,2.7464788732394365,0.6454368043174481,2.0530354848130843,-10.359375,-1.6732586147352595,0.0,-0.0133842548389896,40.631563683644,,0.3674888268714529,0.11072667416621385,4.43,0.10348519668326314,0.0,0.0,0.32512160904057463,defensive,2026-06-30,2026-06-30,False,False,False,False,False,False,True,False,False,False,False,,0.013998886099578573,Stacking,-0.00019468375504898126,0.124741934,0.01755843223976453,0.00852881522187655,0.0025657473462802898,0.0160968659183797,0.013998886099578573,0.02505554012969875,56,32
GEV,mixed,Utilities,987.4500122070312,987.4500122070312,2026-07-22,2026-07-22,48.59256505576209,16.225907265425338,15.90365360529612,0.0170781113074139,126.53411235955056,2.47,0.055866856234841514,0.2118473895582329,0.0548557867834976,6.650735294117647,32.529411764705884,2.4669117647058822,0.7294354838709678,0.0605291418529727,0.8376856435643565,5.660700844693485,0.0,0.9815483744996584,0.5737026758129549,0.13742574257425744,0.0,0.0,0.0,0.0003825144972994,0.0767729342875731,40.5,,0.12059966432174041,1.0353079648096117,-6.3245000000000005,-0.2719198676871481,0.0,0.0,-0.13822732688066253,defensive,2026-06-30,2026-06-30,False,False,False,False,False,False,False,False,False,False,True,,0.01397655805442028,Stacking,0.08009748829369615,0.09360527,0.15932707788835548,0.1184539635051868,0.03382512813034871,0.006071720910938817,0.01397655805442028,0.07089101387737086,57,2
PFE,mixed,Healthcare,28.1200008392334,28.1200008392334,2026-08-04,2026-08-04,-85.86206896551724,8.059503280742724,1.636300234747213,0.1462485887689373,274.8342580687831,-0.04,-0.0029111398051414484,0.6997209090391296,0.2100586660591217,0.7925727626316724,2.3924998403064426,0.1486953784244589,0.8420265470181343,0.1446301103179753,0.5749436934137453,1.3574245803498064,0.4602450759199111,1.1599069868051048,1.4786087249452586,0.07474730399590317,1.0061068702290077,5.187060478199719,0.1806912991656734,0.0172790665738838,0.0003212917576306,15.208582483292297,,0.031548086545612586,0.19863601190253188,0.24999999999999997,0.016146170893780752,0.0,0.0,-0.018110916430020385,defensive,2026-06-28,2026-06-28,False,False,False,False,False,False,True,False,False,False,False,,0.013780382747030724,Stacking,0.008093366472834474,-0.023477398,-0.0058611370043025485,-0.004388271138915785,0.012288017011808292,0.014488950562141499,0.013780382747030724,0.0025764926725410277,58,89
IDXX,mixed,Healthcare,517.75,517.75,2026-08-04,2026-08-04,218.23548387096773,49.68676902819512,33.75353225990309,-5.673320218837039,154.63658558358762,0.59,0.209858146132738,0.6034537617173996,0.2893921485742894,4.02751697962445,2.2481771873751497,0.3674840191769876,0.9163859076989508,0.3064221014019676,0.5315461743264384,1.134682107808939,0.0180127291000522,1.1666501278710044,1.5732734556565218,0.3534185371266887,3.9169715962611407,30.011886648915937,0.5825180919925184,0.0,0.1643823451221971,19.899386427022,,-0.18682267944086706,0.005730380730380791,-2.5100000000000002,0.05526076968113741,0.0,0.0,-0.18825527462346225,defensive,2026-06-30,2026-06-30,False,False,False,False,False,False,True,False,False,False,False,,0.013761364468053108,Stacking,0.0037948722842292026,-0.10137029,-0.0729620744907167,-0.03703558776066257,0.0023097879786128264,0.014755062393930825,0.013761364468053108,-0.0237244996963331,59,112
GILD,mixed,Healthcare,147.5,147.5,2026-08-06,2026-08-06,69.73863636363636,19.23571987381704,6.739900963834115,-0.6135232916693933,72.64084012001715,0.79,-0.8873108462253783,0.868391167192429,0.374006309148265,2.5128824476650564,8.53864734299517,0.1650563607085346,0.9383644016837042,0.2815542199271988,0.6167934533995222,1.6095587585109206,0.1613192281341993,1.683399644459494,1.6130673722776308,0.15033831692394958,0.0,11.623529411764704,9.56078431372549,0.0065204665242922,0.0599642906194204,18.051077414205903,,-0.016863294007865126,0.3543292626939676,-0.97,-0.8404039533076916,0.0,0.0,-0.10544560968135702,defensive,2026-06-30,2026-06-30,False,False,False,False,False,False,True,False,False,False,False,,0.013734872002178327,Stacking,0.020670897967445402,-0.020784432,0.03079080558106706,-0.0017345092661094491,0.027014114883375875,0.013015787690700518,0.013734872002178327,0.0121030653159547,60,68
AEP,mixed,Utilities,119.75,119.75,2026-05-05,2026-05-05,105.78899082568807,11.858341638590511,1.9216012666195643,-0.6407956317186838,64.5093527435084,1.6,0.030234532193158952,0.0909667446192873,0.1825082246620952,7.462459337372616,0.9404437044231688,3.968171376593744,2.135616589455107,0.1361874718341595,0.7195608612960196,2.6643297283702214,0.8281298381318577,0.4545591107105303,1.7599581444018138,0.05111397907892949,1.337649460484106,1.7229186155285314,0.2909935867645692,0.0085251363328905,0.017706789034004,59.85705662756677,,-0.10158301447970586,0.16059313820507848,0.51,0.011543543690364953,0.0,0.0,-0.14173129903097548,defensive,2026-03-31,2026-03-31,False,False,False,False,False,False,False,False,False,False,True,,0.01360723581284732,Stacking,0.015381039322875134,0.011435246,0.010345123974291848,0.024209416596191326,0.015304007394456537,0.013004593751391066,0.01360723581284732,0.01479159830477081,61,59
VST,mixed,Utilities,139.75,139.75,2026-08-10,2026-08-10,293.3272727272727,23.4473627031651,10.72797142857143,-0.8512115087756027,57.05439723926381,0.76,0.0556366289675301,0.019323034352334116,-0.34526752748315304,-0.2413184226015303,2.401412595644497,4.455562095350206,-0.0572625698324022,0.1212121212121212,0.8710419454029059,6.769244801167457,0.366381323990649,0.7769595395293719,1.006457167455876,0.09428913456798817,2.2135036496350367,-6.450184501845018,0.2722640673460345,0.0027727140277111,0.0262897914379802,15.03825779870512,,-0.15808181215735895,-0.16552218307756617,0.20999999999999996,0.010039760082989999,0.0,0.0,-0.1167012663879674,defensive,2026-06-30,2026-06-30,False,False,False,False,False,False,False,False,False,False,True,,0.013528761091522236,Stacking,0.03512132913024073,0.16402964,0.03722695348846054,0.08934482004014055,0.035395457134983384,0.0105950877403897,0.013528761091522234,0.0535235037431132,62,7
AEE,mixed,Utilities,99.63999938964844,99.63999938964844,2026-08-03,2026-08-03,107.3763440860215,15.21436026936027,2.0231318558316542,-0.4426767547123015,61.74867105263158,1.13,-0.004383721779791043,0.2794612794612794,0.202020202020202,-0.2946593001841621,0.048723813173403234,3.8158379373848983,-0.0836820083682008,0.244689019708216,0.7208928129383613,2.607715842101336,0.7314107153329579,0.6580496544663424,1.5012636899747265,0.0408466104342393,1.0239234449760766,1.7475728155339805,0.4220636663007683,0.0070817376371118,0.0186573570651862,48.96236755571794,,-0.11744907537955329,0.025630462065346693,0.19999999999999984,-0.02318828860316234,0.0,0.0,-0.12385669089588996,defensive,2026-06-30,2026-06-30,False,False,False,False,False,False,False,False,False,False,True,,0.013494847856807421,Stacking,0.015522899650647386,0.023048537,0.0037750173038917693,0.02242489700985621,0.016066728237361286,0.012624110837000758,0.013494847856807421,0.015238305000463609,63,57
LNT,mixed,Utilities,63.709999084472656,63.709999084472656,2026-05-01,2026-05-01,118.2,15.708713345864664,2.2789843196073085,-0.593972919600939,62.23596288209607,0.87,0.03018054432767448,0.4201127819548872,0.1842105263157894,-6.374358103790715,2.162582652664333,6.505508236846493,-3.6718624296057922,0.1267074894017899,0.715901607592485,2.5199072811562586,0.7261546274393592,0.7993405558172397,2.235294117647059,0.04771692258090517,1.2369477911646587,1.3900709219858156,0.3816091954022989,0.0077778776935912,0.0193171365185866,28.338485316846985,,-0.11917601155160162,0.026421767109274352,0.31999999999999995,0.010818668134601181,0.0,0.0,-0.1257814533289202,defensive,2026-03-31,2026-03-31,False,False,False,False,False,False,False,False,False,False,True,,0.013366463923469,Stacking,0.023329326205830572,0.0486305,0.050380750484943844,0.03925024628348997,0.022010301309647883,0.01129324324025428,0.013366463923469,0.029249558561152494,64,25
AMGN,mixed,Healthcare,407.2699890136719,407.2699890136719,2026-08-05,2026-08-05,132.51417004048582,17.82741410670978,20.37654077154077,-0.563705102664555,43.73178754434371,4.37,0.20319986310746063,0.8191188358932903,0.3983427647534357,1.782931354359926,16.93692022263451,1.191094619666048,0.5995009357454772,0.0628898740633214,0.9044223169143136,9.462693462693462,0.3095112353700761,1.1399819529993331,1.0340647857889238,0.068235761561706,0.0856869315461943,6.0367534456355285,0.9316450875856817,0.0072724143831918,0.0300873938091983,15.94475138121547,,0.05592426500822367,0.41182788162953465,1.9,0.04923820914580673,0.0,0.0,-0.04703270539915999,defensive,2026-06-30,2026-06-30,False,False,False,False,False,False,True,False,False,False,False,,0.013342419501117045,Stacking,0.03154397125251796,-0.002569137,0.049674769217982154,0.021340328971663484,0.022947376768466036,0.010138920067431601,0.013342419501117045,0.020948916572294536,65,44
ETR,mixed,Utilities,100.4000015258789,100.4000015258789,2026-05-01,2026-05-01,177.75,14.11217088786743,2.4358849338205677,-0.6531296724898034,48.26189113935967,0.83,0.135848918249255,0.2252597548314533,0.1624826289378913,-2.205778312874752,4.269683624424478,4.901985122123173,-0.8181042734958532,0.1557038198289958,0.75979410697318,3.1863612430542454,0.7408301266761596,0.7312255399740866,1.9692736909639308,0.0420508167495865,0.8935380616835559,0.8364452161326128,0.402207500623666,0.0070425349312167,0.016042172486317,37.37981363426921,,-0.05842631974229662,0.20760165414817067,0.30999999999999994,0.12181781447585839,0.0,0.0,-0.11032673327933928,defensive,2026-03-31,2026-03-31,False,False,False,False,False,False,False,False,False,False,True,,0.01330853531130945,Stacking,0.0185805995931702,0.02619641,0.014213304359219164,0.004963663618075619,0.01503033970535814,0.011560816490443982,0.01330853531130945,0.014729673507682698,66,60
HRL,mixed,Consumer Defensive,19.959999084472656,19.959999084472656,2026-08-27,2026-08-27,68.63636363636363,4.518639260440846,1.723166020028973,-0.0437537133241471,48.79237532501907,0.11,0.007595260449363825,0.1551125964013679,0.0804993332379793,0.509051241014611,1.6371401529945846,0.1253331201848578,0.8024334648668152,0.2743415320873238,0.4027524487976622,0.6755969011778044,0.208890866841371,2.661791774326213,4.009372765078272,0.2273369302425056,3.812188309501027,12.352848742903488,10.246557051844505,0.0116599809035565,0.046402109476647,14.4151325752761,,-0.13493280258803075,-0.2025569682591828,-0.22000000000000003,-0.015302012335167174,0.0,0.0,-0.08429356052323506,defensive,2026-07-26,2026-07-26,False,False,False,True,False,False,False,False,False,False,False,,0.01322393827946277,Stacking,0.0160462814429127,-0.044467658,-0.009688042478640196,-0.013868288111499052,0.013110643606142041,0.011566010083213576,0.01322393827946277,-0.0013228306110730091,67,97
MNST,mixed,Consumer Defensive,42.13999938964844,42.13999938964844,2026-08-07,2026-08-07,166.67391304347825,35.16870848824502,9.079888672404094,-2.8155573180474858,121.22738534621176,0.9,0.0544201747784254,0.5552808869605778,0.254631865092046,0.3593188469993933,2.828795143623807,0.0288219461718902,0.9257435789307225,0.2620667504731382,0.1736756984846748,0.2101786165143465,0.0,3.702968683087209,1.3170322457838712,0.2229316576074184,1.6744938813443726,367.2,204.70636025441297,0.0,0.2776099426055589,8.364451848789228,,-0.29651158279188033,-0.3398088768659182,0.44,0.0,0.0,0.0,-0.21155936357540078,defensive,2026-06-30,2026-06-30,False,False,False,True,False,False,False,False,False,False,False,,0.012815981288388883,Stacking,0.029929461827131125,0.0931558,0.04250169310451343,0.04217580596351301,0.022515207330503564,0.008563188746334376,0.012815981288388883,0.0350752669392486,68,19
JNJ,mixed,Healthcare,258.6600036621094,258.6600036621094,2026-07-23,2026-07-23,98.54761904761904,20.52109656407751,6.181695967821053,-13.178406741594996,85.6758757444069,2.27,0.06512810252909816,0.8637436899527764,0.219467513434294,2.2531499629416123,8.277196738861896,0.756402865848637,0.7486660281844302,0.1350367660643683,0.577386962165711,1.3662308316955196,0.0950900243226367,1.027676163027011,1.429968564442892,0.09184774769845967,0.2791260111750479,12.224489795918368,0.7120635631154879,0.0062113130026114,0.0585810684479798,33.43337433374334,,0.04063406687362958,0.6644787880444618,0.16999999999999993,0.0023889678288136623,0.0,0.0,-0.12548563013748587,defensive,2026-06-28,2026-06-28,False,False,False,False,False,False,True,False,False,False,False,,0.012636746905554603,Stacking,0.014035650066486247,-0.037136305,-0.019445470111694816,-0.00735231972015697,0.013415706572096939,0.0098555859774304,0.012636746905554603,-0.0013549176286821606,69,98
WEC,mixed,Utilities,101.7300033569336,101.7300033569336,2026-08-04,2026-08-04,108.72164948453609,13.525948523905244,2.515148343594254,1.7492787435978332,61.24570872105605,4.81,0.06745822710128743,0.4884710890386662,0.2297505025422726,-2.782421634910879,0.084818684695759,4.004302397049785,-2.277162977867204,0.0644022223302071,0.7272270241836396,2.7459322779243625,0.6394032710153464,0.4687140612598603,1.2299898191690504,0.03909164669841366,1.138321199894746,2.559947299077734,0.2507761860667792,0.0084623560947788,0.0185023555003936,41.61024702653248,,-0.12767961450065524,-0.05129158484627816,3.84,0.04423190051084483,0.0,0.0,-0.1148567182890857,defensive,2026-06-30,2026-06-30,False,False,False,False,False,False,False,False,False,False,True,,0.012512860281571564,Stacking,0.026334179395249544,0.033074565,0.03521573996587758,-0.00786338712484323,0.01554992243828128,0.007847934578900803,0.012512860281571564,0.01726589923342069,70,52
AES,mixed,Utilities,14.920000076293945,14.920000076293945,2026-08-04,2026-08-04,31.173913043478255,3.30176072234763,1.486679250762306,-0.1645330131445905,77.45022132796781,0.6,0.08619991906110887,0.1876813930990003,0.1654305062882941,-0.0658263305322128,3.147058823529412,2.149859943977591,-0.0315860215053763,0.1752237399905793,0.7695680729408129,5.784666763467403,2.7734993904127725,0.7656617993405558,1.7699771689497716,0.063092296913603,1.272222222222222,1.3753351206434317,0.1806818181818182,0.0122085096242123,0.0181480458846858,9.645658263305322,,0.049964818880643413,0.4656188680052993,0.13999999999999996,0.03944516372496837,0.0,0.0,-0.0664398981206814,defensive,2026-06-30,2026-06-30,False,False,False,False,False,False,False,False,False,False,True,,0.012363396116083055,Stacking,0.019089980870042527,0.0003903198,0.005496480296389755,-0.0038889409259530343,0.01365090248552523,0.008262518104874644,0.012363396116083055,0.008079179085785846,71,76
EL,mixed,Consumer Defensive,90.19000244140625,90.19000244140625,2026-08-19,2026-08-19,232.7111111111111,8.947407267579047,9.406874720912924,0.2377259143518518,58.67277749360614,0.5,0.022289005760080142,0.7654554034922133,0.1385087305332704,2.8086164043082023,8.511460922397127,0.2982601491300746,0.904,0.2134319863403528,0.4425159396822184,2.190082644628099,0.2476323812646245,1.3579965850882183,2.55763427881714,0.7615119927132882,0.7888888888888889,7.158536585365853,1.2269076305220885,0.0033756064751727,0.0228802153432032,11.049890350877194,,-0.099810335947637,0.35318833370451985,0.04999999999999999,-0.017899533064032958,0.0,0.0,-0.18810741937376696,defensive,2026-06-30,2026-06-30,False,False,False,True,False,False,False,False,False,False,False,,0.012297614085991095,Stacking,0.015529500918692611,0.042148598,0.025282988834216973,0.03613437677667154,0.01425515422943237,0.00852969629966114,0.012297614085991095,0.02165689368792507,72,40
TECH,mixed,Healthcare,72.4000015258789,72.4000015258789,2026-08-24,2026-08-24,245.04166666666669,30.97534309865248,4.557405132499482,-15.070265578547174,120.29907795117428,1.16,0.024213305910528355,0.6464747175346512,0.1840663518962271,0.4908270715289498,1.109343617451344,0.0379943403127586,0.9281527951365716,0.5868642559070257,0.2028422732953872,0.2544568866363764,0.028369129896058,4.539273353937305,1.602679103426609,0.4697207976414974,3.981879782252846,25.08567480423768,29.888991248272685,0.0013606271146301,0.1225655156240839,12.808928719291206,,0.2521619080919908,0.48940550351530354,0.9199999999999999,0.005312655534022156,0.0,0.0,0.1298105322131649,defensive,2026-06-30,2026-06-30,False,False,False,False,False,False,True,False,False,False,False,,0.01225757132440973,Stacking,0.012512290392316973,0.023903135,-0.007079785889532423,-0.011479819443453922,0.014680644079741822,0.008807108989760858,0.01225757132440973,0.007645841453958322,73,78
A,mixed,Healthcare,166.67999267578125,166.67999267578125,2026-09-01,2026-09-01,105.53703703703704,21.067602892102336,5.483432252460915,-1.0556595901639343,86.56918859649123,1.28,0.04916474263207932,0.5261401557285873,0.1963292547274749,0.6183745583038869,6.212014134275618,0.3286219081272085,0.6529850746268657,0.1199641897940913,0.4728288107682394,0.8969170175200326,0.0885438184983718,2.0658012533572068,1.1821170282708744,0.32018328918164246,1.415282392026578,14.12,1.206686930091185,0.0019007617566734,0.0629974597798475,24.323943661971832,,0.2281261764258682,0.331203519493501,0.19999999999999996,0.005013034467632314,0.0,0.0,0.14532529655249293,defensive,2026-07-31,2026-07-31,False,False,False,False,False,False,True,False,False,False,False,,0.01214491383135337,Stacking,0.010005430506344407,-0.026391126,-0.005781911796890729,-0.0024713339706576923,0.011517578404990488,0.008683454090782673,0.01214491383135337,0.0015428632722277176,74,92
EW,mixed,Healthcare,85.19000244140625,85.19000244140625,2026-08-04,2026-08-04,532.8125,31.523381753312947,4.786323711499768,-1.994610261867905,354.96619083395944,0.42,0.022782068186099076,0.7830020387359837,0.2359199796126401,0.6090627153687113,7.282563749138525,0.167815299793246,0.783987580394766,0.2486078182720406,0.22659388047969656,0.29593143718214354,0.0125871327489788,3.715553840216133,1.7208639403574169,0.12554896121034678,1.497142857142857,0.0,4.363265306122449,0.0,0.0398559352303845,17.76830525953936,,-0.022826308311467702,0.09078108119598283,0.26,0.013959904434357876,0.0,0.0,-0.04552157861046341,defensive,2026-06-30,2026-06-30,False,False,False,False,False,False,True,False,False,False,False,,0.01172819874468624,Stacking,-0.00043395749813041035,0.017698491,0.020726972479521055,0.03546104360722175,0.012267499511766389,0.00868484422304093,0.01172819874468624,0.014977418480149482,75,58
MDLZ,mixed,Consumer Defensive,57.7599983215332,57.7599983215332,2026-04-28,2026-04-28,103.51923076923076,6.610791730182926,2.685458239801842,-2.973723000000002,67.6716,0.44,0.02174757281553398,0.2816310975609756,0.0932736280487804,1.5508145849495734,1.6485647788983708,0.3087664856477889,0.833959115561118,0.1096322722283205,0.6371868057703665,1.7599223300970874,0.3142381260316252,0.5923435784851812,2.160559901193907,0.14172829785439103,0.7436630831442943,18.12962962962963,0.2635620510279911,0.0092957068102365,0.022304588121765,19.9984520123839,,-0.044341523469007216,-0.14442307329976,-0.08000000000000002,-0.003989713352126018,0.0,0.0,-0.008235755144067214,defensive,2026-03-31,2026-03-31,False,False,False,True,False,False,False,False,False,False,False,,0.011715796560538302,Stacking,0.011891778097390653,-0.014362435,-0.008017402965342313,-0.013189570159297835,0.010483954625275958,0.006955240793546747,0.011715796560538302,0.0011247436891618382,76,94
GIS,mixed,Consumer Defensive,31.670000076293945,31.670000076293945,2026-09-23,2026-09-23,65.2982456140351,5.536591160096468,2.629070456904948,-0.7525440024508648,69.23403154805575,0.74,0.05328572962525502,0.3061058895124754,0.1228841255888385,0.5459079992610383,1.451136153704046,0.1891742102346203,0.7426489067604926,0.0458130404246255,0.7534535268585623,3.0615268978846775,0.5686203259915632,0.5628590837391915,2.3890474395562973,0.06731321886540659,0.8470724191063174,4.246105919003115,0.1434600515463917,0.0133690525323159,0.0131518998876165,17.22267281105991,,-0.04198025927898397,-0.3578669895317529,0.17000000000000004,0.02084537129361632,0.0,0.0,0.047486488103954255,defensive,2026-08-30,2026-08-30,False,False,False,True,False,False,False,False,False,False,False,,0.011691943494174586,Stacking,0.013542082781162408,0.02258458,0.0035341086160696777,-0.025642739268739285,0.009099545096274683,0.0066207045897804,0.011691943494174586,0.005862359727061091,77,83
D,mixed,Utilities,60.7599983215332,60.7599983215332,2026-05-01,2026-05-01,90.13846153846154,12.226171268018568,1.7206518928583707,-0.4753141575439502,66.2191274312542,0.69,0.021305794764469758,0.4490593696555094,0.1847055949181529,-2.8088045896265075,0.2927057721578269,3.964406978105608,-2.430597771023303,0.0945040214477211,0.715731417294945,2.9117919511442003,0.9780039730449708,0.7727882037533512,1.1999413661682792,0.042326569852755146,1.6853512705530642,1.4538461538461538,0.2692164871890085,0.0113904959979492,0.0117782629791363,34.0032737051327,,-0.03632040727147967,0.07028357092713056,0.039999999999999925,0.0011565666930878592,0.0,0.0,-0.05389130000326231,defensive,2026-03-31,2026-03-31,False,False,False,False,False,False,False,False,False,False,True,,0.011521409436450147,Stacking,0.013948661997056213,0.038828474,0.03567501346537773,0.026576480462621822,0.014848172142731772,0.006129648161340755,0.011521409436450147,0.020669833601518212,78,45
CHD,mixed,Consumer Defensive,94.11000061035156,94.11000061035156,2026-07-31,2026-07-31,139.75,12.173090256659776,5.000998200989456,-1.7434664634146335,78.31631956912028,0.85,0.04664427986567919,0.458460041357499,0.1617808052548351,1.291160452450775,1.7134478424801003,0.2312526183493925,0.8481012658227848,0.2426387126927956,0.5225188618118322,1.0943235659413957,0.1101723982444162,1.066301662549242,2.7708122682844625,0.1680266206881404,1.2157291097760787,10.8130081300813,9.508130081300813,0.0035373478734318,0.0426255549672111,16.703672787979965,,-0.09466088878930679,-0.049777861365594145,0.25,0.010789000269457193,0.0,0.0,-0.08221642344790825,defensive,2026-06-30,2026-06-30,False,False,False,True,False,False,False,False,False,False,False,,0.01147825820630471,Stacking,0.014147459329776076,0.032303307,0.02718185141185412,0.026371561559035295,0.014353560476416536,0.005945134092573627,0.01147825820630471,0.01852518934779683,79,48
MO,mixed,Consumer Defensive,66.94999694824219,66.94999694824219,2026-07-30,2026-07-30,87.36363636363636,16.540509750256586,-27.611599086236435,-0.4068669239033124,65.62649972175849,1.37,-0.861319340329835,0.6211084502223743,0.2824153267191241,1.8956469886702445,2.667859272510435,0.0548598688133571,0.9718740446346684,0.3573301289053965,1.078444297956493,-13.490254872563717,0.2658749881845978,0.6056368800524361,22.22813688212928,0.18310660993587824,2.953333333333333,6.253787878787879,0.7643207855973814,0.0184599499750868,0.0295562660843796,-2.088252832438879,,-0.025331242564533563,0.10423877532974091,0.7100000000000001,-0.5423587463835187,0.0,0.0,-0.05139093639696879,defensive,2026-06-30,2026-06-30,False,False,False,True,False,False,False,False,False,False,False,,0.011358342290416892,Stacking,0.01682252646625988,0.037474424,0.04793912792475081,0.016026017180392583,0.01750017504029485,0.005259313400393595,0.011358342290416892,0.02132953903513435,80,42
KVUE,mixed,Consumer Defensive,17.219999313354492,17.219999313354492,2026-08-06,2026-08-06,101.47058823529412,8.713238095238097,3.0595485369252207,-1.309956136363637,60.932187028657616,0.24,0.04321046148014782,0.5653439153439154,0.2182539682539682,0.3883089770354906,0.5542797494780793,0.05741127348643,0.8711943793911007,0.1436501261564339,0.6052739854123808,1.5334028238415616,0.2588046407521973,0.9582842724978974,1.670777022829494,0.14793342060968767,0.6643752527294784,8.418367346938776,0.3649258542875564,0.022378346669402357,0.0286922935442339,5.606770833333333,,-0.08840660066942874,-0.2724968604412974,0.06999999999999998,0.012555561340807424,0.0,0.0,-0.020282385559104388,defensive,2026-06-28,2026-06-28,False,False,False,True,False,False,False,False,False,False,False,,0.011209539835306677,Stacking,0.015798389755119404,0.03508963,0.014231963332338329,0.014312293726315053,0.013263307706668394,0.004789465598854627,0.011209539835306677,0.01527343344042947,81,56
DUK,mixed,Utilities,113.73999786376953,113.73999786376953,2026-05-05,2026-05-05,78.14,11.472936507936508,1.756725627869295,-1.1227701864919353,48.73824302575108,1.97,0.02846282387939108,0.3048626858150667,0.2650541698160746,-0.5958815958815958,0.3153153153153153,5.332046332046332,-0.1258152173913043,0.1748467715113792,0.7291300527240774,2.752922340959068,0.1181590380464196,0.5517650971634912,1.8837209302325584,0.02804875585716594,1.0564809496457974,2.2241014799154333,0.3348323027918306,0.022378346669402357,0.0182739267221143,66.72072072072072,,-0.13591128265768038,-0.029770554774635083,0.47,0.005624198826345378,0.0,0.0,-0.1284686439640216,defensive,2026-03-31,2026-03-31,False,False,False,False,False,False,False,False,False,False,True,,0.011130572987657466,Stacking,0.014739125043730629,0.05771341,0.03489491040234075,0.05975826608698615,0.021389491613020842,0.004861552623813586,0.011130572987657466,0.028608843175752154,82,27
MRK,mixed,Healthcare,143.80999755859375,143.80999755859375,2026-08-07,2026-08-07,88.45378151260505,15.98100964390244,4.982103907539064,-0.4540105661052688,68.655785404111,-0.54,-0.03183650108506427,0.9270731707317074,0.5326829268292683,0.7325548331750951,5.849594926093892,0.4148734334812901,0.6384319215960798,0.1008578388110283,0.6152294945421068,1.6006539178040529,0.1893749210131486,1.5362022099057435,1.293477403580724,0.1279410178579683,0.2715712988192552,0.0,1.3469760665972943,0.0076996875184762,0.0461300175763621,21.14389067524116,,0.18449878559092125,0.8860327548668032,-1.73,-0.08816087473065598,0.0,0.0,-0.03700940312577955,defensive,2026-06-30,2026-06-30,False,False,False,False,False,False,True,False,False,False,False,,0.010873669061707144,Stacking,0.00537943590410082,0.015783366,-0.036122882888740535,-0.04350135324601166,0.005831425972132884,0.004862342234271972,0.010873669061707144,-0.005099556911750088,83,101
XEL,mixed,Utilities,70.55000305175781,70.55000305175781,2026-07-30,2026-07-30,77.74736842105264,12.34111204717776,1.86143843449532,3.487833333333332,54.48173611111111,0.93,0.02435881448227127,0.019323034352334116,0.2459983150800337,1.2050420168067226,0.4605042016806722,6.505508236846493,-0.1850800206504904,-0.15505345437888604,0.7098597780536063,2.446609343894277,0.7710021457811395,0.7072929891381012,1.6113122171945702,0.03456662651293524,2.29692241005635,2.4676056338028167,0.6533665835411472,0.0217081146024616,0.0210692150548803,39.54606365159129,,-0.158114522055396,0.011759688107813027,-0.019999999999999907,0.0003425494985786724,0.0,0.0,-0.16105444408234926,defensive,2026-06-30,2026-06-30,False,False,False,False,False,False,False,False,False,False,True,,0.010856875585616276,Stacking,0.018796034157104978,0.073907204,0.07196755766085204,0.0710952341066399,0.034286477083690946,0.003708683373885085,0.010856875585616276,0.03972505891418214,84,14
PG,mixed,Consumer Defensive,143.9499969482422,143.9499969482422,2026-08-04,2026-08-04,78.74175824175823,15.642265850144092,6.515434851923401,-2.2280166243361816,66.63050169612569,6.62,0.0812311270326537,0.5121577809798271,0.2416246397694524,1.5697194719471947,4.465759075907591,0.4814356435643564,0.7652855993563958,0.135480530804654,0.5707352929553197,1.3873436239848451,0.1054713488933151,0.7244884056786288,3.536868928173276,0.6878858055184515,0.7140315033282805,-13.650862068965514,0.4160671462829736,0.0073233197299214,0.0585515553813083,21.995462046204626,,-0.11962572962973395,-0.1420312495634629,4.8,0.0,0.0,0.0,-0.08411791723886822,defensive,2026-06-30,2026-06-30,False,False,False,True,False,False,False,False,False,False,False,,0.010823537986267253,Stacking,0.008696562079216492,9.131757e-05,-0.0017151799715191456,0.016337927532561945,0.011832832125623265,0.004396421364937814,0.010823537986267251,0.007332519409132979,85,80
CVS,mixed,Healthcare,85.19999694824219,85.19999694824219,2026-08-05,2026-08-05,34.20689655172414,0.9535844379476408,1.3400058499747387,-0.0491703117645041,56.52925790754258,2.49,0.0373767283129658,0.1283623324155809,0.0199824018619965,2.051968503937008,8.391338582677164,0.6173228346456693,0.7687315634218289,0.0382221620890271,0.6851494278238391,2.18148854482949,0.7807042957835916,0.8423984124836513,2.657004952361799,0.41808265817597173,1.5513606358615115,2.6836086404066077,0.7368021844660194,0.0083840011430022,0.0220269062160037,58.898981989036805,,0.04335044021849366,0.3396225935258206,0.17000000000000037,-0.0017516254509611015,0.0,0.0,-0.04155520816296149,defensive,2026-06-30,2026-06-30,False,False,False,False,False,False,True,False,False,False,False,,0.010545538905970535,Stacking,0.010629348469055541,0.015880253,0.017517803202876596,0.00661779055712624,0.011144257438649292,0.003181544574279162,0.010545538905970535,0.010670217090629966,86,73
NEE,mixed,Utilities,76.3499984741211,76.3499984741211,2026-04-23,2026-04-23,109.97260273972604,25.55308852658845,3.071068707881629,-0.7162207947882736,67.87699843668577,1.04,0.039513237477816814,0.5750419015694043,0.2416577784549748,0.1325993298228817,1.3460986117759697,1.0636668262326472,0.110844337735094,0.109523600823947,0.6990750776790231,2.8030857267031255,0.5701621633998574,0.5953455756672656,1.1411928360285168,0.01984428065611677,0.3677963866543584,2.7064846416382253,0.5433899834561589,0.0070421309046866,0.0237209556762079,26.140737194830063,,-0.17646425979806823,0.08838201673729285,0.31000000000000005,0.011403802962727513,0.0,0.0,-0.19855976398239145,defensive,2026-03-31,2026-03-31,False,False,False,False,False,False,False,False,False,False,True,,0.010539924341742998,Stacking,-0.05049135354169211,0.040444735,0.034810604622615364,0.013362357255718058,0.012363576892580407,0.011345610443957713,0.010539924341742998,0.009670343616907304,87,75
BIIB,mixed,Healthcare,222.82000732421875,222.82000732421875,2026-04-29,2026-04-29,-533.3030303030303,11.3270447067082,1.4141433876692522,1.2079085729085726,99.622474054235,2.15,0.0215887130559347,0.7822577107006538,-0.0250076777958145,3.789366053169734,26.01022494887525,0.2992501704158146,1.0857421875,0.1528631993789932,0.3673765648795412,0.7318810222036028,0.2578692714809623,2.67931569833403,1.2208355650776648,0.08404136607073205,1.1488425925925927,-0.8444444444444444,3.118924949290061,0.0,0.027478963041126,124.44989775051124,,0.1848976725563347,0.6991002541117797,2.48,0.0242403825708551,0.0,0.0,0.010122609028389795,defensive,2026-03-31,2026-03-31,False,False,False,False,False,False,True,False,False,False,False,,0.01037983718029399,Stacking,0.013371359251020086,-0.084900126,-0.06510973909042464,-0.049395707301256045,0.010457873274929023,0.0022385974206646127,0.01037983718029399,-0.021975141593171224,88,110
ATO,mixed,Utilities,156.3800048828125,156.3800048828125,2026-08-05,2026-08-05,67.59274193548387,20.317467430367536,1.9098321971488688,0.130551192320264,51.50666824074688,0.81,0.015905628357160525,0.6083607369365813,0.383412595850542,-4.457090710207894,2.283032317931259,6.350187737744812,-2.354391056229671,0.2128897031231535,0.5206825065578197,1.0862998193923192,0.3531381983854058,1.130468524862287,1.836312507608076,0.027831059017229372,0.852386332872402,18.84684948559294,15.882885468301591,0.0058804688472549,0.0385168950049508,86.63071128336699,,-0.1640562095321938,0.011251971565005903,-1.67,-0.012307425413742374,0.0,0.0,-0.16686920242344527,defensive,2026-06-30,2026-06-30,False,False,False,False,False,False,False,False,False,False,True,,0.010241069151032421,Stacking,0.019487214854983205,0.09041486,0.04728497675265036,0.0657077157110138,0.023497732942009634,0.001270921955925184,0.010241069151032421,0.03586118534474506,89,17
EVRG,mixed,Utilities,78.79000091552734,78.79000091552734,2026-05-07,2026-05-07,195.9189189189189,12.580142297846708,1.6347181865320457,-0.6040070103953898,60.12981093223512,0.64,0.014916409034519426,0.2462731516337901,0.1709079957837675,-2.301518438177874,0.1101952277657266,3.7505422993492408,-1.5883233532934131,0.0903704104548283,0.7102569022732916,2.4624852024693533,0.9145700102549864,0.4913011715684948,2.127162075592569,0.041868828212229744,1.530032095369097,1.4367088607594938,0.2334337988708239,0.009420104022127,0.0154470834094827,43.75556506849315,,-0.062135449166440426,0.18481204384251648,0.27,0.0066689258376658265,0.0,0.0,-0.10833846012706955,defensive,2026-03-31,2026-03-31,False,False,False,False,False,False,False,False,False,False,True,,0.010174721911091492,Stacking,0.012836757526064972,0.0041154954,-0.009524149097408341,0.012944825039743845,0.013789111186921327,0.0016972639654914794,0.010174721911091492,0.006705905123555426,90,81
PM,mixed,Consumer Defensive,188.17999267578125,188.17999267578125,2026-07-24,2026-07-24,117.08029197080292,24.10179502026636,-24.98927356413849,-0.756175722059894,65.18104749223258,1.8,-0.3282069206571129,0.6564369812777456,0.3255163095927427,2.739242132305716,3.1290944123314066,0.2851637764932562,0.9057124654916118,0.1851968380068431,1.097508458935712,-8.729814750087382,0.1955411727585339,0.9581547174263578,1.7834767641996558,0.16393490647566317,0.807805763557976,4.020262216924911,0.8438325991189427,0.0091894541103887,0.0344760597308743,-6.414634146341464,,0.023718815557508766,0.02971268222041723,0.42999999999999994,-0.11397838353483958,0.0,0.0,0.016290645002404458,defensive,2026-06-30,2026-06-30,False,False,False,True,False,False,False,False,False,False,False,,0.009968589129613608,Stacking,0.012771616597788651,0.021902587,0.021137942799488264,0.018746691960488317,0.010737818892267272,0.0009344480336326063,0.009968589129613608,0.0135365204911794,91,63
STZ,mixed,Consumer Defensive,112.98999786376953,112.98999786376953,2026-07-01,2026-07-01,129.31034482758622,14.26058999062598,3.388001695041077,-0.5680242102473091,61.9059288518155,1.16,0.07919472842676487,0.4956254556816998,0.2600249973961046,1.982532499351454,0.5903208139970599,1.2619260369526994,0.6110518834399431,0.2092348873522194,0.6132834585479924,1.6423881971025729,0.3859485315018998,1.080489255706744,2.9173503494378608,0.11003360667972337,1.0086440324932306,6.02291917973462,0.5058946270213875,0.0064601689192114,0.0232284513379114,46.536426395822176,,-0.16418128249398234,-0.2530080797053449,0.0,0.054226897089538366,0.0,0.0,-0.10092926256764612,defensive,2026-05-31,2026-05-31,False,False,False,True,False,False,False,False,False,False,False,,0.009940632451999247,Stacking,0.01988158469243643,0.014638031,0.020267273739896913,0.006738032393557926,0.012488002279656343,-6.594683258008549e-05,0.009940632451999247,0.011886017794292542,92,69
KDP,mixed,Consumer Defensive,30.690000534057617,30.690000534057617,2026-08-10,2026-08-10,107.73076923076924,8.455296954878863,1.4908442153942625,-0.5739557423943836,72.41877520435968,0.04,0.005672738894215404,0.5376750388975328,0.2133807512780618,0.4167587070171563,0.7554671968190855,0.1075031293719166,0.7949438202247191,0.0858866103739445,0.6159965304328969,2.1561601150527325,0.4243122591227464,0.6352231604342582,2.692399760622382,0.08341798011846746,0.6942590120160214,4.033613445378151,0.1884534848938079,0.008228098451485,0.0130915405937948,18.72321690636924,,0.024024041843764277,-0.07699246514112434,-0.22,-0.008161717917196994,0.0,0.0,0.04327215812904536,defensive,2026-06-30,2026-06-30,False,False,False,True,False,False,False,False,False,False,False,,0.009654058356637567,Stacking,0.009361999580194253,-0.016140912,-0.0002088627450082183,-0.0012778718880529648,0.00920775246247116,0.0002881837629952512,0.009654058356637567,0.001812110945587654,93,91
WST,mixed,Healthcare,365.010009765625,365.010009765625,2026-07-23,2026-07-23,150.34972677595627,24.711331677018634,6.263420025188917,-6.63954419516896,92.7084582338902,2.15,0.05150157180121731,0.3775155279503105,0.1945341614906832,2.420470262793914,10.944674965421854,1.052558782849239,0.6969334926324173,0.3834173156207054,0.2664606024923952,0.36325329409404056,0.0101947345101113,3.0206138341731563,1.4014623955431755,0.17059169855755077,1.9751675206937327,0.0,0.0,0.0007942643257384,0.1637111517367458,43.68638239339752,,0.43095567380159366,0.7432065034893023,0.31999999999999984,0.009908372808774012,0.0,0.0,0.2451540479292681,defensive,2026-06-30,2026-06-30,False,False,False,False,False,False,True,False,False,False,False,,0.008948159314225301,Stacking,-0.007537184853234503,-0.050362322,-0.012752231299751945,-0.06020015810611878,0.0023956087043051494,-1.095270605418891e-05,0.008948159314225301,-0.016471825787710937,94,109
KHC,mixed,Consumer Defensive,22.459999084472656,22.459999084472656,2026-08-05,2026-08-05,44.090909090909086,4.507760465848285,0.6874594374039938,1.906554173067076,34.08824675324675,-3.7245,-0.1516413931011498,0.3260937991816179,0.1706011960969468,0.9865206402695872,3.096040438079191,0.172704296545914,0.8510174418604651,0.1567555251765778,0.5055087935399987,1.0258012553463312,0.7408271190417254,1.1536796536796536,2.818988464951198,0.0776905582862592,0.9939647168059424,4.554621848739496,0.5298229263746506,0.0165489445509108,0.0225516913768532,35.10025273799494,,-0.08363936823856977,-0.1565903460581053,-5.1499999999999995,-0.1672663931011498,0.0,0.0,-0.044491781724043444,defensive,2026-06-27,2026-06-27,False,False,False,True,False,False,False,False,False,False,False,,0.008919140461779862,Stacking,0.009972588408641785,0.029281355,0.010290878309860474,-0.0023864216891690214,-0.007919315214930013,-0.00269603882295677,0.008919140461779862,0.006239498227488223,95,82
AWK,mixed,Utilities,127.86000061035156,127.86000061035156,2026-07-29,2026-07-29,106.9672131147541,20.02163650668765,2.3482052228476515,-0.7202402836134453,79.78046421663443,1.61,0.02700385769395628,0.019323034352334116,0.3186467348544453,-1.9743589743589745,0.8923076923076924,5.374358974358974,-0.5806938159879337,0.1396671582051822,0.7032991101984942,2.3703977115437853,0.6255231358679635,0.4615546661049083,0.7787990196078431,0.021455600362110114,3.814814814814815,2.5,0.1464849798699287,0.0063267511543373,0.0182575521644347,55.57435897435897,,-0.055965736781219966,-0.10223282818177526,0.3900000000000001,0.005042060148510181,0.0,0.0,-0.03040752973577615,defensive,2026-06-30,2026-06-30,False,False,False,False,False,False,False,False,False,False,True,,0.008716949895916594,Stacking,0.02292957144392723,0.037138235,0.02305963919792423,0.0024480353671277226,0.027349661157996072,-0.0042495369335808116,0.008716949895916594,0.01644242260080616,96,55
COST,mixed,Consumer Defensive,914.9400024414062,914.9400024414062,2026-06-03,2026-06-03,217.56113537117903,6.496909339195655,14.09185649266058,19.63339093318991,131.92954117927337,0.97,0.0654152615715181,0.1275629696682328,0.0374441427073006,3.8449323251366674,41.084689871407626,2.9034081822502427,0.5697596795727636,0.0734980251698844,0.6122989702649543,1.57930705183682,0.0127387013892966,1.058140961165763,18.40216816499207,0.8052412356820549,2.940814646195573,78.96969696969697,25.44761904761905,0.0012760817190319,0.0510552451893234,72.18429074384441,,-0.0314078927150504,-0.025436183249817668,-3.6100000000000003,0.0019939382941784045,0.0,0.0,-0.025048846902595984,defensive,2026-05-10,2026-05-10,False,False,False,True,False,False,False,False,False,False,False,,0.008335065535446278,Stacking,0.0054568506947667225,0.03813809,-0.0005799652746953465,0.0025561828105050417,0.008425893870018235,-0.0036711657064560504,0.008335065535446278,0.00807554957821498,97,77
TSN,mixed,Consumer Defensive,50.470001220703125,50.470001220703125,2026-08-03,2026-08-03,234.48,1.4115279815552295,1.1209676524440992,0.7562695187165777,44.95420098846788,0.52,0.010066928480557553,0.0572905750017466,0.030112485153357,2.0,3.704347826086957,0.7304347826086957,0.732484076433121,0.1518620022569724,0.4957383603098365,0.9907340620318482,0.4138948285420131,1.5334515556988555,5.8925483738163855,0.3894192968662249,4.95519647447668,4.144230769230769,0.562685093780849,0.0087609883582798,0.0258176523297491,52.24057971014493,,-0.21630432887106954,-0.10131764208149696,0.27,0.005350732508743853,0.0,0.0,-0.1909749183506953,defensive,2026-06-27,2026-06-27,False,False,False,True,False,False,False,False,False,False,False,,0.008242879565325106,Stacking,0.009902229897849738,-0.0054795826,-0.011462801057238054,0.0005420010418575078,0.01123547079209401,-0.0045075576058352315,0.008242879565325106,0.0013948792444808196,98,93
ILMN,mixed,Healthcare,265.7200012207031,265.7200012207031,2026-07-31,2026-07-31,60.16513761467889,17.752752372735117,7.556165993389643,0.1257730239520958,48.78750561797753,1.35,0.07293868921775898,0.6704055220017257,0.2208800690250215,1.7450980392156863,10.673202614379084,0.3529411764705882,0.8317757009345794,0.2025236593059937,0.5901565322095124,1.4399559309585015,0.0966686496133254,2.0750788643533125,1.3571428571428572,0.1742857142857143,1.5916666666666666,0.0,0.8036072144288577,0.0,0.1022698291252231,17.681818181818183,,0.43095567380159366,1.0930483982474672,-0.8300000000000001,-0.04972014295264132,0.0,0.0,0.15769357423972685,defensive,2026-06-28,2026-06-28,False,False,False,False,False,False,True,False,False,False,False,,0.008100241595805654,Stacking,-0.023437808326740816,-0.0322143,-0.04965367148514457,-0.0609464624242308,-0.008208712420669622,-0.001015987168853573,0.008100241595805654,-0.023379022404985978,99,111
ISRG,mixed,Healthcare,401.239990234375,401.239990234375,2026-07-21,2026-07-21,252.8392857142857,69.93691086052125,11.276995287253142,4.814736952692495,182.39583855510503,2.14,0.045028731203628276,0.6643988556276603,0.3015490893866443,2.056917441532826,16.722738799661876,0.4578754578754578,0.8179271708683473,0.444870900209351,0.17106630394355885,0.14194425486008674,0.0008502438324188,4.874638620277141,1.7603488514924457,0.13854267457344588,3.7706781654253234,0.0,23.82307692307692,0.0,0.31358596093688235,49.45615982241954,,-0.19145593907430736,-0.27481069559476035,-0.10000000000000009,0.00043716926466957906,0.0,0.0,-0.12275326517561727,defensive,2026-06-30,2026-06-30,False,False,False,False,False,False,True,False,False,False,False,,0.00799827735647303,Stacking,-0.0038824627602069145,-0.08699034,-0.07599849965895042,-0.10252793040859348,-0.005688048918331805,-0.0039081231901078525,0.00799827735647303,-0.037427269014901905,100,119
PNW,mixed,Utilities,94.62999725341797,94.62999725341797,2026-08-04,2026-08-04,682.3076923076923,9.410164363963846,1.5066061416955867,-1.7905493934936003,77.01137920303091,1.43,0.012322392510100566,0.1826626731680682,0.1285075702444762,-1.6103336201926692,0.0823314144393292,5.593890731658409,-0.4042451445110953,0.1508307745649671,0.7763111360177712,3.4904997659817174,1.346958638422999,0.4918153156601685,1.5369976035650883,0.04468657735545774,1.3556144268696255,1.27219438570012,0.2226675906119128,0.0101098911988295,0.0103016141872183,57.77158504890507,,-0.05868897589358435,0.0417216782630776,1.2999999999999998,0.010136471583586866,0.0,0.0,-0.06911939545935375,defensive,2026-06-30,2026-06-30,False,False,False,False,False,False,False,False,False,False,True,,0.007951532022325047,Stacking,0.010939499684012836,0.027273005,0.021703835846519942,0.013056239595640165,0.016813021657951947,-0.00549554175445827,0.007951532022325047,0.012874918752294377,101,67
LH,mixed,Healthcare,304.6000061035156,304.6000061035156,2026-08-05,2026-08-05,125.44,5.887024290346436,2.4011694006821505,-0.8653488000511295,65.39393215719063,3.64,0.034705116884324025,0.2618465214176005,0.1086523693042835,5.943030303030303,6.4521212,1.5018181818181815,0.7982741777922501,0.2175314326190897,0.534693481111357,1.1513105916252266,0.3122584260977118,1.4239419160616256,1.5551820232671296,0.2013295705336089,3.086584205518554,6.945454545454545,0.5233084709643048,0.0028650664811379,0.0346145961459614,103.6033653846154,,0.06328762559261203,0.22896915918303673,1.6400000000000001,0.015597945024188126,0.0,0.0,0.0060453357968528465,defensive,2026-06-30,2026-06-30,False,False,False,False,False,False,True,False,False,False,False,,0.007139095624755237,Stacking,0.008156891454654211,-0.012801632,0.0162405902771974,0.018287826678889212,0.01107171669564137,-0.008012065778189793,0.007139095624755237,0.005798119355282744,102,84
BDX,mixed,Healthcare,178.07000732421875,178.07000732421875,2026-08-06,2026-08-06,113.8507462686567,8.28084255428789,1.7202351512981566,-1.2883110768050154,51.32945786019868,1.37,0.015440694626474443,0.4463061690784463,0.1130997715156131,1.9258115174171568,3.6306282705405417,0.3788481673607521,0.8356164383561644,0.0749914393334094,0.5389945478747652,1.1691717427418715,0.4492655192165885,1.0488528706768634,2.094098883572568,0.09822396562259762,0.4737699576409254,5.551401869158879,0.404029304029304,0.0068749879853503,0.0336953212219628,88.6855496964309,,0.008666632628405724,0.7007641578244388,0.030000000000000027,0.00033113050971154273,0.0,0.0,-0.16652440682770397,defensive,2026-06-30,2026-06-30,False,False,False,False,False,False,True,False,False,False,False,,0.006023010108633372,Stacking,0.007466432114986745,-0.06427433,-0.020771180730381596,-0.004511763031792778,0.012655895812113883,-0.011656337746909912,0.006023010108633372,-0.009984057335829775,103,107
IQV,mixed,Healthcare,260.7200012207031,260.7200012207031,2026-05-05,2026-05-05,74.63907284768212,8.780866177818515,5.89261879132708,0.3347934590719124,50.15635148042025,1.61,0.04404436585757917,0.0669110907424381,0.1677360219981668,3.3,12.594117647058823,1.0235294117647058,0.763265306122449,0.0881506356440393,0.7860488626790227,3.749557948882816,0.4162088951635843,0.7494603022307508,1.2734169827837758,0.32818871103622577,1.0855771794188216,3.7927461139896375,0.4864731923266109,0.0,0.0356438191644505,37.83013379872018,,0.43095567380159366,0.8743350195593325,-1.41,-0.034996077014941125,0.0,0.0,0.21237191891176055,defensive,2026-03-31,2026-03-31,False,False,False,False,False,False,True,False,False,False,False,,0.00535502576253241,Stacking,-0.005115232431697243,-0.022335777,-0.008334999313444091,-0.043162683694548266,0.0018401828868601733,-0.012500670021074668,0.00535502576253241,-0.011803647450438746,104,108
SJM,mixed,Consumer Defensive,115.94999694824219,115.94999694824219,2026-08-26,2026-08-26,-14.20324005891016,4.782663076002394,2.136812131166326,0.0096452973523079,-44.979583837406246,3.03,0.05639215413507686,0.3576985551850902,0.2024450713858254,4.564198687910028,0.4948453608247423,0.6701030927835051,0.8719785138764548,0.2369235990327917,0.6450824528488199,1.8175558183209293,0.6662429005621991,0.8435922453654605,3.623044757627381,0.143824120695697,1.3349324804548686,5.011640211640212,-0.8352253181974544,0.0104302947957029,-0.048993395475977634,49.07310215557638,,0.163270443071436,0.06035662504108097,7.28,0.19470120094472526,0.0,0.0,0.14818128681116577,defensive,2026-07-31,2026-07-31,False,False,False,True,False,False,False,False,False,False,False,,0.005100647669604525,Stacking,0.019636446627479584,0.011514197,0.004352681728194307,0.026421305565827377,0.0019359084936585213,-0.01666054474223303,0.005100647669604525,0.007358245323427571,105,79
WAT,mixed,Healthcare,425.5299987792969,425.5299987792969,2026-08-11,2026-08-11,100.484126984127,24.25812847370442,8.83062091750799,0.4903616753641813,72.03839445514967,-1.39,-0.008950312602829878,0.5978589861019646,0.3331077414137427,2.108957780539415,9.87188056292614,0.6545024015047191,0.7631583745054785,0.0,0.38608541069047714,0.6288910825929582,0.0622285348725257,0.0,1.1248944312801927,0.06646196113288352,0.0,36.0381759108842,33.22963553028545,0.0,0.1101007438355594,42.856650435888426,,0.3850535389750247,0.2381575849025166,-5.17,-0.09688187080779448,0.0,0.0,0.32512160904057463,defensive,2026-07-04,2026-07-04,False,False,False,False,False,False,True,False,False,False,False,,0.005075700622190762,Stacking,0.001123715905111266,-0.071867056,-0.06313066776447075,-0.06453224371657139,-0.007397395994591907,-0.014502634357371307,0.005075700622190762,-0.029740376124443465,106,116
KO,mixed,Consumer Defensive,86.0999984741211,86.0999984741211,2026-04-30,2026-04-30,131.9056603773585,25.44009643038403,9.349150424321552,-0.862813822505104,92.58055111600991,0.88,0.11667112657211667,0.6004906107257655,0.1557266114024699,0.6680613668061367,3.224546722454672,0.205020920502092,0.7651757188498403,0.1764954654386542,0.6729983971912685,2.1928253909042867,0.1512604270842747,1.4587660354306655,3.89137590520079,0.11967337382576738,0.3188415580908661,4.271461716937355,0.7841745531019979,0.0145900543841949,0.0355396152592109,7.458613494087642,,0.07329841029819373,0.19583331214057065,0.35,0.04607521124991207,0.0,0.0,0.024340082263051066,defensive,2026-04-03,2026-04-03,False,False,False,True,False,False,False,False,False,False,False,,0.004568291853767826,Stacking,0.01694390061912632,0.01908184,0.0070304140837696245,0.002952717626214164,0.008559393855662845,-0.017940676957571598,0.004568291853767825,0.00568468810646343,107,85
DGX,mixed,Healthcare,231.08999633789062,231.08999633789062,2026-07-23,2026-07-23,78.52036199095024,6.864515324305061,2.68644769874477,14.282581428571628,64.24147132169576,2.84,0.04257583821181479,0.3257305773342837,0.1393442622950819,2.765765765765766,3.783783783783784,1.423423423423423,0.6602150537634408,0.204126426690079,0.550939907550077,1.2467224546722455,0.3313288508931913,1.0438981562774363,1.9928977272727275,0.17964460711966468,1.1825,6.109375,0.431266846361186,0.0046724532404241,0.0274079874706343,64.01785714285714,,0.09912007770697095,0.3250573184512078,0.6299999999999999,0.008405684794799494,0.0,0.0,0.01785574809416901,defensive,2026-06-30,2026-06-30,False,False,False,False,False,False,True,False,False,False,False,,0.004468745417037081,Stacking,0.008069183973057526,-0.013623197,-0.020370234144272248,-0.0024827837273048922,0.009803920991792201,-0.017063202455927677,0.004468745417037081,-0.0042367513764178435,108,99
TGT,mixed,Consumer Defensive,156.6999969482422,156.6999969482422,2026-08-28,2026-08-28,40.53511705685619,1.5255960086468874,3.0124032786885246,0.0910850370654774,18.56906354642313,4.11,0.10519531468923388,0.2473135123280804,0.0585544659920423,4.953432965128871,11.886506389430366,1.711067792939138,0.7432564185895353,0.1449364107395195,0.7282736594385611,2.6801732137333745,0.114836075506691,0.9422986340084786,1.670777022829494,0.8347132593651676,1.90342259546823,16.539823008849556,0.9915292019616584,0.0105964619029779,0.0487247547605308,34.90606780393004,,0.2763944089773047,0.6951535801410882,1.12,0.019701964859354576,0.0,0.0,0.10260601394203267,defensive,2026-08-01,2026-08-01,False,False,False,True,False,False,False,False,False,False,False,,0.004094637720279879,Stacking,0.007147579281943729,-0.010203036,-0.010335860570524684,0.019767472727009683,0.010851166784122597,-0.018180111873138786,0.004094637720279879,0.0005604007717382567,109,96
BG,mixed,Consumer Defensive,106.61000061035156,106.61000061035156,2026-04-29,2026-04-29,181.79591836734693,0.918021940466253,1.0000921181415163,-1.0624975817923186,62.85530303030303,0.35,0.004238080398878155,0.0425469236596246,0.0157394158740846,4.097435897435897,6.887179487179488,2.758974358974359,0.5976065818997757,0.0883850069412309,0.6087405677326626,1.560596464966319,0.9127491278366896,1.6124148872876314,6.140051679586564,0.45949638473179755,4.661135013316943,1.7314814814814814,0.0862770633241087,0.0077717522710787,0.0118423965173762,89.07179487179488,,-0.11607660550243293,0.3603419753777155,-0.14,-0.0012314342536636448,0.0,0.0,-0.2061620993468618,defensive,2026-03-31,2026-03-31,False,False,False,True,False,False,False,False,False,False,False,,0.0040000453928535264,Stacking,0.020146114714927697,0.07335677,0.007154366925432909,0.02319719324070494,0.019224217368341505,-0.020030143095502054,0.0040000453928535264,0.01742560446816082,110,50
CI,mixed,Healthcare,267.9599914550781,267.9599914550781,2026-07-30,2026-07-30,59.3168103448276,1.0100030908968982,1.7547753458988804,-0.4373991689460639,38.12261949822327,6.29,0.03894885030502112,0.0766364940942709,0.0296390330058505,14.627581371698614,28.86275525245368,1.2107617497772387,0.94763376158725,0.1091370558375634,0.7268305725671942,2.678836227123416,0.4298403495985317,0.8486386709736964,2.5191879866518354,0.4562457824575699,6.278074866310161,6.411940298507463,2.3182308522114345,0.0054100619280112,0.0156318669481666,156.84628841136012,,-0.07870039038996701,-0.14930635431258732,1.6500000000000004,0.00936574671621192,0.0,0.0,-0.04137380181182018,defensive,2026-06-30,2026-06-30,False,False,False,False,False,False,True,False,False,False,False,,0.003085285509941261,Stacking,-0.011307515224696207,-0.065734275,-0.06649020356709946,-0.07787838421987985,0.002662891962578224,-0.019331576680346397,0.003085285509941261,-0.03267784658804617,111,117
STE,mixed,Healthcare,209.33999633789062,209.33999633789062,2026-08-07,2026-08-07,129.3469387755102,16.657319697881157,3.476752744876463,19.63339093318991,98.62933135215454,7.93,0.0277658290202173,0.4381391618207339,0.1811376244903415,2.0295015259409968,4.31027466937945,1.0040691759918616,0.6690140845070423,0.3233221294589612,0.32738145136502084,0.48771282278990385,0.0761766695226229,2.478802992518703,1.510296789824349,0.13903559020500927,2.948439144159944,18.31081081081081,13.89864864864865,0.0024838473680206,0.0563166350226376,72.54959514170041,,-0.15510353820926415,-0.13524456238478766,5.97,0.0008681323447614978,0.0,0.0,-0.12129239761306723,defensive,2026-06-30,2026-06-30,False,False,False,False,False,False,True,False,False,False,False,,0.002892922715586688,Stacking,0.0036359628078419088,0.025263265,0.011962047028170641,-0.06081566363078893,0.010941861168933469,-0.021774040328507254,0.002892922715586688,-0.004311800526185922,112,100
DHR,mixed,Healthcare,211.75999450683594,211.75999450683594,2026-07-21,2026-07-21,135.45562130177515,23.67872418835917,3.0821014200327403,1.0557458100535893,85.67436177474403,1.23,0.016545900610486677,0.5799941503363557,0.2196548698449839,2.468542344125548,6.524812667891983,0.5245299024459211,0.8247520075578649,0.3110033788746878,0.17106630394355885,0.16059793461516517,0.1137509607194426,1.873953283384751,1.7475083056478404,0.05806727510907575,1.5574837310195229,27.30909090909091,32.89473684210526,0.0013957930895099,0.0588425476883284,73.88748241912799,,0.027961138382698758,0.11906143057039564,-0.45999999999999996,-0.006239343231596521,0.0,0.0,-0.0018042192599001527,defensive,2026-06-26,2026-06-26,False,False,False,False,False,False,True,False,False,False,False,,0.0027485411918700964,Stacking,0.012859387897601151,0.013325797,-0.003824747091563402,0.016321268102670768,0.017299423698489195,-0.023337960534159676,0.0027485411918700964,0.004909156172992322,113,87
RVTY,mixed,Healthcare,149.05999755859375,149.05999755859375,2026-08-11,2026-08-11,111.20689655172414,14.240173692063788,1.5163676755361115,0.2378099655037261,62.29890874252815,0.47,0.00716858968027426,0.4379682302838136,0.144742091247267,1.4406963803063226,8.124966876888017,0.1781670111470313,0.8899431464769367,0.1376740286919172,0.39989559876053415,0.6663767136761253,0.3063586677176124,1.6824441162640114,1.0367746293329538,0.06153280877023542,2.339645429840832,4.752647471611449,0.3673704684154744,0.0007235625739105,0.0409599249784111,64.04119631847651,,0.43095567380159366,0.6688311414979149,-0.4,-0.00639818493505514,0.0,0.0,0.26374788842711494,defensive,2026-07-05,2026-07-05,False,False,False,False,False,False,True,False,False,False,False,,0.0024674445166838806,Stacking,-0.003863225458152698,-0.045284875,-0.05757907612262675,-0.05431966102571029,-0.001957619543920333,-0.02252687159823762,0.0024674445166838806,-0.025503992015979086,114,114
UNH,mixed,Healthcare,365.20001220703125,365.20001220703125,2026-08-10,2026-08-10,1304.7202702702796,2.6533595371638032,3.1920104133460843,-20.54187414353298,258.51502552881107,6.04,0.16608116293155664,0.1633529125999205,0.003356445700658,0.1758241758241758,30.9021978021978,1.0417582417582418,0.1444043321299639,0.0096434197585663,0.6579277880197723,6.171350696547547,0.2609486481529134,0.7883756756051071,2.147680925732714,0.36171208838751545,2.490560580563736,0.3901437371663244,0.3278432486156467,0.0066644451849383,0.0054213187225506,103.41758241758242,,0.23825996747374378,0.19847733068729068,6.029,0.16597490429804274,0.0,0.0,0.18864063480192111,defensive,2026-06-30,2026-06-30,False,False,False,False,False,False,True,False,False,False,False,,0.00232095176064923,Stacking,0.014567620589348634,-0.108976275,-0.041509145903309716,-0.09020277270534433,-0.02196645749890288,-0.025968209292618092,0.00232095176064923,-0.03757233750209093,115,120
LLY,mixed,Healthcare,1149.8499755859375,1149.8499755859375,2026-08-05,2026-08-05,145.0310391363023,50.02409233671988,36.36950402713398,1.9003496936177005,119.26618852646638,7.94,0.20942176569556362,0.8505235330707028,0.4548673025088119,0.7548980959953319,8.093523177008514,2.8359625034242684,0.2102276251317993,0.0915351425002838,0.7640830043742665,3.2387789711701527,0.044041602666062,1.5791132054047916,0.9571818407343092,0.16146693561423361,0.5361033649377208,71.34390243902439,3.8447098976109215,0.0013942069121517,0.078986746721588,29.54893196228961,,0.12955192744966704,0.5390432267720546,0.5300000000000002,-0.04066302797317581,0.0,0.0,-0.00520887924334662,defensive,2026-06-30,2026-06-30,False,False,False,False,False,False,True,False,False,False,False,,0.0015991750011954305,Stacking,-0.029157715412775564,-0.05979108,-0.04931648446193073,-0.10714554480419769,0.007271174976515532,-0.021864681008048305,0.0015991750011954305,-0.03624184545659706,116,118
MRNA,mixed,Healthcare,188.94000244140625,188.94000244140625,2026-07-31,2026-07-31,-13.976303317535544,17.050265486725664,1.3364254335260115,-0.0111524682203389,-14.864863387978142,-1.97,-0.11566336340777991,0.3333333333333333,-0.34526752748315304,2.326530612244898,14.793367346938776,0.0994897959183673,0.9589905362776026,0.4786109713135379,0.38317671745278714,0.6212098801952374,0.1075252074380108,3.293407146451937,3.684782608695652,0.03138399781041876,1.4258675078864351,0.0,0.0,0.0,-0.048993395475977634,22.066326530612244,,0.43095567380159366,1.0930483982474672,0.1399999999999999,-0.020172033928011215,0.0,0.0,0.15769357423972685,defensive,2026-06-30,2026-06-30,False,False,False,False,False,False,True,False,False,False,False,,0.0011273046051019954,Stacking,-0.017652694436599774,-0.0073675336,-0.045645340100762884,-0.05740968033335086,-0.019508660458053672,-0.02564753391175519,0.0011273046051019954,-0.024451555930236485,117,113
HUM,mixed,Healthcare,379.67999267578125,379.67999267578125,2026-04-29,2026-04-29,-38.748865355521936,0.9479448891280948,1.7456208908648128,0.0190550006538616,-57.75098988321168,9.83,0.06383207750269107,0.1166846071044133,-0.0315239120405966,-6.374358103790715,34.901403535013586,1.678591312874463,1.12227602905569,-0.15505345437888604,0.662698986975398,1.9716899892357374,0.4061652758688715,0.7242582897033158,9.9434250764526,0.7172214182344429,2.9283238172920063,-7.02054794520548,-1.472972972972973,0.00353638589901,-0.0194112146519201,146.72716243279402,,0.43095567380159366,0.6408660386178369,7.28,0.10891334838675967,0.0,0.0,0.27073916414713445,defensive,2026-03-31,2026-03-31,False,False,False,False,False,False,True,False,False,False,False,,0.00015557777906243138,Stacking,0.019422913648900406,-0.050446242,0.06259451645682577,-0.018944129376956022,-0.018573297448529688,-0.03385724733970853,0.00015557777906243138,-0.005575471371169125,118,103
CRL,mixed,Healthcare,286.8299865722656,286.8299865722656,2026-08-05,2026-08-05,-35.494661921708186,10.08153123984764,3.167299355690871,0.0149443992565824,64.86281183090928,-0.03,-0.0005218978770518475,0.3096425665366158,0.1209180599601499,1.190060143042913,4.343506176853056,1.8073390767230169,0.3970309110629067,0.1316772514873049,0.6165067188695916,1.6352863536030675,0.2600749306226612,1.2916447606253598,1.402579649463361,0.06558158399765272,4.6127150537634405,5.056572029442692,2.549816107129385,0.0,-0.048993395475977634,64.30083712613784,,0.43095567380159366,1.0930483982474672,5.59,0.08686746517644886,0.0,0.0,0.15769357423972685,defensive,2026-06-27,2026-06-27,False,False,False,False,False,False,True,False,False,False,False,,-0.0006846672768561091,Stacking,0.001084587632272878,-0.013784512,-0.07489921252313528,-0.054039399120565844,-0.005598879124917578,-0.03393699926465886,-0.0006846672768561091,-0.025597153294368413,119,115
ELV,mixed,Healthcare,381.6700134277344,381.6700134277344,2026-07-15,2026-07-15,141.9230769230769,1.5629483184915671,1.7718424410920195,-0.6633320292504572,102.8328166160081,6.71,0.032595860348015954,0.2348282308480913,0.0116790962269081,-0.9422903516681695,42.79080252479712,1.321009918845807,-2.488095238095238,0.0042090494563311,0.6439203404039925,1.8139607423746185,0.4206451822004813,1.2389637721100366,3.2653101411224155,0.3991996077128711,2.228108171388433,1.5874316939890711,0.7548682703321878,0.0048487504950034,0.0123018536686115,188.93876869410323,,0.2978883035594735,0.012253052453877089,4.24,0.020130612638248856,0.0,0.0,0.2948250404460042,defensive,2026-06-30,2026-06-30,False,False,False,False,False,False,True,False,False,False,False,,-0.0010025804297198737,Stacking,-0.016769397534998856,-0.08377309,-0.05026001021065637,-0.08929990441217653,0.0018355727861792852,-0.03244956945217227,-0.0010025804297198737,-0.037936210582315985,120,122
REGN,mixed,Healthcare,734.8099975585938,734.8099975585938,2026-07-30,2026-07-30,94.01583434835564,20.447808614164718,2.5410524716142677,-0.5633549764681507,65.79500624531602,10.890440000000018,0.04089696449857149,0.8494966918106223,0.2265273022166156,8.960155490767736,83.6268221574344,2.416909620991253,0.7875629964978218,0.267992857796905,0.24009240221803665,0.31594946927603323,0.025003329223692,4.125515062723194,0.6765776593335772,0.03622006393389982,0.6225772097976571,72.12295081967213,82.11475409836065,0.0011671325943079,0.1063880109226171,188.93876869410323,,-0.07081347282078654,0.49713738016461306,4.02,0.013875730786975092,0.0,0.0,-0.1950978178619398,defensive,2026-06-30,2026-06-30,False,False,False,False,False,False,True,False,False,False,False,,-0.0024828468946816364,Stacking,-0.037651600865149716,-0.075511694,-0.033491238225315995,-0.1153178305359951,-0.011193824764141894,-0.03498792602261537,-0.0024828468946816364,-0.04376190575737685,121,123
TMO,mixed,Healthcare,652.510009765625,652.510009765625,2026-07-31,2026-07-31,111.0057471264368,17.836528857961525,4.079487707603873,1.2557194936708864,77.40939346811821,4.68,0.03295430816834032,0.3795333606221858,0.1884568153909128,7.957446808510638,26.888297872340427,1.2367021276595744,0.8654903095169222,0.2275989202712489,0.5148219642387827,1.0636620667702736,0.1820324849499617,1.8899861742050168,1.1560666288093886,0.05171682541926591,2.0924903368304806,6.306849315068493,0.7337646776899114,0.0007435517539559,0.0475645607055468,141.6631299734748,,0.28300367644348,0.6457992023750219,-0.54,-0.00402586297027438,0.0,0.0,0.12155387584972455,defensive,2026-06-27,2026-06-27,False,False,False,False,False,False,True,False,False,False,False,,-0.003394580670942192,Stacking,-0.010112589351802086,-0.08034005,-0.0374770969458813,-0.09998967054543571,0.003355753596732512,-0.04139105442461011,-0.003394580670942192,-0.03771431110870815,122,121
MTD,mixed,Healthcare,1481.1700439453125,1481.1700439453125,2026-07-31,2026-07-31,99.4429386590585,25.15122906528522,-79.28366670979464,0.7704536697626498,81.3371472703252,10.890440000000018,0.8851195766453365,0.580456478731738,0.3039093238679867,9.032232993054668,3.281968266357965,2.0364611130086265,0.8160161358246337,0.1882831044740242,0.9965068930498531,33.869840175201126,0.0797249651614843,1.13734145942463,1.45164813560803,0.2798500876068935,1.777656510193978,19.74562916954221,2.868904979085608,0.0,0.0852532009093532,-1.1597386966815704,,0.11778825886944477,0.29798536884080895,-2.469999999999999,0.8122082314004521,0.0,0.0,0.043291916659242535,defensive,2026-06-30,2026-06-30,False,False,False,False,False,False,True,False,False,False,False,,-0.017741709647145977,Stacking,0.03302502513265478,0.056331083,0.03671320020332524,0.030430838887219414,0.0391437786345715,-0.09480057999949042,-0.017741709647145977,0.010748758541293571,123,72
